[{"battles_from": [1], "battles_to": ["http://dbpedia.org/resource/First_Battle_of_Bull_Run"], "relation": "eq"}, {"battles_from": [2], "battles_to": ["http://dbpedia.org/resource/Battle_of_Wilson's_Creek"], "relation": "eq"}, {"battles_from": [3], "battles_to": ["http://dbpedia.org/resource/First_Battle_of_Lexington"], "relation": "eq"}, {"battles_from": [4], "battles_to": ["http://dbpedia.org/resource/Battle_of_Fort_Donelson"], "relation": "eq"}, {"battles_from": [5], "battles_to": ["http://dbpedia.org/resource/Battle_of_Pea_Ridge"], "relation": "eq"}, {"battles_from": [6], "battles_to": ["http://dbpedia.org/resource/Battle_of_Shiloh"], "relation": "eq"}, {"battles_from": [7], "battles_to": ["http://dbpedia.org/resource/Battle_of_Williamsburg"], "relation": "eq"}, {"battles_from": [8], "battles_to": ["http://dbpedia.org/resource/Battle_of_Seven_Pines"], "relation": "eq"}, {"battles_from": [9], "battles_to": ["http://dbpedia.org/resource/Battle_of_Glendale", "http://dbpedia.org/resource/Battle_of_Beaver_Dam_Creek", "http://dbpedia.org/resource/Battle_of_Gaines's_Mill", "http://dbpedia.org/resource/Battle_of_Garnett's_&_Golding's_Farm", "http://dbpedia.org/resource/Battle_of_White_Oak_Swamp", "http://dbpedia.org/resource/Battle_of_Malvern_Hill", "http://dbpedia.org/resource/Battle_of_Oak_Grove", "http://dbpedia.org/resource/Battle_of_Savage's_Station"], "relation": "gt"}, {"battles_from": [10], "battles_to": ["http://dbpedia.org/resource/Battle_of_Cedar_Mountain"], "relation": "eq"}, {"battles_from": [11], "battles_to": ["http://dbpedia.org/resource/Second_Battle_of_Bull_Run"], "relation": "eq"}, {"battles_from": [12], "battles_to": ["http://dbpedia.org/resource/Battle_of_Richmond"], "relation": "eq"}, {"battles_from": [13], "battles_to": ["http://dbpedia.org/resource/Battle_of_South_Mountain"], "relation": "eq"}, {"battles_from": [14], "battles_to": ["http://dbpedia.org/resource/Battle_of_Harpers_Ferry"], "relation": "eq"}, {"battles_from": [15], "battles_to": ["http://dbpedia.org/resource/Battle_of_Antietam"], "relation": "eq"}, {"battles_from": [16], "battles_to": ["http://dbpedia.org/resource/Second_Battle_of_Corinth"], "relation": "eq"}, {"battles_from": [17], "battles_to": ["http://dbpedia.org/resource/Battle_of_Perryville"], "relation": "eq"}, {"battles_from": [18], "battles_to": ["http://dbpedia.org/resource/Battle_of_Prairie_Grove"], "relation": "eq"}, {"battles_from": [19], "battles_to": ["http://dbpedia.org/resource/Battle_of_Fredericksburg"], "relation": "eq"}, {"battles_from": [20], "battles_to": ["http://dbpedia.org/resource/Battle_of_Stones_River"], "relation": "eq"}, {"battles_from": [21], "battles_to": ["http://dbpedia.org/resource/Battle_of_Chickasaw_Bayou"], "relation": "eq"}, {"battles_from": [22], "battles_to": ["http://dbpedia.org/resource/Battle_of_Fort_Hindman"], "relation": "eq"}, {"battles_from": [23], "battles_to": ["http://dbpedia.org/resource/Battle_of_Chancellorsville"], "relation": "eq"}, {"battles_from": [24], "battles_to": ["http://dbpedia.org/resource/Battle_of_Champion_Hill"], "relation": "eq"}, {"battles_from": [25], "battles_to": ["http://dbpedia.org/resource/Second_Battle_of_Winchester"], "relation": "eq"}, {"battles_from": [26], "battles_to": ["http://dbpedia.org/resource/Battle_of_Gettysburg"], "relation": "eq"}, {"battles_from": [27], "battles_to": ["http://dbpedia.org/resource/Siege_of_Vicksburg"], "relation": "eq"}, {"battles_from": [28], "battles_to": ["http://dbpedia.org/resource/Battle_of_Chickamauga"], "relation": "eq"}, {"battles_from": [29], "battles_to": ["http://dbpedia.org/resource/Battle_of_Lookout_Mountain", "http://dbpedia.org/resource/Battle_of_Missionary_Ridge"], "relation": "gt"}, {"battles_from": [30], "battles_to": ["http://dbpedia.org/resource/Battle_of_the_Wilderness"], "relation": "eq"}, {"battles_from": [31], "battles_to": ["http://dbpedia.org/resource/Battle_of_Spotsylvania_Court_House"], "relation": "eq"}, {"battles_from": [32], "battles_to": ["http://dbpedia.org/resource/Battle_of_Resaca"], "relation": "eq"}, {"battles_from": [33], "battles_to": ["http://dbpedia.org/resource/Battle_of_Proctor's_Creek"], "relation": "eq"}, {"battles_from": [34], "battles_to": ["http://dbpedia.org/resource/Battle_of_North_Anna"], "relation": "eq"}, {"battles_from": [35], "battles_to": ["http://dbpedia.org/resource/Battle_of_Dallas"], "relation": "eq"}, {"battles_from": [36], "battles_to": ["http://dbpedia.org/resource/Battle_of_Cold_Harbor"], "relation": "eq"}, {"battles_from": [37], "battles_to": ["http://dbpedia.org/resource/Battle_of_Kennesaw_Mountain"], "relation": "eq"}, {"battles_from": [38], "battles_to": ["http://dbpedia.org/resource/Battle_of_Peachtree_Creek"], "relation": "eq"}, {"battles_from": [39], "battles_to": ["http://dbpedia.org/resource/Battle_of_Atlanta"], "relation": "eq"}, {"battles_from": [40], "battles_to": ["http://dbpedia.org/resource/Battle_of_Ezra_Church"], "relation": "eq"}, {"battles_from": [41], "battles_to": ["http://dbpedia.org/resource/Battle_of_Opequon"], "relation": "eq"}, {"battles_from": [42], "battles_to": ["http://dbpedia.org/resource/Battle_of_Cedar_Creek"], "relation": "eq"}, {"battles_from": [43], "battles_to": ["http://dbpedia.org/resource/Battle_of_Franklin_(1864)"], "relation": "eq"}, {"battles_from": [44], "battles_to": ["http://dbpedia.org/resource/Battle_of_Nashville"], "relation": "eq"}, {"battles_from": [45], "battles_to": ["http://dbpedia.org/resource/First_Battle_of_Charleston_Harbor", "http://dbpedia.org/resource/First_Battle_of_Fort_Wagner", "http://dbpedia.org/resource/Battle_of_Grimball's_Landing", "http://dbpedia.org/resource/Second_Battle_of_Fort_Wagner", "http://dbpedia.org/resource/Second_Battle_of_Fort_Sumter", "http://dbpedia.org/resource/Second_Battle_of_Charleston_Harbor"], "relation": "gt"}, {"battles_from": [46], "battles_to": ["http://dbpedia.org/resource/Battle_of_Bentonville"], "relation": "eq"}, {"battles_from": [47], "battles_to": ["http://dbpedia.org/resource/First_Battle_of_Petersburg", "http://dbpedia.org/resource/Second_Battle_of_Petersburg", "http://dbpedia.org/resource/Battle_of_Jerusalem_Plank_Road", "http://dbpedia.org/resource/Battle_of_Staunton_River_Bridge", "http://dbpedia.org/resource/Battle_of_Sappony_Church", "http://dbpedia.org/resource/First_Battle_of_Ream's_Station", "http://dbpedia.org/resource/First_Battle_of_Deep_Bottom", "http://dbpedia.org/resource/Battle_of_the_Crater", "http://dbpedia.org/resource/Second_Battle_of_Deep_Bottom", "http://dbpedia.org/resource/Battle_of_Globe_Tavern", "http://dbpedia.org/resource/Second_Battle_of_Ream's_Station", "http://dbpedia.org/resource/Beefsteak_Raid", "http://dbpedia.org/resource/Battle_of_Chaffin's_Farm", "http://dbpedia.org/resource/Battle_of_Peebles'_Farm", "http://dbpedia.org/resource/Battle_of_Darbytown_and_New_Market_Roads", "http://dbpedia.org/resource/Battle_of_Darbytown_Road", "http://dbpedia.org/resource/Battle_of_Fair_Oaks_&_Darbytown_Road", "http://dbpedia.org/resource/Battle_of_Boydton_Plank_Road", "http://dbpedia.org/resource/Battle_of_Lewis's_Farm", "http://dbpedia.org/resource/Battle_of_White_Oak_Road", "http://dbpedia.org/resource/Battle_of_Dinwiddie_Court_House", "http://dbpedia.org/resource/Battle_of_Sutherland's_Station", "http://dbpedia.org/resource/Battle_of_Hatcher's_Run", "http://dbpedia.org/resource/Battle_of_Fort_Stedman", "http://dbpedia.org/resource/Battle_of_Five_Forks", "http://dbpedia.org/resource/Third_Battle_of_Petersburg"], "relation": "neq"}, {"battles_from": [48], "battles_to": ["http://dbpedia.org/resource/Battle_of_Fort_Blakely"], "relation": "eq"}, {"battles_from": [49], "battles_to": ["http://dbpedia.org/resource/Battle_of_Appomattox_Court_House"], "relation": "eq"}]