[{"battles_from": ["171"], "battles_to": ["VA005"], "relation": "eq"}, {"battles_from": ["172"], "battles_to": ["MO004"], "relation": "eq"}, {"battles_from": ["173"], "battles_to": ["MO009"], "relation": "eq"}, {"battles_from": ["174"], "battles_to": ["KY006"], "relation": "eq"}, {"battles_from": ["175"], "battles_to": ["TN002"], "relation": "eq"}, {"battles_from": ["176"], "battles_to": ["AR001"], "relation": "eq"}, {"battles_from": ["177"], "battles_to": ["VA101"], "relation": "eq"}, {"battles_from": ["178"], "battles_to": ["TN003"], "relation": "eq"}, {"battles_from": ["179"], "battles_to": ["VA103"], "relation": "eq"}, {"battles_from": ["180"], "battles_to": ["VA104"], "relation": "eq"}, {"battles_from": ["181"], "battles_to": ["VA105"], "relation": "eq"}, {"battles_from": ["182"], "battles_to": ["VA106"], "relation": "eq"}, {"battles_from": ["183"], "battles_to": ["VA014"], "relation": "eq"}, {"battles_from": ["184"], "battles_to": ["VA016"], "relation": "eq"}, {"battles_from": ["185"], "battles_to": ["VA017"], "relation": "eq"}, {"battles_from": ["186"], "battles_to": ["VA020"], "relation": "eq"}, {"battles_from": ["187"], "battles_to": ["VA021"], "relation": "eq"}, {"battles_from": ["188"], "battles_to": ["VA022"], "relation": "eq"}, {"battles_from": ["189"], "battles_to": ["VA026"], "relation": "eq"}, {"battles_from": ["190"], "battles_to": ["MD002"], "relation": "eq"}, {"battles_from": ["191"], "battles_to": ["MD003"], "relation": "eq"}, {"battles_from": ["192"], "battles_to": ["MS002"], "relation": "eq"}, {"battles_from": ["193"], "battles_to": ["KY009"], "relation": "eq"}, {"battles_from": ["194"], "battles_to": ["VA028"], "relation": "eq"}, {"battles_from": ["195"], "battles_to": ["TN010"], "relation": "eq"}, {"battles_from": ["196"], "battles_to": ["VA032"], "relation": "eq"}, {"battles_from": ["197"], "battles_to": ["MS009"], "relation": "eq"}, {"battles_from": ["198"], "battles_to": ["VA035"], "relation": "eq"}, {"battles_from": ["199"], "battles_to": ["PA002"], "relation": "eq"}, {"battles_from": ["200"], "battles_to": ["GA004"], "relation": "eq"}, {"battles_from": ["201"], "battles_to": ["TN024"], "relation": "eq"}, {"battles_from": ["202"], "battles_to": ["VA046"], "relation": "eq"}, {"battles_from": ["203"], "battles_to": ["VA048"], "relation": "eq"}, {"battles_from": ["204"], "battles_to": ["VA110"], "relation": "eq"}, {"battles_from": ["205"], "battles_to": ["VA062"], "relation": "eq"}, {"battles_from": ["206"], "battles_to": ["GA015"], "relation": "eq"}, {"battles_from": ["207"], "battles_to": ["GA016"], "relation": "eq"}, {"battles_from": ["208"], "battles_to": ["GA017"], "relation": "eq"}, {"battles_from": ["209"], "battles_to": ["VA063"], "relation": "eq"}, {"battles_from": ["210"], "battles_to": ["VA072"], "relation": "eq"}, {"battles_from": ["211"], "battles_to": ["VA119"], "relation": "eq"}, {"battles_from": ["212"], "battles_to": ["VA122"], "relation": "eq"}, {"battles_from": ["213"], "battles_to": ["TN036"], "relation": "eq"}, {"battles_from": ["214"], "battles_to": ["TN038"], "relation": "eq"}, {"battles_from": ["215"], "battles_to": ["NC020"], "relation": "eq"}, {"battles_from": ["216"], "battles_to": ["VA086"], "relation": "eq"}, {"battles_from": ["217"], "battles_to": ["VA088"], "relation": "eq"}, {"battles_from": ["218"], "battles_to": ["AL007"], "relation": "eq"}, {"battles_from": ["219"], "battles_to": ["VA093"], "relation": "eq"}]