[{"relation": "eq", "battles_from": ["Rich Mountain/Laurel Mountain"], "battles_to": ["https://dbpedia.org/resource/Battle_of_Rich_Mountain"]}, {"relation": "eq", "battles_from": ["First Bull Run (Manassas)"], "battles_to": ["https://dbpedia.org/resource/First_Battle_of_Bull_Run"]}, {"relation": "eq", "battles_from": ["Ball's Bluff"], "battles_to": ["https://dbpedia.org/resource/Battle_of_Ball%27s_Bluff"]}, {"relation": "eq", "battles_from": ["Wilson's Creek"], "battles_to": ["https://dbpedia.org/resource/Battle_of_Wilson%27s_Creek"]}, {"relation": "eq", "battles_from": ["Belmont"], "battles_to": ["https://dbpedia.org/resource/Battle_of_Belmont"]}, {"relation": "eq", "battles_from": ["Roanoake Island"], "battles_to": ["https://dbpedia.org/resource/Battle_of_Roanoke_Island"]}, {"relation": "eq", "battles_from": ["New Bern"], "battles_to": ["https://dbpedia.org/resource/Battle_of_Roanoke_Island"]}, {"relation": "eq", "battles_from": ["Hampton Roads (first day)", "Hampton Roads (second day)"], "battles_to": ["https://dbpedia.org/resource/Battle_of_Hampton_Roads"]}, {"relation": "eq", "battles_from": ["Secessionville"], "battles_to": ["https://dbpedia.org/resource/Battle_of_James_Island"]}, {"relation": "eq", "battles_from": ["Kernstown (first)"], "battles_to": ["https://dbpedia.org/resource/First_Battle_of_Kernstown"]}, {"relation": "eq", "battles_from": ["McDowell"], "battles_to": ["https://dbpedia.org/resource/Battle_of_McDowell"]}, {"relation": "eq", "battles_from": ["Front Royal"], "battles_to": ["https://dbpedia.org/resource/Battle_of_Front_Royal"]}, {"relation": "eq", "battles_from": ["Winchester (first)"], "battles_to": ["https://dbpedia.org/resource/First_Battle_of_Winchester"]}, {"relation": "eq", "battles_from": ["Cross Keys"], "battles_to": ["https://dbpedia.org/resource/Battle_of_Cross_Keys"]}, {"relation": "eq", "battles_from": ["Port Republic"], "battles_to": ["https://dbpedia.org/resource/Battle_of_Port_Republic"]}, {"relation": "eq", "battles_from": ["Williamsburg (Fort Magruder)"], "battles_to": ["https://dbpedia.org/resource/Battle_of_Williamsburg"]}, {"relation": "eq", "battles_from": ["Hanover Court House"], "battles_to": ["https://dbpedia.org/resource/Battle_of_Hanover_Court_House"]}, {"relation": "eq", "battles_from": ["Fair Oaks (Seven Pines)"], "battles_to": ["https://dbpedia.org/resource/Battle_of_Seven_Pines"]}, {"relation": "eq", "battles_from": ["Seven Days Battles"], "battles_to": ["https://dbpedia.org/resource/Seven_Days_Battles"]}, {"relation": "eq", "battles_from": ["The Orchard (Seven Days)"], "battles_to": ["https://dbpedia.org/resource/Seven_Days_Battles"]}, {"relation": "eq", "battles_from": ["Mechanicsville (Seven Days)"], "battles_to": ["https://dbpedia.org/resource/Battle_of_Beaver_Dam_Creek"]}, {"relation": "eq", "battles_from": ["Gaines's Mill (Seven Days)"], "battles_to": ["https://dbpedia.org/resource/Battle_of_Gaines%27s_Mill"]}, {"relation": "eq", "battles_from": ["Savage's Station (Seven Days)"], "battles_to": ["https://dbpedia.org/resource/Battle_of_Savage%27s_Station"]}, {"relation": "eq", "battles_from": ["White Oak Swamp (Seven Days)"], "battles_to": ["https://dbpedia.org/resource/Battle_of_White_Oak_Swamp"]}, {"relation": "eq", "battles_from": ["Malvern Hill (Seven Days)"], "battles_to": ["https://dbpedia.org/resource/Battle_of_Malvern_Hill"]}, {"relation": "eq", "battles_from": ["Cedar Mountain"], "battles_to": ["https://dbpedia.org/resource/Battle_of_Cedar_Mountain"]}, {"relation": "eq", "battles_from": ["Groveton", "Second Bull Run/Chantilly (Second Manassas)"], "battles_to": ["https://dbpedia.org/resource/Second_Battle_of_Bull_Run", "https://dbpedia.org/resource/Battle_of_Chantilly"]}, {"relation": "eq", "battles_from": ["South Mountain"], "battles_to": ["https://dbpedia.org/resource/Battle_of_South_Mountain"]}, {"relation": "eq", "battles_from": ["Antietam (Sharpsburg)"], "battles_to": ["https://dbpedia.org/resource/Battle_of_Antietam"]}, {"relation": "eq", "battles_from": ["Fredericksburg"], "battles_to": ["https://dbpedia.org/resource/Battle_of_Fredericksburg"]}, {"relation": "eq", "battles_from": ["Valverde"], "battles_to": ["https://dbpedia.org/resource/Battle_of_Valverde"]}, {"relation": "eq", "battles_from": ["Apache Canyon/Glorieta Pass"], "battles_to": ["https://dbpedia.org/resource/Battle_of_Glorieta_Pass"]}, {"relation": "eq", "battles_from": ["Pea Ridge"], "battles_to": ["https://dbpedia.org/resource/Battle_of_Pea_Ridge"]}, {"relation": "eq", "battles_from": ["Prairie Grove"], "battles_to": ["https://dbpedia.org/resource/Battle_of_Prairie_Grove"]}, {"relation": "eq", "battles_from": ["Mill Springs (Logan's Crossroads)"], "battles_to": ["https://dbpedia.org/resource/Battle_of_Mill_Springs"]}, {"relation": "eq", "battles_from": ["Fort Donelson"], "battles_to": ["https://dbpedia.org/resource/Battle_of_Fort_Donelson"]}, {"relation": "eq", "battles_from": ["Shiloh (Pittsburg Landing)"], "battles_to": ["https://dbpedia.org/resource/Battle_of_Shiloh"]}, {"relation": "eq", "battles_from": ["New Orleans"], "battles_to": ["https://dbpedia.org/resource/Battle_of_Forts_Jackson_and_St._Philip"]}, {"relation": "eq", "battles_from": ["Baton Rouge"], "battles_to": ["https://dbpedia.org/resource/Battle_of_Baton_Rouge_(1862)"]}, {"relation": "eq", "battles_from": ["Iuka"], "battles_to": ["https://dbpedia.org/resource/Battle_of_Iuka"]}, {"relation": "eq", "battles_from": ["Corinth"], "battles_to": ["https://dbpedia.org/resource/Second_Battle_of_Corinth"]}, {"relation": "eq", "battles_from": ["Chickasaw Bluffs"], "battles_to": ["https://dbpedia.org/resource/Battle_of_Chickasaw_Bayou"]}, {"relation": "eq", "battles_from": ["Richmond (Kentucky)"], "battles_to": ["https://dbpedia.org/resource/Battle_of_Richmond"]}, {"relation": "eq", "battles_from": ["Perryville"], "battles_to": ["https://dbpedia.org/resource/Battle_of_Perryville"]}, {"relation": "eq", "battles_from": ["Hartsville"], "battles_to": ["https://dbpedia.org/resource/Battle_of_Hartsville"]}, {"relation": "eq", "battles_from": ["Stones River (Murfreesboro)"], "battles_to": ["https://dbpedia.org/resource/Battle_of_Stones_River"]}, {"relation": "eq", "battles_from": ["Chancellorsville"], "battles_to": ["https://dbpedia.org/resource/Battle_of_Chancellorsville"]}, {"relation": "eq", "battles_from": ["Brandy Station"], "battles_to": ["https://dbpedia.org/resource/Battle_of_Brandy_Station"]}, {"relation": "eq", "battles_from": ["Winchester (second)"], "battles_to": ["https://dbpedia.org/resource/Second_Battle_of_Winchester"]}, {"relation": "eq", "battles_from": ["Gettsyburg"], "battles_to": ["https://dbpedia.org/resource/Battle_of_Gettysburg"]}, {"relation": "eq", "battles_from": ["Bristoe Station"], "battles_to": ["https://dbpedia.org/resource/Battle_of_Bristoe_Station"]}, {"relation": "eq", "battles_from": ["Buckland"], "battles_to": ["https://dbpedia.org/resource/Battle_of_Buckland_Mills"]}, {"relation": "eq", "battles_from": ["Rappahannock Station"], "battles_to": ["https://dbpedia.org/resource/Second_Battle_of_Rappahannock_Station"]}, {"relation": "eq", "battles_from": ["Mine Run"], "battles_to": ["https://dbpedia.org/resource/Battle_of_Mine_Run"]}, {"relation": "eq", "battles_from": ["Galveston"], "battles_to": ["https://dbpedia.org/resource/Battle_of_Galveston"]}, {"relation": "eq", "battles_from": ["Honey Springs"], "battles_to": ["https://dbpedia.org/resource/Battle_of_Honey_Springs"]}, {"relation": "eq", "battles_from": ["Fort Hindman (Arkansas Post)"], "battles_to": ["https://dbpedia.org/resource/Battle_of_Arkansas_Post"]}, {"relation": "eq", "battles_from": ["Port Hudson (siege)"], "battles_to": ["https://dbpedia.org/resource/Siege_of_Port_Hudson"]}, {"relation": "lt", "battles_from": ["Port Hudson (first assault)"], "battles_to": ["https://dbpedia.org/resource/Siege_of_Port_Hudson"]}, {"relation": "lt", "battles_from": ["Port Hudson (second assault)"], "battles_to": ["https://dbpedia.org/resource/Siege_of_Port_Hudson"]}, {"relation": "eq", "battles_from": ["Donaldsville (first)"], "battles_to": ["https://dbpedia.org/resource/Second_Battle_of_Donaldsonville"]}, {"relation": "eq", "battles_from": ["Donaldsville (second)"], "battles_to": ["https://dbpedia.org/resource/Battle_of_Kock%27s_Plantation"]}, {"relation": "eq", "battles_from": ["Port Gibson"], "battles_to": ["https://dbpedia.org/resource/Battle_of_Port_Gibson"]}, {"relation": "eq", "battles_from": ["Raymond"], "battles_to": ["https://dbpedia.org/resource/Battle_of_Raymond"]}, {"relation": "eq", "battles_from": ["Jackson"], "battles_to": ["https://dbpedia.org/resource/Battle_of_Jackson,_Mississippi"]}, {"relation": "eq", "battles_from": ["Champion's Hill"], "battles_to": ["https://dbpedia.org/resource/Battle_of_Champion_Hill"]}, {"relation": "eq", "battles_from": ["Big Black River"], "battles_to": ["https://dbpedia.org/resource/Battle_of_Big_Black_River_Bridge"]}, {"relation": "eq", "battles_from": ["Vicksburg (siege)"], "battles_to": ["https://dbpedia.org/resource/Siege_of_Vicksburg"]}, {"relation": "lt", "battles_from": ["Vicksburg (first assault)"], "battles_to": ["https://dbpedia.org/resource/Siege_of_Vicksburg"]}, {"relation": "lt", "battles_from": ["Vicksburg (second assault)"], "battles_to": ["https://dbpedia.org/resource/Siege_of_Vicksburg"]}, {"relation": "eq", "battles_from": ["Helena"], "battles_to": ["https://dbpedia.org/resource/Battle_of_Helena"]}, {"relation": "eq", "battles_from": ["Jackson (siege)"], "battles_to": ["http://dbpedia.org/resource/Jackson_Expedition"]}, {"relation": "eq", "battles_from": ["Chickamagua"], "battles_to": ["https://dbpedia.org/resource/Battle_of_Chickamagua"]}, {"relation": "eq", "battles_from": ["Chattanooga"], "battles_to": ["https://dbpedia.org/resource/Chattanooga_Campaign"]}, {"relation": "lt", "battles_from": ["Chattanooga (Orchard Knob/Indian Hill)"], "battles_to": ["https://dbpedia.org/resource/Chattanooga_Campaign"]}, {"relation": "eq", "battles_from": ["Chattanooga (Lookout Mountain)"], "battles_to": ["https://dbpedia.org/resource/Battle_of_Lookout_Mountain"]}, {"relation": "eq", "battles_from": ["Chattanooga (Tunnel Hill)", "Chattanooga (Missionary Ridge)"], "battles_to": ["https://dbpedia.org/resource/Battle_of_Missionary_Ridge"]}, {"relation": "eq", "battles_from": ["Ringgold Gap"], "battles_to": ["https://dbpedia.org/resource/Battle_of_Ringgold_Gap"]}, {"relation": "lt", "battles_from": ["Knoxville (siege)"], "battles_to": ["http://dbpedia.org/resource/Knoxville_Campaign"]}, {"relation": "eq", "battles_from": ["Knoxville (attack on Fort Sanders)"], "battles_to": ["https://dbpedia.org/resource/Battle_of_Fort_Sanders"]}, {"relation": "eq", "battles_from": ["Pocataligo"], "battles_to": ["https://dbpedia.org/resource/Battle_of_Pocotaligo"]}, {"relation": "eq", "battles_from": ["Batteries Wagner and Gregg"], "battles_to": ["https://dbpedia.org/resource/First_Battle_of_Fort_Wagner"]}, {"relation": "eq", "battles_from": ["Battery Wagner"], "battles_to": ["https://dbpedia.org/resource/Second_Battle_of_Fort_Wagner"]}, {"relation": "eq", "battles_from": ["Olustee"], "battles_to": ["https://dbpedia.org/resource/Battle_of_Olustee"]}, {"relation": "eq", "battles_from": ["Wilderness"], "battles_to": ["https://dbpedia.org/resource/Battle_of_the_Wilderness"]}, {"relation": "eq", "battles_from": ["Spotsylvania Court House"], "battles_to": ["https://dbpedia.org/resource/Battle_of_Spotsylvania_Court_House"]}, {"relation": "eq", "battles_from": ["Yellow Tavern"], "battles_to": ["https://dbpedia.org/resource/Battle_of_Yellow_Tavern"]}, {"relation": "eq", "battles_from": ["North Anna River"], "battles_to": ["https://dbpedia.org/resource/Battle_of_North_Anna"]}, {"relation": "eq", "battles_from": ["Totopotomy Creek"], "battles_to": ["https://dbpedia.org/resource/Battle_of_Totopotomoy_Creek"]}, {"relation": "lt", "battles_from": ["Cold Harbor (assault)"], "battles_to": ["https://dbpedia.org/resource/Battle_of_Cold_Harbor"]}, {"relation": "eq", "battles_from": ["Cold Harbor"], "battles_to": ["https://dbpedia.org/resource/Battle_of_Cold_Harbor"]}, {"relation": "eq", "battles_from": ["Trevilian Station"], "battles_to": ["https://dbpedia.org/resource/Battle_of_Trevilian_Station"]}, {"relation": "eq", "battles_from": ["Cloyd's Mountain"], "battles_to": ["https://dbpedia.org/resource/Battle_of_Cloyd%27s_Mountain"]}, {"relation": "eq", "battles_from": ["New Market"], "battles_to": ["https://dbpedia.org/resource/Battle_of_New_Market"]}, {"relation": "eq", "battles_from": ["Piedmont"], "battles_to": ["https://dbpedia.org/resource/Battle_of_Piedmont"]}, {"relation": "eq", "battles_from": ["Drewry's Bluff"], "battles_to": ["https://dbpedia.org/resource/Battle_of_Drewry%27s_Bluff"]}, {"relation": "eq", "battles_from": ["Petersburg (first assault)"], "battles_to": ["https://dbpedia.org/resource/Second_Battle_of_Petersburg"]}, {"relation": "eq", "battles_from": ["Monocacy River"], "battles_to": ["https://dbpedia.org/resource/Battle_of_Monocacy"]}, {"relation": "eq", "battles_from": ["Kernstown (second)"], "battles_to": ["https://dbpedia.org/resource/Second_Battle_of_Kernstown"]}, {"relation": "eq", "battles_from": ["Opequon (Third Winchester)"], "battles_to": ["https://dbpedia.org/resource/Battle_of_Opequon"]}, {"relation": "eq", "battles_from": ["Fisher's Hill"], "battles_to": ["https://dbpedia.org/resource/Battle_of_Fisher%27s_Hill"]}, {"relation": "eq", "battles_from": ["Cedar Creek"], "battles_to": ["https://dbpedia.org/resource/Battle_of_Cedar_Creek"]}, {"relation": "eq", "battles_from": ["Petersburg (Battle of the Crater)"], "battles_to": ["https://dbpedia.org/resource/Battle_of_the_Crater"]}, {"relation": "eq", "battles_from": ["Globe Tavern"], "battles_to": ["https://dbpedia.org/resource/Battle_of_Globe_Tavern"]}, {"relation": "eq", "battles_from": ["Reams Station"], "battles_to": ["https://dbpedia.org/resource/Second_Battle_of_Ream%27s_Station"]}, {"relation": "eq", "battles_from": ["Fort Harrison (Chaffin's Bluff)"], "battles_to": ["https://dbpedia.org/resource/Battle_of_Chaffin%27s_Farm"]}, {"relation": "eq", "battles_from": ["Peebles Farm"], "battles_to": ["https://dbpedia.org/resource/Battle_of_Peebles%27s_Farm"]}, {"relation": "eq", "battles_from": ["Hatcher's Run (first)"], "battles_to": ["https://dbpedia.org/resource/Battle_of_Boydton_Plank_Road"]}, {"relation": "eq", "battles_from": ["Fair Oaks"], "battles_to": ["https://dbpedia.org/resource/Battle_of_Fair_Oaks_%26_Darbytown_Road"]}, {"relation": "eq", "battles_from": ["Sabine Crossroads"], "battles_to": ["https://dbpedia.org/resource/Battle_of_Mansfield"]}, {"relation": "eq", "battles_from": ["Pleasant Hill"], "battles_to": ["https://dbpedia.org/resource/Battle_of_Pleasant_Hill"]}, {"relation": "eq", "battles_from": ["Yellow Bayou"], "battles_to": ["https://dbpedia.org/resource/Battle_of_Yellow_Bayou"]}, {"relation": "eq", "battles_from": ["Jenkins Ferry"], "battles_to": ["https://dbpedia.org/resource/Battle_of_Jenkins%27_Ferry"]}, {"relation": "eq", "battles_from": ["Fort Davidson (Pilot Knob)"], "battles_to": ["https://dbpedia.org/resource/Battle_of_Fort_Davidson"]}, {"relation": "eq", "battles_from": ["Westport"], "battles_to": ["https://dbpedia.org/resource/Battle_of_Westport"]}, {"relation": "eq", "battles_from": ["Mine Creek"], "battles_to": ["https://dbpedia.org/resource/Battle_of_Mine_Creek"]}, {"relation": "eq", "battles_from": ["Fort Pillow"], "battles_to": ["https://dbpedia.org/resource/Battle_of_Fort_Pillow"]}, {"relation": "eq", "battles_from": ["Brice's Crossroads"], "battles_to": ["https://dbpedia.org/resource/Battle_of_Brice%27s_Crossroads"]}, {"relation": "eq", "battles_from": ["Tupelo"], "battles_to": ["https://dbpedia.org/resource/Battle_of_Tupelo"]}, {"relation": "eq", "battles_from": ["Selma"], "battles_to": ["https://dbpedia.org/resource/Battle_of_Selma"]}, {"relation": "eq", "battles_from": ["New Hope Church"], "battles_to": ["https://dbpedia.org/resource/Battle_of_New_Hope_Church"]}, {"relation": "eq", "battles_from": ["Kennesaw Mountain"], "battles_to": ["https://dbpedia.org/resource/Battle_of_Kennesaw_Mountain"]}, {"relation": "eq", "battles_from": ["Peachtree Creek"], "battles_to": ["https://dbpedia.org/resource/Battle_of_Peachtree_Creek"]}, {"relation": "eq", "battles_from": ["Atlanta"], "battles_to": ["https://dbpedia.org/resource/Battle_of_Atlanta"]}, {"relation": "eq", "battles_from": ["Ezra Church"], "battles_to": ["https://dbpedia.org/resource/Battle_of_Ezra_Church"]}, {"relation": "eq", "battles_from": ["Jonesboro"], "battles_to": ["https://dbpedia.org/resource/Battle_of_Jonesborough"]}, {"relation": "eq", "battles_from": ["Allatoona"], "battles_to": ["https://dbpedia.org/resource/Battle_of_Allatoona"]}, {"relation": "eq", "battles_from": ["Franklin"], "battles_to": ["https://dbpedia.org/resource/Battle_of_Franklin_(1864)"]}, {"relation": "eq", "battles_from": ["Nashville"], "battles_to": ["https://dbpedia.org/resource/Battle_of_Nashville"]}, {"relation": "eq", "battles_from": ["Griswoldville"], "battles_to": ["https://dbpedia.org/resource/Griswoldville"]}, {"relation": "eq", "battles_from": ["Mobile Bay"], "battles_to": ["https://dbpedia.org/resource/Battle_of_Mobile_Bay"]}, {"relation": "eq", "battles_from": ["Fort Fisher"], "battles_to": ["https://dbpedia.org/resource/Second_Battle_of_Fort_Fisher"]}, {"relation": "eq", "battles_from": ["Hatcher's Run (second)"], "battles_to": ["https://dbpedia.org/resource/Battle_of_Hatcher%27s_Run"]}, {"relation": "eq", "battles_from": ["Fort Stedman"], "battles_to": ["https://dbpedia.org/resource/Battle_of_Fort_Stedman"]}, {"relation": "eq", "battles_from": ["Five Forks"], "battles_to": ["https://dbpedia.org/resource/Battle_of_Five_Forks"]}, {"relation": "eq", "battles_from": ["Petersburg (second assault)", "Fort Gregg"], "battles_to": ["https://dbpedia.org/resource/Third_Battle_of_Petersburg"]}, {"relation": "eq", "battles_from": ["Sayler's Creek"], "battles_to": ["https://dbpedia.org/resource/Battle_of_Sailor%27s_Creek"]}, {"relation": "eq", "battles_from": ["Kinston"], "battles_to": ["https://dbpedia.org/resource/Battle_of_Kinston"]}, {"relation": "eq", "battles_from": ["Averasboro"], "battles_to": ["https://dbpedia.org/resource/Battle_of_Averasboro"]}, {"relation": "eq", "battles_from": ["Bentonville"], "battles_to": ["https://dbpedia.org/resource/Battle_of_Bentonville"]}]