[{"relation": "eq", "battles_from": ["Rich Mountain/Laurel Mountain"], "battles_to": ["WV003"]}, {"relation": "eq", "battles_from": ["First Bull Run (Manassas)"], "battles_to": ["VA005"]}, {"relation": "eq", "battles_from": ["Ball's Bluff"], "battles_to": ["VA006"]}, {"relation": "eq", "battles_from": ["Wilson's Creek"], "battles_to": ["MO004"]}, {"relation": "eq", "battles_from": ["Belmont"], "battles_to": ["MO009"]}, {"relation": "eq", "battles_from": ["Roanoake Island"], "battles_to": ["NC002"]}, {"relation": "eq", "battles_from": ["New Bern"], "battles_to": ["NC003"]}, {"relation": "<", "battles_from": ["Hampton Roads (first day)"], "battles_to": ["VA008"]}, {"relation": "<", "battles_from": ["Hampton Roads (second day)"], "battles_to": ["VA008"]}, {"relation": "eq", "battles_from": ["Secessionville"], "battles_to": ["SC002"]}, {"relation": "eq", "battles_from": ["Kernstown (first)"], "battles_to": ["VA101"]}, {"relation": "eq", "battles_from": ["McDowell"], "battles_to": ["VA102"]}, {"relation": "eq", "battles_from": ["Front Royal"], "battles_to": ["VA103"]}, {"relation": "eq", "battles_from": ["Winchester (first)"], "battles_to": ["VA104"]}, {"relation": "eq", "battles_from": ["Cross Keys"], "battles_to": ["VA105"]}, {"relation": "eq", "battles_from": ["Port Republic"], "battles_to": ["VA106"]}, {"relation": "eq", "battles_from": ["Williamsburg (Fort Magruder)"], "battles_to": ["VA010"]}, {"relation": "eq", "battles_from": ["Hanover Court House"], "battles_to": ["VA013"]}, {"relation": "eq", "battles_from": ["Fair Oaks (Seven Pines)"], "battles_to": ["VA014"]}, {"relation": "gt", "battles_from": ["Seven Days Battles"], "battles_to": ["VA015", "VA016", "VA017", "VA018", "VA019", "VA020", "VA021"]}, {"relation": "eq", "battles_from": ["The Orchard (Seven Days)"], "battles_to": ["VA015"]}, {"relation": "eq", "battles_from": ["Mechanicsville (Seven Days)"], "battles_to": ["VA016"]}, {"relation": "eq", "battles_from": ["Gaines's Mill (Seven Days)"], "battles_to": ["VA017"]}, {"relation": "eq", "battles_from": ["Savage's Station (Seven Days)"], "battles_to": ["VA019"]}, {"relation": "eq", "battles_from": ["White Oak Swamp (Seven Days)"], "battles_to": ["VA020"]}, {"relation": "eq", "battles_from": ["Malvern Hill (Seven Days)"], "battles_to": ["VA021"]}, {"relation": "eq", "battles_from": ["Cedar Mountain"], "battles_to": ["VA022"]}, {"relation": "<", "battles_from": ["Groveton"], "battles_to": ["VA026"]}, {"relation": "<", "battles_from": ["Second Bull Run/Chantilly (Second Manassas)"], "battles_to": ["VA026"]}, {"relation": "eq", "battles_from": ["South Mountain"], "battles_to": ["MD002"]}, {"relation": "eq", "battles_from": ["Antietam (Sharpsburg)"], "battles_to": ["MD003"]}, {"relation": "eq", "battles_from": ["Fredericksburg"], "battles_to": ["VA028"]}, {"relation": "eq", "battles_from": ["Valverde"], "battles_to": ["NM001"]}, {"relation": "eq", "battles_from": ["Apache Canyon/Glorieta Pass"], "battles_to": ["NM002"]}, {"relation": "eq", "battles_from": ["Pea Ridge"], "battles_to": ["AR001"]}, {"relation": "eq", "battles_from": ["Prairie Grove"], "battles_to": ["AR005"]}, {"relation": "eq", "battles_from": ["Mill Springs (Logan's Crossroads)"], "battles_to": ["KY006"]}, {"relation": "eq", "battles_from": ["Fort Donelson"], "battles_to": ["TN002"]}, {"relation": "eq", "battles_from": ["Shiloh (Pittsburg Landing)"], "battles_to": ["TN003"]}, {"relation": "eq", "battles_from": ["New Orleans"], "battles_to": ["LA001"]}, {"relation": "eq", "battles_from": ["Baton Rouge"], "battles_to": ["LA003"]}, {"relation": "eq", "battles_from": ["Iuka"], "battles_to": ["MS001"]}, {"relation": "eq", "battles_from": ["Corinth"], "battles_to": ["MS002"]}, {"relation": "eq", "battles_from": ["Chickasaw Bluffs"], "battles_to": ["MS003"]}, {"relation": "eq", "battles_from": ["Richmond (Kentucky)"], "battles_to": ["KY007"]}, {"relation": "eq", "battles_from": ["Perryville"], "battles_to": ["KY009"]}, {"relation": "eq", "battles_from": ["Hartsville"], "battles_to": ["TN008"]}, {"relation": "eq", "battles_from": ["Stones River (Murfreesboro)"], "battles_to": ["TN010"]}, {"relation": "eq", "battles_from": ["Chancellorsville"], "battles_to": ["VA032"]}, {"relation": "eq", "battles_from": ["Brandy Station"], "battles_to": ["VA035"]}, {"relation": "eq", "battles_from": ["Winchester (second)"], "battles_to": ["VA107"]}, {"relation": "eq", "battles_from": ["Gettsyburg"], "battles_to": ["PA002"]}, {"relation": "eq", "battles_from": ["Bristoe Station"], "battles_to": ["VA040"]}, {"relation": "eq", "battles_from": ["Buckland"], "battles_to": ["VA042"]}, {"relation": "eq", "battles_from": ["Rappahannock Station"], "battles_to": ["VA043"]}, {"relation": "eq", "battles_from": ["Mine Run"], "battles_to": ["VA044"]}, {"relation": "eq", "battles_from": ["Galveston"], "battles_to": ["TX003"]}, {"relation": "eq", "battles_from": ["Honey Springs"], "battles_to": ["OK007"]}, {"relation": "eq", "battles_from": ["Fort Hindman (Arkansas Post)"], "battles_to": ["AR006"]}, {"relation": "eq", "battles_from": ["Port Hudson (siege)"], "battles_to": ["LA010"]}, {"relation": "<", "battles_from": ["Port Hudson (first assault)"], "battles_to": ["LA010"]}, {"relation": "<", "battles_from": ["Port Hudson (second assault)"], "battles_to": ["LA010"]}, {"relation": "eq", "battles_from": ["Donaldsville (first)"], "battles_to": ["LA013"]}, {"relation": "eq", "battles_from": ["Donaldsville (second)"], "battles_to": ["LA015"]}, {"relation": "eq", "battles_from": ["Port Gibson"], "battles_to": ["MS006"]}, {"relation": "eq", "battles_from": ["Raymond"], "battles_to": ["MS007"]}, {"relation": "eq", "battles_from": ["Jackson"], "battles_to": ["MS008"]}, {"relation": "eq", "battles_from": ["Champion's Hill"], "battles_to": ["MS009"]}, {"relation": "eq", "battles_from": ["Big Black River"], "battles_to": ["MS010"]}, {"relation": "eq", "battles_from": ["Vicksburg (siege)"], "battles_to": ["MS011"]}, {"relation": "<", "battles_from": ["Vicksburg (first assault)"], "battles_to": ["MS011"]}, {"relation": "<", "battles_from": ["Vicksburg (second assault)"], "battles_to": ["MS011"]}, {"relation": "eq", "battles_from": ["Helena"], "battles_to": ["AR008"]}, {"relation": "eq", "battles_from": ["Chickamagua"], "battles_to": ["GA004"]}, {"relation": "eq", "battles_from": ["Chattanooga"], "battles_to": ["TN024"]}, {"relation": "<", "battles_from": ["Chattanooga (Orchard Knob/Indian Hill)"], "battles_to": ["TN024"]}, {"relation": "<", "battles_from": ["Chattanooga (Lookout Mountain)"], "battles_to": ["TN024"]}, {"relation": "<", "battles_from": ["Chattanooga (Tunnel Hill)"], "battles_to": ["TN024"]}, {"relation": "<", "battles_from": ["Chattanooga (Missionary Ridge)"], "battles_to": ["TN024"]}, {"relation": "eq", "battles_from": ["Ringgold Gap"], "battles_to": ["GA005"]}, {"relation": "eq", "battles_from": ["Knoxville (attack on Fort Sanders)"], "battles_to": ["TN025"]}, {"relation": "eq", "battles_from": ["Batteries Wagner and Gregg"], "battles_to": ["SC005"]}, {"relation": "eq", "battles_from": ["Battery Wagner"], "battles_to": ["SC007"]}, {"relation": "eq", "battles_from": ["Olustee"], "battles_to": ["FL005"]}, {"relation": "eq", "battles_from": ["Wilderness"], "battles_to": ["VA046"]}, {"relation": "eq", "battles_from": ["Spotsylvania Court House"], "battles_to": ["VA048"]}, {"relation": "eq", "battles_from": ["Yellow Tavern"], "battles_to": ["VA052"]}, {"relation": "eq", "battles_from": ["North Anna River"], "battles_to": ["VA055"]}, {"relation": "eq", "battles_from": ["Totopotomy Creek"], "battles_to": ["VA057"]}, {"relation": "<", "battles_from": ["Cold Harbor (assault)"], "battles_to": ["VA062"]}, {"relation": "eq", "battles_from": ["Cold Harbor"], "battles_to": ["VA062"]}, {"relation": "eq", "battles_from": ["Trevilian Station"], "battles_to": ["VA099"]}, {"relation": "eq", "battles_from": ["Cloyd's Mountain"], "battles_to": ["VA049"]}, {"relation": "eq", "battles_from": ["New Market"], "battles_to": ["VA110"]}, {"relation": "eq", "battles_from": ["Piedmont"], "battles_to": ["VA111"]}, {"relation": "eq", "battles_from": ["Drewry's Bluff"], "battles_to": ["VA053"]}, {"relation": "eq", "battles_from": ["Petersburg (first assault)"], "battles_to": ["VA063"]}, {"relation": "eq", "battles_from": ["Monocacy River"], "battles_to": ["MD007"]}, {"relation": "eq", "battles_from": ["Kernstown (second)"], "battles_to": ["VA116"]}, {"relation": "eq", "battles_from": ["Opequon (Third Winchester)"], "battles_to": ["VA119"]}, {"relation": "eq", "battles_from": ["Fisher's Hill"], "battles_to": ["VA120"]}, {"relation": "eq", "battles_from": ["Cedar Creek"], "battles_to": ["VA122"]}, {"relation": "eq", "battles_from": ["Petersburg (Battle of the Crater)"], "battles_to": ["VA070"]}, {"relation": "eq", "battles_from": ["Deep Bottom Run"], "battles_to": ["VA071"]}, {"relation": "eq", "battles_from": ["Globe Tavern"], "battles_to": ["VA072"]}, {"relation": "eq", "battles_from": ["Reams Station"], "battles_to": ["VA073"]}, {"relation": "eq", "battles_from": ["Fort Harrison (Chaffin's Bluff)"], "battles_to": ["VA075"]}, {"relation": "eq", "battles_from": ["Peebles Farm"], "battles_to": ["VA074"]}, {"relation": "eq", "battles_from": ["Hatcher's Run (first)"], "battles_to": ["VA079"]}, {"relation": "eq", "battles_from": ["Fair Oaks"], "battles_to": ["VA080"]}, {"relation": "eq", "battles_from": ["Sabine Crossroads"], "battles_to": ["LA018"]}, {"relation": "eq", "battles_from": ["Pleasant Hill"], "battles_to": ["LA019"]}, {"relation": "eq", "battles_from": ["Yellow Bayou"], "battles_to": ["LA023"]}, {"relation": "eq", "battles_from": ["Jenkins Ferry"], "battles_to": ["AR016"]}, {"relation": "eq", "battles_from": ["Fort Davidson (Pilot Knob)"], "battles_to": ["MO021"]}, {"relation": "eq", "battles_from": ["Westport"], "battles_to": ["MO027"]}, {"relation": "eq", "battles_from": ["Mine Creek"], "battles_to": ["KS003"]}, {"relation": "eq", "battles_from": ["Fort Pillow"], "battles_to": ["TN030"]}, {"relation": "eq", "battles_from": ["Brice's Crossroads"], "battles_to": ["MS014"]}, {"relation": "eq", "battles_from": ["Tupelo"], "battles_to": ["MS015"]}, {"relation": "eq", "battles_from": ["Selma"], "battles_to": ["AL007"]}, {"relation": "eq", "battles_from": ["New Hope Church"], "battles_to": ["GA010"]}, {"relation": "eq", "battles_from": ["Kennesaw Mountain"], "battles_to": ["GA015"]}, {"relation": "eq", "battles_from": ["Peachtree Creek"], "battles_to": ["GA016"]}, {"relation": "eq", "battles_from": ["Atlanta"], "battles_to": ["GA017"]}, {"relation": "eq", "battles_from": ["Ezra Church"], "battles_to": ["GA018"]}, {"relation": "eq", "battles_from": ["Jonesboro"], "battles_to": ["GA022"]}, {"relation": "eq", "battles_from": ["Allatoona"], "battles_to": ["GA023"]}, {"relation": "eq", "battles_from": ["Franklin"], "battles_to": ["TN036"]}, {"relation": "eq", "battles_from": ["Nashville"], "battles_to": ["TN038"]}, {"relation": "eq", "battles_from": ["Griswoldville"], "battles_to": ["GA025"]}, {"relation": "<", "battles_from": ["Mobile Bay"], "battles_to": ["AL003"]}, {"relation": "eq", "battles_from": ["Fort Fisher"], "battles_to": ["NC015"]}, {"relation": "eq", "battles_from": ["Hatcher's Run (second)"], "battles_to": ["VA083"]}, {"relation": "eq", "battles_from": ["Fort Stedman"], "battles_to": ["VA084"]}, {"relation": "eq", "battles_from": ["Five Forks"], "battles_to": ["VA088"]}, {"relation": "<", "battles_from": ["Petersburg (second assault)"], "battles_to": ["VA089"]}, {"relation": "<", "battles_from": ["Fort Gregg"], "battles_to": ["VA089"]}, {"relation": "eq", "battles_from": ["Sayler's Creek"], "battles_to": ["VA093"]}, {"relation": "eq", "battles_from": ["Kinston"], "battles_to": ["NC017"]}, {"relation": "eq", "battles_from": ["Averasboro"], "battles_to": ["NC019"]}, {"relation": "eq", "battles_from": ["Bentonville"], "battles_to": ["NC020"]}]