battle,belligerent,fullname,rank,navy,first_name,last_name,middle_name,suffix
AL001,Confederate,Nathan Bedford Forrest,Brigadier General,0,Nathan,Forrest,Bedford,
AL001,US,Abel Streight,Colonel,0,Abel,Streight,,
AL002,Confederate,Moses W. Hannon,Lieutenant Colonel,0,Moses,Hannon,W.,
AL002,US,Emil Adams,Captain,0,Emil,Adams,,
AL003,Confederate,Franklin Buchanan,Admiral,1,Franklin,Buchanan,,
AL003,Confederate,Richard L. Page,Brigadier General,0,Richard,Page,L.,
AL003,US,David G. Farragut,Rear Admiral,1,David,Farragut,G.,
AL003,US,Gordon Granger,Major General,0,Gordon,Granger,,
AL004,Confederate,John Bell Hood,General,0,John,Hood,Bell,
AL004,US,Robert S. Granger,Brigadier General,0,Robert,Granger,S.,
AL005,Confederate,Randall L. Gibson,Brigadier General,0,Randall,Gibson,L.,
AL005,US,E. R. S. Canby,Major General,0,E.,Canby,R. S.,
AL006,Confederate,John R. Liddell,Major General,0,John,Liddell,R.,
AL006,US,E. R. S. Canby,Major General,0,E.,Canby,R. S.,
AL007,Confederate,Nathan Bedford Forrest,Lieutenant General,0,Nathan,Forrest,Bedford,
AL007,US,James H. Wilson,Major General,0,James,Wilson,H.,
AR001,Confederate,Earl Van Dorn,Major General,0,Earl,Van Dorn,,
AR001,US,Samuel R. Curtis,Brigadier General,0,Samuel,Curtis,R.,
AR002,Confederate,Joseph Fry,Captain,1,Joseph,Fry,,
AR002,US,Graham N. Fitch,Colonel,0,Graham,Fitch,N.,
AR002,US,Augustus H. Kilty,Commander,1,Augustus,Kilty,H.,
AR003,Confederate,Thomas C. Hindman,Major General,0,Thomas,Hindman,C.,
AR003,Confederate,William H. Parsons,Colonel,0,William,Parsons,H.,
AR003,US,Charles Hovey,Colonel,0,Charles,Hovey,,
AR003,US,William P. Benton,Brigadier General,0,William,Benton,P.,
AR004,Confederate,John S. Marmaduke,Brigadier General,0,John,Marmaduke,S.,
AR004,US,James G. Blunt,Brigadier General,0,James,Blunt,G.,
AR005,Confederate,Thomas C. Hindman,Major General,0,Thomas,Hindman,C.,
AR005,US,Francis J. Herron,Brigadier General,0,Francis,Herron,J.,
AR005,US,James G. Blunt,Brigadier General,0,James,Blunt,G.,
AR006,Confederate,Thomas J. Churchill,Brigadier General,0,Thomas,Churchill,J.,
AR006,US,David D. Porter,Acting Rear Admiral,1,David,Porter,D.,
AR006,US,John A. McClernand,Major General,0,John,McClernand,A.,
AR007,Confederate,John S. Marmaduke,Brigadier General,0,John,Marmaduke,S.,
AR007,US,William Vandever,Brigadier General,0,William,Vandever,,
AR008,Confederate,Theophilus H. Holmes,Lieutenant General,0,Theophilus,Holmes,H.,
AR008,US,Benjamin M. Prentiss,Major General,0,Benjamin,Prentiss,M.,
AR009,Confederate,W.L. Cabell,Brigadier General,0,W.L.,Cabell,,
AR009,US,William F. Cloud,Colonel,0,William,Cloud,F.,
AR010,Confederate,John S. Marmaduke,Brigadier General,0,John,Marmaduke,S.,
AR010,US,John W. Davidson,Brigadier General,0,John,Davidson,W.,
AR011,Confederate,John S. Marmaduke,Brigadier General,0,John,Marmaduke,S.,
AR011,US,Powell Clayton,Colonel,0,Powell,Clayton,,
AR012,Confederate,John S. Marmaduke,Brigadier General,0,John,Marmaduke,S.,
AR012,US,Frederick Steele,Major General,0,Frederick,Steele,,
AR013,Confederate,Sterling Price,Major General,0,Sterling,Price,,
AR013,US,Frederick Steele,Major General,0,Frederick,Steele,,
AR014,Confederate,John S. Marmaduke,Brigadier General,0,John,Marmaduke,S.,
AR014,Confederate,Samuel Bell Maxey,Brigadier General,0,Samuel,Maxey,Bell,
AR014,US,James M. Williams,Colonel,0,James,Williams,M.,
AR015,Confederate,James B. Fagan,Brigadier General,0,James,Fagan,B.,
AR015,US,Francis Drake,Lieutenant Colonel,0,Francis,Drake,,
AR016,Confederate,E. Kirby Smith,General,0,E.,Smith,Kirby,
AR016,US,Frederick Steele,Major General,0,Frederick,Steele,,
AR017,Confederate,Colton Greene,Colonel,0,Colton,Greene,,
AR017,US,Joseph A. Mower,Brigadier General,0,Joseph,Mower,A.,
CO001,Native American,Black Kettle,,0,,Black Kettle,,
CO001,US,John Chivington,Colonel,0,John,Chivington,,
DC001,Confederate,Jubal A. Early,Lieutenant General,0,Jubal,Early,A.,
DC001,US,Horatio G. Wright,Major General,0,Horatio,Wright,G.,
DC001,US,Alexander McDowell McCook,Major General,0,Alexander,McCook,McDowell,
FL001,Confederate,Richard H. Anderson,Brigadier General,0,Richard,Anderson,H.,
FL001,US,Harvey Brown,Colonel,0,Harvey,Brown,,
FL002,Confederate,John W. Pearson,Captain,0,John,Pearson,W.,
FL002,US,A.J. Drake,Captain,1,A.J.,Drake,,
FL003,Confederate,Charles F. Hopkins,Lieutenant Colonel,0,Charles,Hopkins,F.,
FL003,US,John M. Brannan,Brigadier General,0,John,Brannan,M.,
FL004,Confederate,John Westcott,Captain,0,John,Westcott,,
FL004,US,A. A. Semmes,Lieutenant Commander,1,A.,Semmes,A.,
FL005,Confederate,Joseph Finegan,Brigadier General,0,Joseph,Finegan,,
FL005,US,Truman Seymour,Brigadier General,0,Truman,Seymour,,
FL006,Confederate,Sam Jones,Major General,0,Sam,Jones,,
FL006,US,John Newton,Major General,0,John,Newton,,
GA001,Confederate,Charles H. Olmstead,Colonel,0,Charles,Olmstead,H.,
GA001,US,David Hunter,Major General,0,David,Hunter,,
GA001,US,Quincy A. Gillmore,Captain,0,Quincy,Gillmore,A.,
GA002,Confederate,George A. Anderson,Captain,0,George,Anderson,A.,
GA002,US,P. Drayton,Captain,1,P.,Drayton,,
GA003,Confederate,Thomas C. Hindman,Major General,0,Thomas,Hindman,C.,
GA003,Confederate,John C. Breckinridge,Major General,0,John,Breckinridge,C.,
GA003,US,James Negley,Major General,0,James,Negley,,
GA004,Confederate,Braxton Bragg,General,0,Braxton,Bragg,,
GA004,Confederate,James Longstreet,Lieutenant General,0,James,Longstreet,,
GA004,US,William S. Rosecrans,Major General,0,William,Rosecrans,S.,
GA004,US,George H. Thomas,Major General,0,George,Thomas,H.,
GA005,Confederate,Patrick R. Cleburne,Major General,0,Patrick,Cleburne,R.,
GA005,US,Joseph Hooker,Major General,0,Joseph,Hooker,,
GA006,Confederate,Joseph E. Johnston,General,0,Joseph,Johnston,E.,
GA006,US,George H. Thomas,Major General,0,George,Thomas,H.,
GA007,Confederate,Joseph E. Johnston,General,0,Joseph,Johnston,E.,
GA007,US,William T. Sherman,Major General,0,William,Sherman,T.,
GA008,Confederate,Joseph E. Johnston,General,0,Joseph,Johnston,E.,
GA008,US,William T. Sherman,Major General,0,William,Sherman,T.,
GA009,Confederate,Joseph E. Johnston,General,0,Joseph,Johnston,E.,
GA009,US,William T. Sherman,Major General,0,William,Sherman,T.,
GA010,Confederate,Joseph E. Johnston,General,0,Joseph,Johnston,E.,
GA010,US,William T. Sherman,Major General,0,William,Sherman,T.,
GA010,US,Joseph Hooker,Major General,0,Joseph,Hooker,,
GA011,Confederate,Joseph E. Johnston,General,0,Joseph,Johnston,E.,
GA011,US,William T. Sherman,Major General,0,William,Sherman,T.,
GA012,Confederate,Patrick R. Cleburne,Major General,0,Patrick,Cleburne,R.,
GA012,US,Oliver O. Howard,Major General,0,Oliver,Howard,O.,
GA013,Confederate,Joseph E. Johnston,General,0,Joseph,Johnston,E.,
GA013,US,William T. Sherman,Major General,0,William,Sherman,T.,
GA014,Confederate,John Bell Hood,Lieutenant General,0,John,Hood,Bell,
GA014,US,John M. Schofield,Major General,0,John,Schofield,M.,
GA014,US,Joseph Hooker,Major General,0,Joseph,Hooker,,
GA015,Confederate,Joseph E. Johnston,General,0,Joseph,Johnston,E.,
GA015,US,William T. Sherman,Major General,0,William,Sherman,T.,
GA016,Confederate,John Bell Hood,General,0,John,Hood,Bell,
GA016,US,George H. Thomas,Major General,0,George,Thomas,H.,
GA017,Confederate,John Bell Hood,General,0,John,Hood,Bell,
GA017,US,William T. Sherman,Major General,0,William,Sherman,T.,
GA018,Confederate,John Bell Hood,General,0,John,Hood,Bell,
GA018,US,Oliver O. Howard,Major General,0,Oliver,Howard,O.,
GA019,Confederate,John Bell Hood,General,0,John,Hood,Bell,
GA019,US,John M. Schofield,Major General,0,John,Schofield,M.,
GA020,Confederate,Joseph Wheeler,Major General,0,Joseph,Wheeler,,
GA020,US,James B. Steedman,Major General,0,James,Steedman,B.,
GA021,Confederate,William H. Jackson,Brigadier General,0,William,Jackson,H.,
GA021,US,H. Judson Kilpatrick,Brigadier General,0,H.,Kilpatrick,Judson,
GA022,Confederate,William J. Hardee,Lieutenant General,0,William,Hardee,J.,
GA022,US,William T. Sherman,Major General,0,William,Sherman,T.,
GA023,Confederate,Samuel G. French,Major General,0,Samuel,French,G.,
GA023,US,John M. Corse,Brigadier General,0,John,Corse,M.,
GA025,Confederate,Pleasant J. Philips,Brigadier General,0,Pleasant,Philips,J.,
GA025,Confederate,Joseph Wheeler,Major General,0,Joseph,Wheeler,,
GA025,US,Charles C. Walcutt,Brigadier General,0,Charles,Walcutt,C.,
GA026,Confederate,Joseph Wheeler,Major General,0,Joseph,Wheeler,,
GA026,US,H. Judson Kilpatrick,Brigadier General,0,H.,Kilpatrick,Judson,
GA027,Confederate,Joseph Wheeler,Major General,0,Joseph,Wheeler,,
GA027,US,H. Judson Kilpatrick,Brigadier General,0,H.,Kilpatrick,Judson,
GA028,Confederate,George A. Anderson,Major,0,George,Anderson,A.,
GA028,US,William B. Hazen,Brigadier General,0,William,Hazen,B.,
ID001,Native American,Bear Hunter,,0,,Bear Hunter,,
ID001,US,Patrick Edward Connor,Colonel,0,Patrick,Connor,Edward,
IN001,Confederate,John Hunt Morgan,Brigadier General,0,John,Morgan,Hunt,
IN001,US,Lewis Jordan,Brevet Colonel,0,Lewis,Jordan,,
KS001,Confederate,William C. Quantrill,Lieutenant Colonel,0,William,Quantrill,C.,
KS002,Confederate,William C. Quantrill,Lieutenant Colonel,0,William,Quantrill,C.,
KS002,US,James B. Pond,Lieutenant,0,James,Pond,B.,
KS002,US,James G. Blunt,Major General,0,James,Blunt,G.,
KS003,Confederate,John S. Marmaduke,Brigadier General,0,John,Marmaduke,S.,
KS003,Confederate,James F. Fagan,Major General,0,James,Fagan,F.,
KS003,US,Alfred Pleasonton,Major General,0,Alfred,Pleasonton,,
KS004,Confederate,John S. Marmaduke,Major General,0,John,Marmaduke,S.,
KS004,Confederate,James F. Fagan,Major General,0,James,Fagan,F.,
KS004,US,Alfred Pleasonton,Major General,0,Alfred,Pleasonton,,
KY001,Confederate,Joel A. Battle,Colonel,0,Joel,Battle,A.,
KY001,US,Isaac J. Black,Captain,0,Isaac,Black,J.,
KY002,Confederate,Felix Zollicoffer,Brigadier General,0,Felix,Zollicoffer,,
KY002,US,Albin F. Schoepf,Brigadier General,0,Albin,Schoepf,F.,
KY003,Confederate,John S. Williams,Colonel,0,John,Williams,S.,
KY003,US,William Nelson,Brigadier General,0,William,Nelson,,
KY003,US,Joshua W. Sill,Colonel,0,Joshua,Sill,W.,
KY004,Confederate,Thomas C. Hindman,Brigadier General,0,Thomas,Hindman,C.,
KY004,US,August Willich,Colonel,0,August,Willich,,
KY005,Confederate,Humphrey Marshall,Brigadier General,0,Humphrey,Marshall,,
KY005,US,James Garfield,Colonel,0,James,Garfield,,
KY006,Confederate,George B. Crittenden,Major General,0,George,Crittenden,B.,
KY006,US,George H. Thomas,Brigadier General,0,George,Thomas,H.,
KY007,Confederate,E. Kirby Smith,Major General,0,E.,Smith,Kirby,
KY007,US,William Nelson,Major General,0,William,Nelson,,
KY008,Confederate,James R. Chalmers,Brigadier General,0,James,Chalmers,R.,
KY008,Confederate,Braxton Bragg,General,0,Braxton,Bragg,,
KY008,US,Cyrus L. Dunham,Colonel,0,Cyrus,Dunham,L.,
KY008,US,John T. Wilder,Colonel,0,John,Wilder,T.,
KY009,Confederate,Braxton Bragg,General,0,Braxton,Bragg,,
KY009,US,Don Carlos Buell,Major General,0,Don,Buell,Carlos,
KY010,Confederate,Nathan Bedford Forrest,Major General,0,Nathan,Forrest,Bedford,
KY010,US,Stephen G. Hicks,Colonel,0,Stephen,Hicks,G.,
KY010,US,James W. Shirk,Lieutenant Commander,1,James,Shirk,W.,
KY011,Confederate,John Hunt Morgan,Brigadier General,0,John,Morgan,Hunt,
KY011,US,Stephen Gano Burbridge,Brigadier General,0,Stephen,Burbridge,Gano,
LA001,Confederate,Johnson K. Duncan,Brigadier General,0,Johnson,Duncan,K.,
LA001,Confederate,John K. Mitchell,Commander,1,John,Mitchell,K.,
LA001,US,David G. Farragut,Flag Officer,1,David,Farragut,G.,
LA002,Confederate,Mansfield Lovell,Major General,0,Mansfield,Lovell,,
LA002,US,David G. Farragut,Flag Officer,1,David,Farragut,G.,
LA002,US,Benjamin Franklin Butler,Major General,0,Benjamin,Butler,Franklin,
LA003,Confederate,John C. Breckinridge,Major General,0,John,Breckinridge,C.,
LA003,US,Thomas Williams,Brigadier General,0,Thomas,Williams,,
LA004,Confederate,Phillippe Landry,Captain,0,Phillippe,Landry,,
LA004,US,David G. Farragut,Rear Admiral,1,David,Farragut,G.,
LA005,Confederate,Alfred Mouton,Brigadier General,0,Alfred,Mouton,,
LA005,US,Godfrey Weitzel,Brigadier General,0,Godfrey,Weitzel,,
LA006,Confederate,Richard Taylor,Major General,0,Richard,Taylor,,
LA006,US,Nathaniel P. Banks,Major General,0,Nathaniel,Banks,P.,
LA007,Confederate,Richard Taylor,Major General,0,Richard,Taylor,,
LA007,US,Cuvier Grover,Brigadier General,0,Cuvier,Grover,,
LA008,Confederate,Richard Taylor,Major General,0,Richard,Taylor,,
LA008,US,Cuvier Grover,Brigadier General,0,Cuvier,Grover,,
LA009,Confederate,Frank P. Powers,Colonel,0,Frank,Powers,P.,
LA009,Confederate,William R. Miles,Colonel,0,William,Miles,R.,
LA009,US,Christopher C. Augur,Major General,0,Christopher,Augur,C.,
LA010,Confederate,Franklin Gardner,Major General,0,Franklin,Gardner,,
LA010,US,Nathaniel P. Banks,Major General,0,Nathaniel,Banks,P.,
LA011,Confederate,Henry E. McCulloch,Brigadier General,0,Henry,McCulloch,E.,
LA011,US,Hermann Lieb,Colonel,0,Hermann,Lieb,,
LA012,Confederate,James P. Major,Colonel,0,James,Major,P.,
LA012,US,Albert Stickney,Lieutenant Colonel,0,Albert,Stickney,,
LA013,Confederate,Tom Green,Brigadier General,0,Tom,Green,,
LA013,US,Joseph D. Bullen,Major,0,Joseph,Bullen,D.,
LA014,Confederate,William H. Parsons,Colonel,0,William,Parsons,H.,
LA014,US,Alfred W. Ellet,Brigadier General,0,Alfred,Ellet,W.,
LA015,Confederate,Tom Green,Brigadier General,0,Tom,Green,,
LA015,US,Godfrey Weitzel,Brigadier General,0,Godfrey,Weitzel,,
LA015,US,Cuvier Grover,Brigadier General,0,Cuvier,Grover,,
LA016,Confederate,Tom Green,Brigadier General,0,Tom,Green,,
LA016,US,Napoleon J.T. Dana,Major General,0,Napoleon,Dana,J.T.,
LA017,Confederate,William Byrd,Lieutenant Colonel,0,William,Byrd,,
LA017,US,A.J. Smith,Brigadier General,0,A.J.,Smith,,
LA017,US,Joseph A. Mower,Brigadier General,0,Joseph,Mower,A.,
LA018,Confederate,Richard Taylor,Major General,0,Richard,Taylor,,
LA018,US,Nathaniel P. Banks,Major General,0,Nathaniel,Banks,P.,
LA019,Confederate,Richard Taylor,Major General,0,Richard,Taylor,,
LA019,US,Nathaniel P. Banks,Major General,0,Nathaniel,Banks,P.,
LA020,Confederate,Tom Green,Brigadier General,0,Tom,Green,,
LA020,US,Thomas Kilby Smith,Brigadier General,0,Thomas,Smith,Kilby,
LA020,US,David D. Porter,Rear Admiral,1,David,Porter,D.,
LA021,Confederate,Hamilton P. Bee,Brigadier General,0,Hamilton,Bee,P.,
LA021,US,Nathaniel P. Banks,Major General,0,Nathaniel,Banks,P.,
LA022,Confederate,Richard Taylor,Major General,0,Richard,Taylor,,
LA022,US,Nathaniel P. Banks,Major General,0,Nathaniel,Banks,P.,
LA023,Confederate,Richard Taylor,Major General,0,Richard,Taylor,,
LA023,US,Joseph A. Mower,Brigadier General,0,Joseph,Mower,A.,
MD001,Confederate,Thomas J. Jackson,Major General,0,Thomas,Jackson,J.,
MD001,US,F.W. Lander,Brigadier General,0,F.W.,Lander,,
MD002,Confederate,Robert E. Lee,General,0,Robert,Lee,E.,
MD002,US,George B. McClellan,Major General,0,George,McClellan,B.,
MD003,Confederate,Robert E. Lee,General,0,Robert,Lee,E.,
MD003,US,George B. McClellan,Major General,0,George,McClellan,B.,
MD004,Confederate,Robert E. Lee,General,0,Robert,Lee,E.,
MD004,US,George G. Meade,Major General,0,George,Meade,G.,
MD006,Confederate,J.E.B. Stuart,Major General,0,J.E.B.,Stuart,,
MD006,US,Alfred Pleasonton,Major General,0,Alfred,Pleasonton,,
MD007,Confederate,Jubal A. Early,Lieutenant General,0,Jubal,Early,A.,
MD007,US,Lew Wallace,Major General,0,Lew,Wallace,,
MD008,Confederate,John McCausland,Brigadier General,0,John,McCausland,,
MD008,US,Benjamin F. Kelley,Brigadier General,0,Benjamin,Kelley,F.,
MN001,Native American,Little Crow,,0,,Little Crow,,
MN001,US,Timothy J. Sheehan,First Lieutenant,0,Timothy,Sheehan,J.,
MN002,Native American,Little Crow,,0,,Little Crow,,
MN002,US,Henry Hastings Sibley,Colonel,0,Henry,Sibley,Hastings,
MO001,Confederate,John S. Marmaduke,Colonel,0,John,Marmaduke,S.,
MO001,US,Nathaniel Lyon,Brigadier General,0,Nathaniel,Lyon,,
MO002,Confederate,Clairborne Jackson,Governor,0,Clairborne,Jackson,,
MO002,US,Franz Sigel,Colonel,0,Franz,Sigel,,
MO003,Confederate,D. R. Atchison,General,0,D.,Atchison,R.,
MO003,US,John Scott,Lieutenant Colonel,0,John,Scott,,
MO004,Confederate,Sterling Price,Major General,0,Sterling,Price,,
MO004,Confederate,Ben McCulloch,Brigadier General,0,Ben,McCulloch,,
MO004,US,Nathaniel Lyon,Brigadier General,0,Nathaniel,Lyon,,
MO004,US,Samuel D. Sturgis,Major General,0,Samuel,Sturgis,D.,
MO005,Confederate,Sterling Price,Major General,0,Sterling,Price,,
MO005,Confederate,James S. Rains,Brigadier General,0,James,Rains,S.,
MO005,US,J.H. Lane,Colonel,0,J.H.,Lane,,
MO006,Confederate,Sterling Price,Major General,0,Sterling,Price,,
MO006,US,James A. Mulligan,Colonel,0,James,Mulligan,A.,
MO007,Confederate,M. Jeff Thompson,Brigadier General,0,M.,Thompson,Jeff,
MO007,US,J.B. Plummer,Colonel,0,J.B.,Plummer,,
MO007,US,William P. Carlin,Colonel,0,William,Carlin,P.,
MO008,Confederate,James Frazier,Colonel,0,James,Frazier,,
MO008,US,James Zagonyi,Major,0,James,Zagonyi,,
MO009,Confederate,Gideon J. Pillow,Brigadier General,0,Gideon,Pillow,J.,
MO009,US,Ulysses S. Grant,Brigadier General,0,Ulysses,Grant,S.,
MO010,Confederate,Caleb Dorsey,Colonel,0,Caleb,Dorsey,,
MO010,US,Benjamin M. Prentiss,Brigadier General,0,Benjamin,Prentiss,M.,
MO011,Confederate,J.A. Poindexter,Colonel,0,J.A.,Poindexter,,
MO011,US,W.M.G. Torrence,Major,0,W.M.G.,Torrence,,
MO012,Confederate,John P. McCown,Brigadier General,0,John,McCown,P.,
MO012,Confederate,William W. Mackall,Brigadier General,0,William,Mackall,W.,
MO012,US,John Pope,Brigadier General,0,John,Pope,,
MO012,US,Andrew H. Foote,Flag Officer,1,Andrew,Foote,H.,
MO013,Confederate,Joseph C. Porter,Colonel,0,Joseph,Porter,C.,
MO013,US,John McNeil,Colonel,0,John,McNeil,,
MO014,Confederate,J.T. Hughes,Colonel,0,J.T.,Hughes,,
MO014,Confederate,G.W. Thompson,Colonel,0,G.W.,Thompson,,
MO014,US,James T. Buel,Lieutenant Colonel,0,James,Buel,T.,
MO015,Confederate,Jeremiah Vard Cockrell,Colonel,0,Jeremiah,Cockrell,Vard,
MO015,Confederate,G.W. Thompson,Colonel,0,G.W.,Thompson,,
MO015,Confederate,Upton Hays,Colonel,0,Upton,Hays,,
MO015,US,Emory S. Foster,Major,0,Emory,Foster,S.,
MO016,Confederate,Douglas H. Cooper,Colonel,0,Douglas,Cooper,H.,
MO016,US,Friedrich Salomon,Brigadier General,0,Friedrich,Salomon,,
MO017,Confederate,John Q. Burbridge,Colonel,0,John,Burbridge,Q.,
MO017,Confederate,Colton Greene,Colonel,0,Colton,Greene,,
MO017,US,Hiram E. Barstow,Captain,0,Hiram,Barstow,E.,
MO018,Confederate,John S. Marmaduke,Brigadier General,0,John,Marmaduke,S.,
MO018,US,Egbert B. Brown,Brigadier General,0,Egbert,Brown,B.,
MO019,Confederate,John S. Marmaduke,Brigadier General,0,John,Marmaduke,S.,
MO019,US,Samuel Merrill,Colonel,0,Samuel,Merrill,,
MO020,Confederate,John S. Marmaduke,Brigadier General,0,John,Marmaduke,S.,
MO020,US,John McNeil,Brigadier General,0,John,McNeil,,
MO021,Confederate,Sterling Price,Major General,0,Sterling,Price,,
MO021,US,Thomas Ewing Jr.,Brigadier General,0,Thomas,Ewing,,Jr.
MO022,Confederate,John B. Clark,Brigadier General,0,John,Clark,B.,
MO022,Confederate,Joseph Shelby,Brigadier General,0,Joseph,Shelby,,
MO022,US,Chester Harding,Colonel,0,Chester,Harding,,
MO023,Confederate,Sterling Price,Major General,0,Sterling,Price,,
MO023,US,James G. Blunt,Major General,0,James,Blunt,G.,
MO024,Confederate,Sterling Price,Major General,0,Sterling,Price,,
MO024,US,Samuel R. Curtis,Major General,0,Samuel,Curtis,R.,
MO025,Confederate,James F. Fagan,Brigadier General,0,James,Fagan,F.,
MO025,Confederate,John S. Marmaduke,Brigadier General,0,John,Marmaduke,S.,
MO025,US,Alfred Pleasonton,Major General,0,Alfred,Pleasonton,,
MO026,Confederate,Joseph Shelby,Brigadier General,0,Joseph,Shelby,,
MO026,Confederate,John S. Marmaduke,Brigadier General,0,John,Marmaduke,S.,
MO026,US,James G. Blunt,Major General,0,James,Blunt,G.,
MO026,US,Alfred Pleasonton,Major General,0,Alfred,Pleasonton,,
MO027,Confederate,Sterling Price,Major General,0,Sterling,Price,,
MO027,US,Samuel R. Curtis,Major General,0,Samuel,Curtis,R.,
MO028,Confederate,Sterling Price,Major General,0,Sterling,Price,,
MO028,US,John McNeil,Brigadier General,0,John,McNeil,,
MO029,Confederate,Sterling Price,Major General,0,Sterling,Price,,
MO029,US,James G. Blunt,Major General,0,James,Blunt,G.,
MS001,Confederate,Sterling Price,Major General,0,Sterling,Price,,
MS001,US,William S. Rosecrans,Major General,0,William,Rosecrans,S.,
MS002,Confederate,Earl Van Dorn,Major General,0,Earl,Van Dorn,,
MS002,US,William S. Rosecrans,Major General,0,William,Rosecrans,S.,
MS003,Confederate,John C. Pemberton,Lieutenant General,0,John,Pemberton,C.,
MS003,US,William T. Sherman,Major General,0,William,Sherman,T.,
MS004,Confederate,John S. Bowen,Brigadier General,0,John,Bowen,S.,
MS004,US,David D. Porter,Rear Admiral,1,David,Porter,D.,
MS005,Confederate,Louis Hebert,Brigadier General,0,Louis,Hebert,,
MS005,US,William T. Sherman,Major General,0,William,Sherman,T.,
MS006,Confederate,John S. Bowen,Brigadier General,0,John,Bowen,S.,
MS006,US,Ulysses S. Grant,Major General,0,Ulysses,Grant,S.,
MS007,Confederate,John Gregg,Brigadier General,0,John,Gregg,,
MS007,US,James B. McPherson,Major General,0,James,McPherson,B.,
MS008,Confederate,Joseph E. Johnston,General,0,Joseph,Johnston,E.,
MS008,Confederate,John Gregg,Brigadier General,0,John,Gregg,,
MS008,US,Ulysses S. Grant,Major General,0,Ulysses,Grant,S.,
MS009,Confederate,John C. Pemberton,Lieutenant General,0,John,Pemberton,C.,
MS009,US,Ulysses S. Grant,Major General,0,Ulysses,Grant,S.,
MS010,Confederate,John S. Bowen,Brigadier General,0,John,Bowen,S.,
MS010,US,John A. McClernand,Major General,0,John,McClernand,A.,
MS011,Confederate,John C. Pemberton,Lieutenant General,0,John,Pemberton,C.,
MS011,US,Ulysses S. Grant,Major General,0,Ulysses,Grant,S.,
MS012,Confederate,Leonidas Polk,Lieutenant General,0,Leonidas,Polk,,
MS012,US,William T. Sherman,Major General,0,William,Sherman,T.,
MS013,Confederate,Nathan Bedford Forrest,Major General,0,Nathan,Forrest,Bedford,
MS013,US,William Sooy Smith,Brigadier General,0,William,Smith,Sooy,
MS014,Confederate,Nathan Bedford Forrest,Major General,0,Nathan,Forrest,Bedford,
MS014,US,Samuel D. Sturgis,Brigadier General,0,Samuel,Sturgis,D.,
MS015,Confederate,Stephen D. Lee,Lieutenant General,0,Stephen,Lee,D.,
MS015,Confederate,Nathan Bedford Forrest,Major General,0,Nathan,Forrest,Bedford,
MS015,US,A.J. Smith,Major General,0,A.J.,Smith,,
MS016,Confederate,P.G.T. Beauregard,General,0,P.G.T.,Beauregard,,
MS016,US,Henry W. Halleck,Major General,0,Henry,Halleck,W.,
NC001,Confederate,William F. Martin,Colonel,0,William,Martin,F.,
NC001,US,Benjamin Butler,Major General,0,Benjamin,Butler,,
NC002,Confederate,Henry Wise,Brigadier General,0,Henry,Wise,,
NC002,US,Ambrose E. Burnside,Brigadier General,0,Ambrose,Burnside,E.,
NC003,Confederate,Lawrence O'Bryan Branch,Brigadier General,0,Lawrence,Branch,O'Bryan,
NC003,US,Ambrose E. Burnside,Brigadier General,0,Ambrose,Burnside,E.,
NC004,Confederate,Moses J. White,Lieutenant Colonel,0,Moses,White,J.,
NC004,US,John G. Parke,Brigadier General,0,John,Parke,G.,
NC005,Confederate,Ambrose Wright,Colonel,0,Ambrose,Wright,,
NC005,US,Jesse Lee Reno,Brigadier General,0,Jesse,Reno,Lee,
NC006,Confederate,George Singletary,Colonel,0,George,Singletary,,
NC006,US,F. A. Osborn,Lieutenant Colonel,0,F. A.,Osborn,,
NC007,Confederate,Nathan Evans,Brigadier General,0,Nathan,Evans,,
NC007,US,John G. Foster,Brigadier General,0,John,Foster,G.,
NC008,Confederate,Beverly Robertson,Brigadier General,0,Beverly,Robertson,,
NC008,US,John G. Foster,Brigadier General,0,John,Foster,G.,
NC009,Confederate,Thomas Clingman,Brigadier General,0,Thomas,Clingman,,
NC009,US,John G. Foster,Brigadier General,0,John,Foster,G.,
NC010,Confederate,D.H. Hill,Major General,0,D.H.,Hill,,
NC010,US,Hiram Anderson,Lieutenant Colonel,0,Hiram,Anderson,,
NC011,Confederate,D.H. Hill,Major General,0,D.H.,Hill,,
NC011,US,John G. Foster,Brigadier General,0,John,Foster,G.,
NC012,Confederate,Robert Hoke,Major General,0,Robert,Hoke,,
NC012,US,Henry W. Wessells,Colonel,0,Henry,Wessells,W.,
NC013,Confederate,J.W. Cooke,Commander,1,J.W.,Cooke,,
NC013,US,Melancton Smith,Captain,1,Melancton,Smith,,
NC014,Confederate,Robert Hoke,Major General,0,Robert,Hoke,,
NC014,US,David D. Porter,Rear Admiral,1,David,Porter,D.,
NC014,US,Benjamin Butler,Major General,0,Benjamin,Butler,,
NC015,Confederate,Braxton Bragg,General,0,Braxton,Bragg,,
NC015,Confederate,Robert Hoke,Major General,0,Robert,Hoke,,
NC015,Confederate,Charles Lamb,Colonel,0,Charles,Lamb,,
NC015,US,David D. Porter,Rear Admiral,1,David,Porter,D.,
NC015,US,Alfred Terry,Major General,0,Alfred,Terry,,
NC016,Confederate,Braxton Bragg,General,0,Braxton,Bragg,,
NC016,US,John M. Schofield,Major General,0,John,Schofield,M.,
NC017,Confederate,Braxton Bragg,General,0,Braxton,Bragg,,
NC017,US,John M. Schofield,Major General,0,John,Schofield,M.,
NC018,Confederate,Joseph Wheeler,Major General,0,Joseph,Wheeler,,
NC018,Confederate,Wade Hampton,Lieutenant General,0,Wade,Hampton,,
NC018,US,H. Judson Kilpatrick,Brigadier General,0,H.,Kilpatrick,Judson,
NC019,Confederate,William Hardee,Lieutenant General,0,William,Hardee,,
NC019,US,Henry Slocum,Major General,0,Henry,Slocum,,
NC020,Confederate,Joseph E. Johnston,General,0,Joseph,Johnston,E.,
NC020,US,William T. Sherman,Major General,0,William,Sherman,T.,
NC020,US,Henry Slocum,Major General,0,Henry,Slocum,,
ND001,Native American,Inkpaduta,,0,,Inkpaduta,,
ND001,US,Henry Hastings Sibley,Brigadier General,0,Henry,Sibley,Hastings,
ND002,Native American,Inkpaduta,,0,,Inkpaduta,,
ND002,US,Henry Hastings Sibley,Brigadier General,0,Henry,Sibley,Hastings,
ND003,Native American,Inkpaduta,,0,,Inkpaduta,,
ND003,US,Henry Hastings Sibley,Brigadier General,0,Henry,Sibley,Hastings,
ND004,Native American,Inkpaduta,,0,,Inkpaduta,,
ND004,US,Alfred Sully,Brigadier General,0,Alfred,Sully,,
ND005,Native American,Inkpaduta,,0,,Inkpaduta,,
ND005,US,Alfred Sully,Brigadier General,0,Alfred,Sully,,
NM001,Confederate,Henry Hastings Sibley,Brigadier General,0,Henry,Sibley,Hastings,
NM001,Confederate,Tom Green,Colonel,0,Tom,Green,,
NM001,US,E. R. S. Canby,Colonel,0,E. R. S.,Canby,R. S.,
NM002,Confederate,Charles L. Pyron,Major,0,Charles,Pyron,L.,
NM002,Confederate,William R. Scurry,Lieutenant Colonel,0,William,Scurry,R.,
NM002,US,John Chivington,Major,0,John,Chivington,,
NM002,US,John P. Slough,Colonel,0,John,Slough,P.,
OH001,Confederate,John Hunt Morgan,Brigadier General,0,John,Morgan,Hunt,
OH001,US,Edward H. Hobson,Brigadier General,0,Edward,Hobson,H.,
OH002,Confederate,John Hunt Morgan,Brigadier General,0,John,Morgan,Hunt,
OH002,US,James Shackelford,Brigadier General,0,James,Shackelford,,
OK001,Confederate,Douglas H. Cooper,Colonel,0,Douglas,Cooper,H.,
OK001,Native American,Opothleyahola,,0,,Opothleyahola,,
OK002,Confederate,Douglas H. Cooper,Colonel,0,Douglas,Cooper,H.,
OK002,Native American,Opothleyahola,,0,,Opothleyahola,,
OK003,Confederate,James McQueen McIntosh,Colonel,0,James,McIntosh,McQueen,
OK003,Native American,Opothleyahola,,0,,Opothleyahola,,
OK004,Confederate,Douglas H. Cooper,Colonel,0,Douglas,Cooper,H.,
OK004,US,James G. Blunt,Brigadier General,0,James,Blunt,G.,
OK005,Confederate,John Jumper,Lieutenant Colonel,0,John,Jumper,,
OK005,US,Charles Willette,Major,0,Charles,Willette,,
OK006,Confederate,Stand Watie,Colonel,0,Stand,Watie,,
OK006,US,James M. Williams,Colonel,0,James,Williams,M.,
OK007,Confederate,Douglas H. Cooper,Brigadier General,0,Douglas,Cooper,H.,
OK007,US,James G. Blunt,Major General,0,James,Blunt,G.,
PA001,Confederate,J.E.B. Stuart,Major General,0,J.E.B.,Stuart,,
PA001,US,H. Judson Kilpatrick,Brigadier General,0,H.,Kilpatrick,Judson,
PA002,Confederate,Robert E. Lee,General,0,Robert,Lee,E.,
PA002,US,George G. Meade,Major General,0,George,Meade,G.,
SC001,Confederate,P.G.T. Beauregard,Brigadier General,0,P.G.T.,Beauregard,,
SC001,US,Robert Anderson,Major,0,Robert,Anderson,,
SC002,Confederate,Nathan Evans,Brigadier General,0,Nathan,Evans,,
SC002,US,Henry Benham,Brigadier General,0,Henry,Benham,,
SC003,Confederate,James McCullough,Colonel,0,James,McCullough,,
SC003,US,A.C. Rhind,Lieutenant,0,A.C.,Rhind,,
SC004,Confederate,P.G.T. Beauregard,General,0,P.,Beauregard,G. T.,
SC004,US,S. F. Du Pont,Rear Admiral,1,S.,Du Pont,F.,
SC005,Confederate,P.G.T. Beauregard,General,0,P.G.T.,Beauregard,,
SC005,US,Qunicy Gillmore,Brigadier General,0,Qunicy,Gillmore,,
SC006,Confederate,Johnson Hagood,Brigadier General,0,Johnson,Hagood,,
SC006,US,Alfred H. Terry,Brigadier General,0,Alfred,Terry,H.,
SC007,Confederate,P.G.T. Beauregard,General,0,P.G.T.,Beauregard,,
SC007,US,Quincy Gillmore,Major General,0,Quincy,Gillmore,,
SC008,Confederate,P.G.T. Beauregard,General,0,P.G.T.,Beauregard,,
SC008,US,Quincy Gillmore,Major General,0,Quincy,Gillmore,,
SC009,Confederate,P.G.T. Beauregard,General,0,P.G.T.,Beauregard,,
SC009,US,Quincy Gilmore,Major General,0,Quincy,Gilmore,,
SC010,Confederate,Charles Colcock,Colonel,0,Charles,Colcock,,
SC010,US,John Hatch,Major General,0,John,Hatch,,
SC011,Confederate,Lafayette McLaws,Major General,0,Lafayette,McLaws,,
SC011,US,Francis P. Blair,Major General,0,Francis,Blair,P.,
TN001,Confederate,Lloyd Tilghman,Brigadier General,0,Lloyd,Tilghman,,
TN001,US,Ulysses S. Grant,Brigadier General,0,Ulysses,Grant,S.,
TN001,US,Andrew H. Foote,Flag Officer,1,Andrew,Foote,H.,
TN002,Confederate,John B. Floyd,Brigadier General,0,John,Floyd,B.,
TN002,Confederate,Gideon Pillow,Brigadier General,0,Gideon,Pillow,,
TN002,Confederate,Simon B. Buckner,Brigadier General,0,Simon,Buckner,B.,
TN002,US,Ulysses S. Grant,Brigadier General,0,Ulysses,Grant,S.,
TN002,US,Andrew H. Foote,Flag Officer,1,Andrew,Foote,H.,
TN003,Confederate,Albert Sidney Johnston,General,0,Albert,Johnston,Sidney,
TN003,Confederate,P.G.T. Beauregard,General,0,P.G.T.,Beauregard,,
TN003,US,Ulysses S. Grant,Major General,0,Ulysses,Grant,S.,
TN003,US,Don Carlos Buell,Major General,0,Don,Buell,Carlos,
TN004,Confederate,James E. Montgomery,Captain,1,James,Montgomery,E.,
TN004,Confederate,M. Jeff Thompson,Brigadier General,0,M.,Thompson,Jeff,
TN004,US,Charles H. Davis,Flag Officer,1,Charles,Davis,H.,
TN004,US,Charles Ellet,Colonel,0,Charles,Ellet,,
TN005,Confederate,E. Kirby Smith,Major General,0,E.,Smith,Kirby,
TN005,US,James Negley,Brigadier General,0,James,Negley,,
TN006,Confederate,Nathan Bedford Forrest,Brigadier General,0,Nathan,Forrest,Bedford,
TN006,US,Thomas T. Crittenden,Brigadier General,0,Thomas,Crittenden,T.,
TN007,Confederate,Earl Van Dorn,Major General,0,Earl,Van Dorn,,
TN007,US,Edward O.C. Ord,Major General,0,Edward,Ord,O.C.,
TN007,US,Stephen A. Hurlbut,Major General,0,Stephen,Hurlbut,A.,
TN008,Confederate,John Hunt Morgan,Brigadier General,0,John,Morgan,Hunt,
TN008,US,Absalom B. Moore,Colonel,0,Absalom,Moore,B.,
TN009,Confederate,Nathan Bedford Forrest,Brigadier General,0,Nathan,Forrest,Bedford,
TN009,US,Adolph Englemann,Colonel,0,Adolph,Englemann,,
TN010,Confederate,Braxton Bragg,General,0,Braxton,Bragg,,
TN010,US,William S. Rosecrans,Major General,0,William,Rosecrans,S.,
TN011,Confederate,Nathan Bedford Forrest,Brigadier General,0,Nathan,Forrest,Bedford,
TN011,US,Jeremiah C. Sullivan,Brigadier General,0,Jeremiah,Sullivan,C.,
TN012,Confederate,Joseph Wheeler,Major General,0,Joseph,Wheeler,,
TN012,US,A.C. Harding,Colonel,0,A.C.,Harding,,
TN013,Confederate,Earl Van Dorn,Major General,0,Earl,Van Dorn,,
TN013,US,John Coburn,Colonel,0,John,Coburn,,
TN014,Confederate,John Hunt Morgan,Brigadier General,0,John,Morgan,Hunt,
TN014,US,Albert S. Hall,Colonel,0,Albert,Hall,S.,
TN015,Confederate,Nathan Bedford Forrest,Brigadier General,0,Nathan,Forrest,Bedford,
TN015,US,Edward Bloodgood,Lieutenant Colonel,0,Edward,Bloodgood,,
TN016,Confederate,Earl Van Dorn,Major General,0,Earl,Van Dorn,,
TN016,US,Gordon Granger,Major General,0,Gordon,Granger,,
TN017,Confederate,Alexander P. Stewart,Major General,0,Alexander,Stewart,P.,
TN017,US,George H. Thomas,Major General,0,George,Thomas,H.,
TN018,Confederate,D. H. Hill,Lieutenant General,0,D.,Hill,H.,
TN018,US,John T. Wilder,Colonel,0,John,Wilder,T.,
TN019,Confederate,James E. Carter,Colonel,0,James,Carter,E.,
TN019,US,John W. Foster,Colonel,0,John,Foster,W.,
TN020,Confederate,John S. Williams,Brigadier General,0,John,Williams,S.,
TN020,US,Ambrose E. Burnside,Major General,0,Ambrose,Burnside,E.,
TN021,Confederate,Micah Jenkins,Brigadier General,0,Micah,Jenkins,,
TN021,US,Joseph Hooker,Major General,0,Joseph,Hooker,,
TN022,Confederate,James R. Chalmers,Brigadier General,0,James,Chalmers,R.,
TN022,US,Edward Hatch,Colonel,0,Edward,Hatch,,
TN023,Confederate,James Longstreet,Lieutenant General,0,James,Longstreet,,
TN023,US,Ambrose E. Burnside,Major General,0,Ambrose,Burnside,E.,
TN024,Confederate,Braxton Bragg,General,0,Braxton,Bragg,,
TN024,US,Ulysses S. Grant,Major General,0,Ulysses,Grant,S.,
TN025,Confederate,James Longstreet,Lieutenant General,0,James,Longstreet,,
TN025,US,Ambrose E. Burnside,Major General,0,Ambrose,Burnside,E.,
TN026,Confederate,James Longstreet,Lieutenant General,0,James,Longstreet,,
TN026,US,James Shackelford,Brigadier General,0,James,Shackelford,,
TN027,Confederate,William T. Martin,Major General,0,William,Martin,T.,
TN027,US,Samuel D. Sturgis,Brigadier General,0,Samuel,Sturgis,D.,
TN028,Confederate,James Longstreet,Lieutenant General,0,James,Longstreet,,
TN028,US,Samuel D. Sturgis,Brigadier General,0,Samuel,Sturgis,D.,
TN029,Confederate,William T. Martin,Major General,0,William,Martin,T.,
TN029,US,Samuel D. Sturgis,Brigadier General,0,Samuel,Sturgis,D.,
TN029,US,Edward M. McCook,Colonel,0,Edward,McCook,M.,
TN030,Confederate,Nathan Bedford Forrest,Major General,0,Nathan,Forrest,Bedford,
TN030,US,Lionel F. Booth,Major,0,Lionel,Booth,F.,
TN030,US,William F. Bradford,Major,0,William,Bradford,F.,
TN031,Confederate,Nathan Bedford Forrest,Brigadier General,0,Nathan,Forrest,Bedford,
TN031,US,C.C. Washburn,Major General,0,C.C.,Washburn,,
TN032,Confederate,Nathan Bedford Forrest,Major General,0,Nathan,Forrest,Bedford,
TN032,US,C.R. Thompson,Colonel,0,C.R.,Thompson,,
TN032,US,Edward M. King,Lieutenant Commander,1,Edward,King,M.,
TN033,Confederate,John C. Breckinridge,Major General,0,John,Breckinridge,C.,
TN033,US,Alvan C. Gillem,Brigadier General,0,Alvan,Gillem,C.,
TN034,Confederate,John Bell Hood,General,0,John,Hood,Bell,
TN034,US,John M. Schofield,Major General,0,John,Schofield,M.,
TN035,Confederate,John Bell Hood,General,0,John,Hood,Bell,
TN035,US,John M. Schofield,Major General,0,John,Schofield,M.,
TN036,Confederate,John Bell Hood,General,0,John,Hood,Bell,
TN036,US,John M. Schofield,Major General,0,John,Schofield,M.,
TN037,Confederate,Nathan Bedford Forrest,Major General,0,Nathan,Forrest,Bedford,
TN037,US,Lovell H. Rousseau,Major General,0,Lovell,Rousseau,H.,
TN037,US,Robert Milroy,Brigadier General,0,Robert,Milroy,,
TN038,Confederate,John Bell Hood,General,0,John,Hood,Bell,
TN038,US,George H. Thomas,Major General,0,George,Thomas,H.,
TX001,Confederate,J.S. Irvine,Major,0,J.S.,Irvine,,
TX001,US,Frederick Crocker,Acting Master,1,Frederick,Crocker,,
TX002,Confederate,Joseph J. Cook,Colonel,0,Joseph,Cook,J.,
TX002,Confederate,X.B. Debray,Colonel,0,X.B.,Debray,,
TX002,US,W.B. Renshaw,Commander,1,W.B.,Renshaw,,
TX003,Confederate,John B. Magruder,Major General,0,John,Magruder,B.,
TX003,US,Isaac S. Burrell,Colonel,0,Isaac,Burrell,S.,
TX003,US,W.B. Renshaw,Commander,1,W.B.,Renshaw,,
TX005,Confederate,"John S. ""Rip"" Ford",Colonel,0,John,Ford,S.,
TX005,US,Theodore H. Barrett,Colonel,0,Theodore,Barrett,H.,
TX006,Confederate,Richard W. Dowling,Lieutenant,0,Richard,Dowling,W.,
TX006,US,William B. Franklin,Major General,0,William,Franklin,B.,
TX006,US,Frederick Crocker,Captain,1,Frederick,Crocker,,
VA001,Confederate,Walter Gwynn,Brigadier General,0,Walter,Gwynn,,
VA001,Confederate,Peyton Colquitt,Captain,0,Peyton,Colquitt,,
VA001,US,D.L. Braine,Lieutenant,1,D.L.,Braine,,
VA002,Confederate,Daniel Ruggles,Colonel,0,Daniel,Ruggles,,
VA002,US,James H. Ward,Commander,1,James,Ward,H.,
VA003,Confederate,John B. Magruder,Colonel,0,John,Magruder,B.,
VA003,Confederate,D.H. Hill,Colonel,0,D.H.,Hill,,
VA003,US,Ebenezer Pierce,Brigadier General,0,Ebenezer,Pierce,,
VA004,Confederate,P.G.T. Beauregard,Brigadier General,0,P.G.T.,Beauregard,,
VA004,US,Irvin McDowell,Brigadier General,0,Irvin,McDowell,,
VA005,Confederate,Joseph E. Johnston,Brigadier General,0,Joseph,Johnston,E.,
VA005,Confederate,P.G.T. Beauregard,Brigadier General,0,P.G.T.,Beauregard,,
VA005,US,Irvin McDowell,Brigadier General,0,Irvin,McDowell,,
VA006,Confederate,Nathan Evans,Brigadier General,0,Nathan,Evans,,
VA006,US,Charles P. Stone,Brigadier General,0,Charles,Stone,P.,
VA006,US,Edward Baker,Colonel,0,Edward,Baker,,
VA007,Confederate,J.E.B. Stuart,Brigadier General,0,J.E.B.,Stuart,,
VA007,US,Edward O.C. Ord,Brigadier General,0,Edward,Ord,O.C.,
VA008,Confederate,Franklin Buchanan,Captain,1,Franklin,Buchanan,,
VA008,Confederate,Catesby R. Jones,Lieutenant,1,Catesby,Jones,R.,
VA008,US,John Worden,Lieutenant,1,John,Worden,,
VA009,Confederate,John B. Magruder,Major General,0,John,Magruder,B.,
VA009,Confederate,Joseph E. Johnston,General,0,Joseph,Johnston,E.,
VA009,US,George B. McClellan,Major General,0,George,McClellan,B.,
VA010,Confederate,James Longstreet,Major General,0,James,Longstreet,,
VA010,US,George B. McClellan,Major General,0,George,McClellan,B.,
VA011,Confederate,Gustavius W. Smith,Major General,0,Gustavius,Smith,W.,
VA011,US,William B. Franklin,Brigadier General,0,William,Franklin,B.,
VA012,Confederate,E. Farrand,Commander,1,E.,Farrand,,
VA012,Confederate,William Mahone,Brigadier General,0,William,Mahone,,
VA012,Confederate,S. S. Lee,Captain,1,S.,Lee,S.,
VA012,Confederate,John Taylor Wood,Lieutenant,0,John,Wood,Taylor,
VA012,US,John Rodgers,Commander,1,John,Rodgers,,
VA013,Confederate,Lawrence O'B. Branch,Brigadier General,0,Lawrence,Branch,O'B.,
VA013,US,Fitz John Porter,Brigadier General,0,Fitz,Porter,John,
VA014,Confederate,Joseph E. Johnston,General,0,Joseph,Johnston,E.,
VA014,Confederate,Gustavius W. Smith,Major General,0,Gustavius,Smith,W.,
VA014,US,George B. McClellan,Major General,0,George,McClellan,B.,
VA015,Confederate,Robert E. Lee,General,0,Robert,Lee,E.,
VA015,US,George B. McClellan,Major General,0,George,McClellan,B.,
VA016,Confederate,Robert E. Lee,General,0,Robert,Lee,E.,
VA016,US,Fitz John Porter,Brigadier General,0,Fitz,Porter,John,
VA017,Confederate,Robert E. Lee,General,0,Robert,Lee,E.,
VA017,US,Fitz John Porter,Brigadier General,0,Fitz,Porter,John,
VA018,Confederate,John B. Magruder,Major General,0,John,Magruder,B.,
VA018,US,George B. McClellan,Major General,0,George,McClellan,B.,
VA019,Confederate,John B. Magruder,Major General,0,John,Magruder,B.,
VA019,US,Edwin Sumner,Major General,0,Edwin,Sumner,,
VA020,Confederate,Robert E. Lee,General,0,Robert,Lee,E.,
VA020,Confederate,Thomas J. Jackson,Major General,0,Thomas,Jackson,J.,
VA020,US,William Franklin,Major General,0,William,Franklin,,
VA020,US,George B. McClellan,Major General,0,George,McClellan,B.,
VA020A,Confederate,Thomas J. Jackson,Major General,0,Thomas,Jackson,J.,
VA020A,US,William B. Franklin,Major General,0,William,Franklin,B.,
VA020B,Confederate,Robert E. Lee,General,0,Robert,Lee,E.,
VA020B,US,George B. McClellan,Major General,0,George,McClellan,B.,
VA021,Confederate,Robert E. Lee,General,0,Robert,Lee,E.,
VA021,US,George B. McClellan,Major General,0,George,McClellan,B.,
VA022,Confederate,Thomas J. Jackson,Major General,0,Thomas,Jackson,J.,
VA022,US,Nathaniel P. Banks,Major General,0,Nathaniel,Banks,P.,
VA023,Confederate,Thomas J. Jackson,Major General,0,Thomas,Jackson,J.,
VA023,US,John Pope,Major General,0,John,Pope,,
VA024,Confederate,Thomas J. Jackson,Major General,0,Thomas,Jackson,J.,
VA024,US,G.W. Taylor,Brigadier General,0,G.W.,Taylor,,
VA025,Confederate,James Longstreet,Lieutenant General,0,James,Longstreet,,
VA025,US,James Ricketts,Brigadier General,0,James,Ricketts,,
VA026,Confederate,Robert E. Lee,General,0,Robert,Lee,E.,
VA026,Confederate,Thomas J. Jackson,Major General,0,Thomas,Jackson,J.,
VA026,US,John Pope,Major General,0,John,Pope,,
VA027,Confederate,Thomas J. Jackson,Major General,0,Thomas,Jackson,J.,
VA027,US,Philip Kearny,Major General,0,Philip,Kearny,,
VA027,US,Isaac Stevens,Major General,0,Isaac,Stevens,,
VA028,Confederate,Robert E. Lee,General,0,Robert,Lee,E.,
VA028,US,Ambrose E. Burnside,Major General,0,Ambrose,Burnside,E.,
VA029,Confederate,Fitzhugh Lee,Brigadier General,0,Fitzhugh,Lee,,
VA029,US,William W. Averell,Brigadier General,0,William,Averell,W.,
VA030,Confederate,James Longstreet,Lieutenant General,0,James,Longstreet,,
VA030,US,John Peck,Brigadier General,0,John,Peck,,
VA031,Confederate,James Longstreet,Lieutenant General,0,James,Longstreet,,
VA031,US,John Peck,Brigadier General,0,John,Peck,,
VA032,Confederate,Robert E. Lee,General,0,Robert,Lee,E.,
VA032,Confederate,Thomas J. Jackson,Major General,0,Thomas,Jackson,J.,
VA032,US,Joseph Hooker,Major General,0,Joseph,Hooker,,
VA033,Confederate,Robert E. Lee,General,0,Robert,Lee,E.,
VA033,US,John Sedgwick,Major General,0,John,Sedgwick,,
VA034,Confederate,Jubal A. Early,Major General,0,Jubal,Early,A.,
VA034,US,John Sedgwick,Major General,0,John,Sedgwick,,
VA035,Confederate,J.E.B. Stuart,Major General,0,J.E.B.,Stuart,,
VA035,US,Alfred Pleasonton,Major General,0,Alfred,Pleasonton,,
VA036,Confederate,Thomas Munford,Colonel,0,Thomas,Munford,,
VA036,US,H. Judson Kilpatrick,Brigadier General,0,H.,Kilpatrick,Judson,
VA037,Confederate,J.E.B. Stuart,Major General,0,J.E.B.,Stuart,,
VA037,US,David M. Gregg,Brigadier General,0,David,Gregg,M.,
VA038,Confederate,Wade Hampton,Brigadier General,0,Wade,Hampton,,
VA038,Confederate,Beverly Robertson,Brigadier General,0,Beverly,Robertson,,
VA038,US,Alfred Pleasonton,Major General,0,Alfred,Pleasonton,,
VA039,Confederate,J.E.B. Stuart,Major General,0,J.E.B.,Stuart,,
VA039,US,William H. French,Major General,0,William,French,H.,
VA040,Confederate,A.P. Hill,Lieutenant General,0,A.P.,Hill,,
VA040,US,G.K. Warren,Major General,0,G.K.,Warren,,
VA041,Confederate,J.E.B. Stuart,Major General,0,J.E.B.,Stuart,,
VA041,US,G.K. Warren,Major General,0,G.K.,Warren,,
VA042,Confederate,J.E.B. Stuart,Major General,0,J.E.B.,Stuart,,
VA042,US,H. Judson Kilpatrick,Major General,0,H.,Kilpatrick,Judson,
VA043,Confederate,Robert E. Lee,General,0,Robert,Lee,E.,
VA043,US,George G. Meade,Major General,0,George,Meade,G.,
VA044,Confederate,Robert E. Lee,General,0,Robert,Lee,E.,
VA044,US,George G. Meade,Major General,0,George,Meade,G.,
VA045,Confederate,Richard S. Ewell,Lieutenant General,0,Richard,Ewell,S.,
VA045,US,J.C. Caldwell,Brigadier General,0,J.C.,Caldwell,,
VA046,Confederate,Robert E. Lee,General,0,Robert,Lee,E.,
VA046,US,Ulysses S. Grant,Lieutenant General,0,Ulysses,Grant,S.,
VA046,US,George G. Meade,Major General,0,George,Meade,G.,
VA047,Confederate,Johnson Hagood,Brigadier General,0,Johnson,Hagood,,
VA047,US,Benjamin Butler,Major General,0,Benjamin,Butler,,
VA048,Confederate,Robert E. Lee,General,0,Robert,Lee,E.,
VA048,US,Ulysses S. Grant,Lieutenant General,0,Ulysses,Grant,S.,
VA048,US,George G. Meade,Major General,0,George,Meade,G.,
VA049,Confederate,Albert Jenkins,Brigadier General,0,Albert,Jenkins,,
VA049,US,George Crook,Brigadier General,0,George,Crook,,
VA050,Confederate,P.G.T. Beauregard,General,0,P.G.T.,Beauregard,,
VA050,US,Benjamin Butler,Major General,0,Benjamin,Butler,,
VA051,Confederate,P.G.T. Beauregard,General,0,P.G.T.,Beauregard,,
VA051,US,Benjamin Butler,Major General,0,Benjamin,Butler,,
VA052,Confederate,J.E.B. Stuart,Major General,0,J.E.B.,Stuart,,
VA052,US,Philip Sheridan,Major General,0,Philip,Sheridan,,
VA053,Confederate,P.G.T. Beauregard,General,0,P.G.T.,Beauregard,,
VA053,US,Benjamin Butler,Major General,0,Benjamin,Butler,,
VA054,Confederate,P.G.T. Beauregard,General,0,P.G.T.,Beauregard,,
VA054,US,Benjamin Butler,Major General,0,Benjamin,Butler,,
VA055,Confederate,Robert E. Lee,General,0,Robert,Lee,E.,
VA055,US,Ulysses S. Grant,Lieutenant General,0,Ulysses,Grant,S.,
VA055,US,George G. Meade,Major General,0,George,Meade,G.,
VA056,Confederate,Fitzhugh Lee,Major General,0,Fitzhugh,Lee,,
VA056,US,Edward Wild,Brigadier General,0,Edward,Wild,,
VA057,Confederate,Robert E. Lee,General,0,Robert,Lee,E.,
VA057,US,Ulysses S. Grant,Lieutenant General,0,Ulysses,Grant,S.,
VA057,US,George G. Meade,Major General,0,George,Meade,G.,
VA058,Confederate,Fitzhugh Lee,Major General,0,Fitzhugh,Lee,,
VA058,Confederate,Wade Hampton,Major General,0,Wade,Hampton,,
VA058,US,David M. Gregg,Brigadier General,0,David,Gregg,M.,
VA059,Confederate,Matthew C. Butler,Brigadier General,0,Matthew,Butler,C.,
VA059,US,Alfred Torbert,Brigadier General,0,Alfred,Torbert,,
VA062,Confederate,Robert E. Lee,General,0,Robert,Lee,E.,
VA062,US,Ulysses S. Grant,Lieutenant General,0,Ulysses,Grant,S.,
VA062,US,George G. Meade,Major General,0,George,Meade,G.,
VA063,Confederate,Robert E. Lee,General,0,Robert,Lee,E.,
VA063,Confederate,P.G.T. Beauregard,General,0,P.G.T.,Beauregard,,
VA063,US,Ulysses S. Grant,Lieutenant General,0,Ulysses,Grant,S.,
VA063,US,George G. Meade,Major General,0,George,Meade,G.,
VA064,Confederate,Jubal A. Early,Lieutenant General,0,Jubal,Early,A.,
VA064,US,David Hunter,Major General,0,David,Hunter,,
VA065,Confederate,Robert E. Lee,General,0,Robert,Lee,E.,
VA065,US,Ulysses S. Grant,Lieutenant General,0,Ulysses,Grant,S.,
VA065,US,George G. Meade,Major General,0,George,Meade,G.,
VA066,Confederate,Wade Hampton,Major General,0,Wade,Hampton,,
VA066,US,Philip Sheridan,Major General,0,Philip,Sheridan,,
VA067,Confederate,Wade Hampton,Major General,0,Wade,Hampton,,
VA067,US,James H. Wilson,Brigadier General,0,James,Wilson,H.,
VA067,US,August Kautz,Brigadier General,0,August,Kautz,,
VA068,Confederate,William Mahone,Major General,0,William,Mahone,,
VA068,Confederate,Fitzhugh Lee,Major General,0,Fitzhugh,Lee,,
VA068,US,James H. Wilson,Major General,0,James,Wilson,H.,
VA068,US,August Kautz,Brigadier General,0,August,Kautz,,
VA069,Confederate,Charles Field,Major General,0,Charles,Field,,
VA069,US,Winfield Scott Hancock,Major General,0,Winfield,Hancock,Scott,
VA070,Confederate,Robert E. Lee,General,0,Robert,Lee,E.,
VA070,US,Ambrose E. Burnside,Major General,0,Ambrose,Burnside,E.,
VA071,Confederate,Robert E. Lee,General,0,Robert,Lee,E.,
VA071,Confederate,Charles Field,Major General,0,Charles,Field,,
VA071,US,Winfield Scott Hancock,Major General,0,Winfield,Hancock,Scott,
VA072,Confederate,Robert E. Lee,General,0,Robert,Lee,E.,
VA072,Confederate,A.P. Hill,Lieutenant General,0,A.P.,Hill,,
VA072,Confederate,Henry Heth,Major General,0,Henry,Heth,,
VA072,Confederate,William Mahone,Major General,0,William,Mahone,,
VA072,US,G.K. Warren,Major General,0,G.K.,Warren,,
VA073,Confederate,Henry Heth,Major General,0,Henry,Heth,,
VA073,US,Winfield Scott Hancock,Major General,0,Winfield,Hancock,Scott,
VA074,Confederate,A.P. Hill,Lieutenant General,0,A.P.,Hill,,
VA074,Confederate,Wade Hampton,Major General,0,Wade,Hampton,,
VA074,US,George G. Meade,Major General,0,George,Meade,G.,
VA074,US,John G. Parke,Major General,0,John,Parke,G.,
VA074,US,G.K. Warren,Major General,0,G.K.,Warren,,
VA075,Confederate,Robert E. Lee,General,0,Robert,Lee,E.,
VA075,Confederate,Richard S. Ewell,Lieutenant General,0,Richard,Ewell,S.,
VA075,US,Benjamin Butler,Major General,0,Benjamin,Butler,,
VA076,Confederate,Alfred E. Jackson,Brigadier General,0,Alfred,Jackson,E.,
VA076,US,Stephen Burbridge,Brigadier General,0,Stephen,Burbridge,,
VA077,Confederate,Robert E. Lee,General,0,Robert,Lee,E.,
VA077,US,August Kautz,Brigadier General,0,August,Kautz,,
VA077,US,David Birney,Major General,0,David,Birney,,
VA078,Confederate,Richard Anderson,Lieutenant General,0,Richard,Anderson,,
VA078,US,Alfred H. Terry,Major General,0,Alfred,Terry,H.,
VA079,Confederate,Henry Heth,Major General,0,Henry,Heth,,
VA079,US,Winfield Scott Hancock,Major General,0,Winfield,Hancock,Scott,
VA080,Confederate,James Longstreet,Lieutenant General,0,James,Longstreet,,
VA080,US,Benjamin Butler,Major General,0,Benjamin,Butler,,
VA081,Confederate,John C. Breckinridge,Major General,0,John,Breckinridge,C.,
VA081,US,George Stoneman,Major General,0,George,Stoneman,,
VA082,Confederate,John C. Breckinridge,Major General,0,John,Breckinridge,C.,
VA082,US,George Stoneman,Major General,0,George,Stoneman,,
VA083,Confederate,John B. Gordon,Major General,0,John,Gordon,B.,
VA083,US,A.A. Humphreys,Major General,0,A.A.,Humphreys,,
VA083,US,G.K. Warren,Major General,0,G.K.,Warren,,
VA084,Confederate,Robert E. Lee,General,0,Robert,Lee,E.,
VA084,Confederate,John B. Gordon,Major General,0,John,Gordon,B.,
VA084,US,John G. Parke,Major General,0,John,Parke,G.,
VA085,Confederate,Bushrod R. Johnson,Major General,0,Bushrod,Johnson,R.,
VA085,US,G.K. Warren,Major General,0,G.K.,Warren,,
VA086,Confederate,George Pickett,Major General,0,George,Pickett,,
VA086,Confederate,Fitzhugh Lee,Major General,0,Fitzhugh,Lee,,
VA086,US,Philip Sheridan,Major General,0,Philip,Sheridan,,
VA087,Confederate,Robert E. Lee,General,0,Robert,Lee,E.,
VA087,Confederate,Richard Anderson,Lieutenant General,0,Richard,Anderson,,
VA087,US,G.K. Warren,Major General,0,G.K.,Warren,,
VA088,Confederate,George Pickett,Major General,0,George,Pickett,,
VA088,US,Philip Sheridan,Major General,0,Philip,Sheridan,,
VA089,Confederate,Robert E. Lee,General,0,Robert,Lee,E.,
VA089,US,Ulysses S. Grant,Lieutenant General,0,Ulysses,Grant,S.,
VA090,Confederate,Henry Heth,Major General,0,Henry,Heth,,
VA090,Confederate,Cadmus Wilcox,Major General,0,Cadmus,Wilcox,,
VA090,US,Nelson A. Miles,Major General,0,Nelson,Miles,A.,
VA091,Confederate,Thomas Rosser,Major General,0,Thomas,Rosser,,
VA091,Confederate,Fitzhugh Lee,Major General,0,Fitzhugh,Lee,,
VA091,US,George Crook,Major General,0,George,Crook,,
VA092,Confederate,James Longstreet,Lieutenant General,0,James,Longstreet,,
VA092,US,John Gibbon,Major General,0,John,Gibbon,,
VA093,Confederate,Richard S. Ewell,Lieutenant General,0,Richard,Ewell,S.,
VA093,Confederate,John B. Gordon,Major General,0,John,Gordon,B.,
VA093,US,Philip Sheridan,Major General,0,Philip,Sheridan,,
VA094,Confederate,Robert E. Lee,General,0,Robert,Lee,E.,
VA094,US,A.A. Humphreys,Major General,0,A.A.,Humphreys,,
VA095,Confederate,Thomas Rosser,Major General,0,Thomas,Rosser,,
VA095,Confederate,William Mahone,Major General,0,William,Mahone,,
VA095,US,T. Read,Colonel,0,T.,Read,,
VA095,US,A. A. Humphreys,Major General,0,A.,Humphreys,A.,
VA096,Confederate,Lindsay Walker,Brigadier General,0,Lindsay,Walker,,
VA096,US,George A. Custer,Major General,0,George,Custer,A.,
VA097,Confederate,Robert E. Lee,General,0,Robert,Lee,E.,
VA097,US,Ulysses S. Grant,Lieutenant General,0,Ulysses,Grant,S.,
VA098,Confederate,P.G.T. Beauregard,General,0,P.G.T.,Beauregard,,
VA098,US,Quincy Gillmore,Major General,0,Quincy,Gillmore,,
VA099,Confederate,Wade Hampton,Major General,0,Wade,Hampton,,
VA099,US,Philip Sheridan,Major General,0,Philip,Sheridan,,
VA100,Confederate,Samuel G. French,Brigadier General,0,Samuel,French,G.,
VA100,US,R.H. Wyman,Lieutenant,0,R.H.,Wyman,,
VA101,Confederate,Thomas J. Jackson,Major General,0,Thomas,Jackson,J.,
VA101,US,Nathan Kimball,Colonel,0,Nathan,Kimball,,
VA102,Confederate,Thomas J. Jackson,Major General,0,Thomas,Jackson,J.,
VA102,US,Robert Milroy,Brigadier General,0,Robert,Milroy,,
VA102,US,Robert Schenck,Brigadier General,0,Robert,Schenck,,
VA103,Confederate,Thomas J. Jackson,Major General,0,Thomas,Jackson,J.,
VA103,US,John R. Kenly,Colonel,0,John,Kenly,R.,
VA104,Confederate,Thomas J. Jackson,Major General,0,Thomas,Jackson,J.,
VA104,US,Nathaniel P. Banks,Major General,0,Nathaniel,Banks,P.,
VA105,Confederate,Richard S. Ewell,Major General,0,Richard,Ewell,S.,
VA105,US,John C. Frémont,Major General,0,John,Frémont,C.,
VA106,Confederate,Thomas J. Jackson,Major General,0,Thomas,Jackson,J.,
VA106,US,Erastus Tyler,Brigadier General,0,Erastus,Tyler,,
VA107,Confederate,Richard S. Ewell,Lieutenant General,0,Richard,Ewell,S.,
VA107,US,Robert Milroy,Brigadier General,0,Robert,Milroy,,
VA108,Confederate,Richard Anderson,Major General,0,Richard,Anderson,,
VA108,US,William H. French,Major General,0,William,French,H.,
VA109,Confederate,William E. Jones,Brigadier General,0,William,Jones,E.,
VA109,US,William W. Averell,Brigadier General,0,William,Averell,W.,
VA110,Confederate,John C. Breckinridge,Major General,0,John,Breckinridge,C.,
VA110,US,Franz Sigel,Major General,0,Franz,Sigel,,
VA111,Confederate,William E. Jones,Brigadier General,0,William,Jones,E.,
VA111,US,David Hunter,Major General,0,David,Hunter,,
VA113,Confederate,"William H.F. ""Rooney"" Lee",Major General,0,William,Lee,H.F.,
VA113,US,James H. Wilson,Brigadier General,0,James,Wilson,H.,
VA113,US,August Kautz,Brigadier General,0,August,Kautz,,
VA114,Confederate,Jubal A. Early,Lieutenant General,0,Jubal,Early,A.,
VA114,US,Horatio Wright,Major General,0,Horatio,Wright,,
VA115,Confederate,S.D. Ramseur,Major General,0,S.D.,Ramseur,,
VA115,US,William W. Averell,Brigadier General,0,William,Averell,W.,
VA116,Confederate,Jubal A. Early,Lieutenant General,0,Jubal,Early,A.,
VA116,US,George Crook,Brigadier General,0,George,Crook,,
VA117,Confederate,Richard Anderson,Lieutenant General,0,Richard,Anderson,,
VA117,US,Wesley Merritt,Brigadier General,0,Wesley,Merritt,,
VA118,Confederate,Jubal A. Early,Lieutenant General,0,Jubal,Early,A.,
VA118,US,Philip Sheridan,Major General,0,Philip,Sheridan,,
VA119,Confederate,Jubal A. Early,Lieutenant General,0,Jubal,Early,A.,
VA119,US,Philip Sheridan,Major General,0,Philip,Sheridan,,
VA120,Confederate,Jubal A. Early,Lieutenant General,0,Jubal,Early,A.,
VA120,US,Philip Sheridan,Major General,0,Philip,Sheridan,,
VA121,Confederate,Thomas Rosser,Major General,0,Thomas,Rosser,,
VA121,US,Alfred Torbert,Brigadier General,0,Alfred,Torbert,,
VA122,Confederate,Jubal A. Early,Lieutenant General,0,Jubal,Early,A.,
VA122,US,Horatio Wright,Major General,0,Horatio,Wright,,
VA122,US,Philip Sheridan,Major General,0,Philip,Sheridan,,
VA123,Confederate,Jubal A. Early,Lieutenant General,0,Jubal,Early,A.,
VA123,US,Philip Sheridan,Major General,0,Philip,Sheridan,,
VA124,Confederate,Fitzhugh Lee,Major General,0,Fitzhugh,Lee,,
VA124,US,George A. Custer,Major General,0,George,Custer,A.,
VA125,Confederate,Wade Hampton,Major General,0,Wade,Hampton,,
VA125,US,H. Judson Kilpatrick,Brigadier General,0,H.,Kilpatrick,Judson,
VA125,US,Ulric Dahlgren,Colonel,0,Ulric,Dahlgren,,
WV001,Confederate,George A. Porterfield,Colonel,0,George,Porterfield,A.,
WV001,US,Thomas A. Morris,Colonel,0,Thomas,Morris,A.,
WV002,Confederate,Thomas J. Jackson,Brigadier General,0,Thomas,Jackson,J.,
WV002,US,Robert Patterson,Major General,0,Robert,Patterson,,
WV003,Confederate,John Pegram,Lieutenant Colonel,0,John,Pegram,,
WV003,Confederate,Robert S. Garnett,Brigadier General,0,Robert,Garnett,S.,
WV003,US,George B. McClellan,Major General,0,George,McClellan,B.,
WV003,US,William S. Rosecrans,Brigadier General,0,William,Rosecrans,S.,
WV004,Confederate,John Floyd,Brigadier General,0,John,Floyd,,
WV004,US,Erastus Tyler,Colonel,0,Erastus,Tyler,,
WV005,Confederate,Robert E. Lee,General,0,Robert,Lee,E.,
WV005,Confederate,Albert Rust,Colonel,0,Albert,Rust,,
WV005,US,Joseph Reynolds,Brigadier General,0,Joseph,Reynolds,,
WV006,Confederate,John Floyd,Brigadier General,0,John,Floyd,,
WV006,US,William S. Rosecrans,Brigadier General,0,William,Rosecrans,S.,
WV007,Confederate,Henry R. Jackson,Brigadier General,0,Henry,Jackson,R.,
WV007,US,Joseph Reynolds,Brigadier General,0,Joseph,Reynolds,,
WV008,Confederate,"Edward ""Allegheny"" Johnson",Colonel,0,Edward,Johnson,,
WV008,US,Robert Milroy,Brigadier General,0,Robert,Milroy,,
WV009,Confederate,Humphery Marshall,Brigadier General,0,Humphery,Marshall,,
WV009,US,Jacob D. Cox,Brigadier General,0,Jacob,Cox,D.,
WV010,Confederate,Thomas J. Jackson,Major General,0,Thomas,Jackson,J.,
WV010,US,Dixon S. Miles,Colonel,0,Dixon,Miles,S.,
WV012,Confederate,John Echols,Brigadier General,0,John,Echols,,
WV012,US,William W. Averell,Brigadier General,0,William,Averell,W.,
WV013,Confederate,John McCausland,Brigadier General,0,John,McCausland,,
WV013,US,William W. Averell,Brigadier General,0,William,Averell,W.,
WV014,Confederate,Jubal A. Early,Lieutenant General,0,Jubal,Early,A.,
WV014,US,Philip Sheridan,Major General,0,Philip,Sheridan,,
WV015,Confederate,Jubal A. Early,Lieutenant General,0,Jubal,Early,A.,
WV015,US,Wesley Merritt,Brigadier General,0,Wesley,Merritt,,
WV016,Confederate,William Pendleton,Brigadier General,0,William,Pendleton,,
WV016,Confederate,A.P. Hill,Major General,0,A.P.,Hill,,
WV016,US,Fitz John Porter,Major General,0,Fitz,Porter,John,
