[{"relation": "eq", "battles_from": ["U1"], "battles_to": ["VA003"]}, {"relation": "eq", "battles_from": ["U2"], "battles_to": ["MO002"]}, {"relation": "eq", "battles_from": ["U3"], "battles_to": ["WV003"]}, {"relation": "eq", "battles_from": ["U4"], "battles_to": ["VA004"]}, {"relation": "eq", "battles_from": ["U5"], "battles_to": ["VA005"]}, {"relation": "eq", "battles_from": ["U6"], "battles_to": ["MO004"]}, {"relation": "eq", "battles_from": ["U7"], "battles_to": ["WV006"]}, {"relation": "eq", "battles_from": ["U8"], "battles_to": ["WV007"]}, {"relation": "eq", "battles_from": ["U9"], "battles_to": ["VA006"]}, {"relation": "eq", "battles_from": ["U10"], "battles_to": ["MO009"]}, {"relation": "eq", "battles_from": ["U11"], "battles_to": ["WV008"]}, {"relation": "eq", "battles_from": ["U12"], "battles_to": ["VA007"]}, {"relation": "eq", "battles_from": ["U13"], "battles_to": ["KY006"]}, {"relation": "eq", "battles_from": ["U14"], "battles_to": ["NC002"]}, {"relation": "eq", "battles_from": ["U15"], "battles_to": ["TN002"]}, {"relation": "eq", "battles_from": ["U16"], "battles_to": ["MO012"]}, {"relation": "eq", "battles_from": ["U17"], "battles_to": ["AR001"]}, {"relation": "eq", "battles_from": ["U18"], "battles_to": ["NC003"]}, {"relation": "eq", "battles_from": ["U19"], "battles_to": ["VA101"]}, {"relation": "eq", "battles_from": ["U20"], "battles_to": ["TN003"]}, {"relation": "eq", "battles_from": ["U21"], "battles_to": ["NC005"]}, {"relation": "eq", "battles_from": ["U23"], "battles_to": ["VA010"]}, {"relation": "eq", "battles_from": ["U24"], "battles_to": ["VA011"]}, {"relation": "eq", "battles_from": ["U25"], "battles_to": ["VA102"]}, {"relation": "eq", "battles_from": ["U26"], "battles_to": ["WV009"]}, {"relation": "eq", "battles_from": ["U29"], "battles_to": ["VA103", "VA104"]}, {"relation": "eq", "battles_from": ["U30"], "battles_to": ["VA013"]}, {"relation": "eq", "battles_from": ["U31"], "battles_to": ["VA014"]}, {"relation": "eq", "battles_from": ["U32"], "battles_to": ["VA105"]}, {"relation": "eq", "battles_from": ["U33"], "battles_to": ["VA106"]}, {"relation": "eq", "battles_from": ["U34"], "battles_to": ["SC002"]}, {"relation": "eq", "battles_from": ["U35"], "battles_to": ["VA015"]}, {"relation": "eq", "battles_from": ["U36"], "battles_to": ["VA016"]}, {"relation": "eq", "battles_from": ["U37"], "battles_to": ["VA017"]}, {"relation": "eq", "battles_from": ["U38"], "battles_to": ["VA018"]}, {"relation": "eq", "battles_from": ["U39"], "battles_to": ["VA019"]}, {"relation": "eq", "battles_from": ["U40"], "battles_to": ["VA020"]}, {"relation": "eq", "battles_from": ["U41"], "battles_to": ["VA021"]}, {"relation": "eq", "battles_from": ["U42"], "battles_to": ["VA015", "VA016", "VA017", "VA018", "VA019", "VA020", "VA021"]}, {"relation": "eq", "battles_from": ["U43"], "battles_to": ["AR003"]}, {"relation": "eq", "battles_from": ["U44"], "battles_to": ["TN006"]}, {"relation": "eq", "battles_from": ["U45"], "battles_to": ["LA003"]}, {"relation": "eq", "battles_from": ["U46"], "battles_to": ["VA022"]}, {"relation": "eq", "battles_from": ["U47"], "battles_to": ["VA023", "VA024", "VA025", "VA026", "VA027"]}, {"relation": "eq", "battles_from": ["U48"], "battles_to": ["KY007"]}, {"relation": "eq", "battles_from": ["U50"], "battles_to": ["WV010"]}, {"relation": "eq", "battles_from": ["U52"], "battles_to": ["MD002"]}, {"relation": "eq", "battles_from": ["U53"], "battles_to": ["KY008"]}, {"relation": "eq", "battles_from": ["U54"], "battles_to": ["MD003"]}, {"relation": "eq", "battles_from": ["U55"], "battles_to": ["MS001"]}, {"relation": "eq", "battles_from": ["U56"], "battles_to": ["WV016"]}, {"relation": "eq", "battles_from": ["U57"], "battles_to": ["MS002"]}, {"relation": "eq", "battles_from": ["U58"], "battles_to": ["TN007"]}, {"relation": "eq", "battles_from": ["U59"], "battles_to": ["KY009"]}, {"relation": "eq", "battles_from": ["U62"], "battles_to": ["LA005"]}, {"relation": "eq", "battles_from": ["U64"], "battles_to": ["TN008"]}, {"relation": "eq", "battles_from": ["U65"], "battles_to": ["AR005"]}, {"relation": "eq", "battles_from": ["U66"], "battles_to": ["NC007"]}, {"relation": "eq", "battles_from": ["U67"], "battles_to": ["VA028"]}, {"relation": "eq", "battles_from": ["U68"], "battles_to": ["MS003"]}, {"relation": "eq", "battles_from": ["U69"], "battles_to": ["TN011"]}, {"relation": "eq", "battles_from": ["U70"], "battles_to": ["TN010"]}, {"relation": "eq", "battles_from": ["U71"], "battles_to": ["MO018"]}, {"relation": "eq", "battles_from": ["U72"], "battles_to": ["MO019"]}, {"relation": "eq", "battles_from": ["U73"], "battles_to": ["AR006"]}, {"relation": "eq", "battles_from": ["U75"], "battles_to": ["TN012"]}, {"relation": "eq", "battles_from": ["U76"], "battles_to": ["TN013"]}, {"relation": "eq", "battles_from": ["U77"], "battles_to": ["VA029"]}, {"relation": "eq", "battles_from": ["U78"], "battles_to": ["LA006"]}, {"relation": "eq", "battles_from": ["U79"], "battles_to": ["LA007"]}, {"relation": "eq", "battles_from": ["U80"], "battles_to": ["VA031"]}, {"relation": "eq", "battles_from": ["U81"], "battles_to": ["MS006"]}, {"relation": "eq", "battles_from": ["U82"], "battles_to": ["VA032", "VA033", "VA034"]}, {"relation": "eq", "battles_from": ["U82A"], "battles_to": ["VA033", "VA034"]}, {"relation": "eq", "battles_from": ["U83"], "battles_to": ["MS007"]}, {"relation": "eq", "battles_from": ["U84"], "battles_to": ["MS008"]}, {"relation": "eq", "battles_from": ["U85"], "battles_to": ["MS009"]}, {"relation": "eq", "battles_from": ["U86"], "battles_to": ["MS010"]}, {"relation": "eq", "battles_from": ["U87", "U88", "U89"], "battles_to": ["MS011"]}, {"relation": "eq", "battles_from": ["U90"], "battles_to": ["LA009"]}, {"relation": "eq", "battles_from": ["U91", "U92", "U93"], "battles_to": ["LA010"]}, {"relation": "eq", "battles_from": ["U95"], "battles_to": ["LA011"]}, {"relation": "eq", "battles_from": ["U96"], "battles_to": ["VA035"]}, {"relation": "eq", "battles_from": ["U97"], "battles_to": ["VA107"]}, {"relation": "eq", "battles_from": ["U98"], "battles_to": ["VA036"]}, {"relation": "eq", "battles_from": ["U99"], "battles_to": ["VA037"]}, {"relation": "eq", "battles_from": ["U100"], "battles_to": ["VA038"]}, {"relation": "eq", "battles_from": ["U101"], "battles_to": ["LA012"]}, {"relation": "eq", "battles_from": ["U103"], "battles_to": ["TN017"]}, {"relation": "eq", "battles_from": ["U106"], "battles_to": ["IN001", "OH001", "OH002"]}, {"relation": "eq", "battles_from": ["U107"], "battles_to": ["AR008"]}, {"relation": "eq", "battles_from": ["U109"], "battles_to": ["PA001"]}, {"relation": "eq", "battles_from": ["U110"], "battles_to": ["PA002"]}, {"relation": "eq", "battles_from": ["U112"], "battles_to": ["MD004"]}, {"relation": "eq", "battles_from": ["U113"], "battles_to": ["MD006"]}, {"relation": "eq", "battles_from": ["U118"], "battles_to": ["SC005"]}, {"relation": "eq", "battles_from": ["U119"], "battles_to": ["SC007"]}, {"relation": "eq", "battles_from": ["U120"], "battles_to": ["SC007"]}, {"relation": "eq", "battles_from": ["U123"], "battles_to": ["VA108"]}, {"relation": "eq", "battles_from": ["U126"], "battles_to": ["GA004"]}, {"relation": "eq", "battles_from": ["U127"], "battles_to": ["LA016"]}, {"relation": "eq", "battles_from": ["U128"], "battles_to": ["VA040"]}, {"relation": "eq", "battles_from": ["U130"], "battles_to": ["TN021"]}, {"relation": "eq", "battles_from": ["U132"], "battles_to": ["WV012"]}, {"relation": "eq", "battles_from": ["U133"], "battles_to": ["VA043"]}, {"relation": "eq", "battles_from": ["U135"], "battles_to": ["TN023"]}, {"relation": "eq", "battles_from": ["U137"], "battles_to": ["TN024"]}, {"relation": "eq", "battles_from": ["U137A", "U137B", "U137C"], "battles_to": ["TN024"]}, {"relation": "eq", "battles_from": ["U138"], "battles_to": ["GA005"]}, {"relation": "eq", "battles_from": ["U139"], "battles_to": ["VA044"]}, {"relation": "eq", "battles_from": ["U141"], "battles_to": ["TN026"]}, {"relation": "eq", "battles_from": ["U142"], "battles_to": ["TN027"]}, {"relation": "eq", "battles_from": ["U144"], "battles_to": ["VA045"]}, {"relation": "eq", "battles_from": ["U145"], "battles_to": ["FL005"]}, {"relation": "eq", "battles_from": ["U146"], "battles_to": ["GA006"]}, {"relation": "eq", "battles_from": ["U149"], "battles_to": ["LA018", "LA019"]}, {"relation": "eq", "battles_from": ["U150"], "battles_to": ["NC012"]}, {"relation": "eq", "battles_from": ["U151"], "battles_to": ["LA021"]}, {"relation": "eq", "battles_from": ["U152"], "battles_to": ["AR015"]}, {"relation": "eq", "battles_from": ["U153"], "battles_to": ["AR016"]}, {"relation": "eq", "battles_from": ["U155"], "battles_to": ["GA007", "GA008", "GA009", "GA010", "GA011", "GA012"]}, {"relation": "eq", "battles_from": ["U155A"], "battles_to": ["GA007"]}, {"relation": "eq", "battles_from": ["U155B"], "battles_to": ["GA008"]}, {"relation": "eq", "battles_from": ["U155C"], "battles_to": ["GA010"]}, {"relation": "eq", "battles_from": ["U155D"], "battles_to": ["GA012"]}, {"relation": "eq", "battles_from": ["U155F"], "battles_to": ["GA009"]}, {"relation": "eq", "battles_from": ["U156"], "battles_to": ["GA013", "GA014", "GA015"]}, {"relation": "eq", "battles_from": ["U156D", "U156F", "U156B", "U157A"], "battles_to": ["GA013"]}, {"relation": "eq", "battles_from": ["U156C"], "battles_to": ["GA014"]}, {"relation": "eq", "battles_from": ["U156E"], "battles_to": ["GA015"]}, {"relation": "eq", "battles_from": ["U157"], "battles_to": ["GA016", "GA017", "GA018"]}, {"relation": "eq", "battles_from": ["U157C"], "battles_to": ["GA016"]}, {"relation": "eq", "battles_from": ["U157D"], "battles_to": ["GA017"]}, {"relation": "eq", "battles_from": ["U157E"], "battles_to": ["GA018"]}, {"relation": "eq", "battles_from": ["U158"], "battles_to": ["GA019", "GA020"]}, {"relation": "eq", "battles_from": ["U158A"], "battles_to": ["GA019"]}, {"relation": "eq", "battles_from": ["U159"], "battles_to": ["GA022", "GA021"]}, {"relation": "eq", "battles_from": ["U160"], "battles_to": ["GA007", "GA008", "GA009", "GA010", "GA011", "GA012", "GA013", "GA014", "GA015", "GA016", "GA017", "GA018", "GA019", "GA020", "GA021", "GA022"]}, {"relation": "eq", "battles_from": ["U161"], "battles_to": ["VA046"]}, {"relation": "eq", "battles_from": ["U162"], "battles_to": ["VA048"]}, {"relation": "eq", "battles_from": ["U162A", "U162B", "U162C", "U162D", "U162E", "U162F"], "battles_to": ["VA048"]}, {"relation": "eq", "battles_from": ["U163"], "battles_to": ["VA047"]}, {"relation": "eq", "battles_from": ["U164"], "battles_to": ["VA051"]}, {"relation": "eq", "battles_from": ["U165"], "battles_to": ["VA053"]}, {"relation": "eq", "battles_from": ["U166"], "battles_to": ["VA054"]}, {"relation": "eq", "battles_from": ["U169"], "battles_to": ["VA049"]}, {"relation": "eq", "battles_from": ["U170"], "battles_to": ["VA052"]}, {"relation": "eq", "battles_from": ["U172"], "battles_to": ["VA110"]}, {"relation": "eq", "battles_from": ["U173"], "battles_to": ["LA023"]}, {"relation": "eq", "battles_from": ["U174"], "battles_to": ["VA055"]}, {"relation": "eq", "battles_from": ["U175"], "battles_to": ["VA057"]}, {"relation": "eq", "battles_from": ["U178"], "battles_to": ["VA062"]}, {"relation": "eq", "battles_from": ["U180"], "battles_to": ["VA111"]}, {"relation": "eq", "battles_from": ["U181"], "battles_to": ["MS014"]}, {"relation": "eq", "battles_from": ["U182"], "battles_to": ["VA064"]}, {"relation": "eq", "battles_from": ["U183"], "battles_to": ["VA099"]}, {"relation": "eq", "battles_from": ["U185"], "battles_to": ["VA066"]}, {"relation": "eq", "battles_from": ["U186"], "battles_to": ["VA063"]}, {"relation": "eq", "battles_from": ["U187"], "battles_to": ["VA065"]}, {"relation": "eq", "battles_from": ["U188"], "battles_to": ["VA113", "VA067", "VA068"]}, {"relation": "eq", "battles_from": ["U192"], "battles_to": ["MD007"]}, {"relation": "eq", "battles_from": ["U193"], "battles_to": ["DC001"]}, {"relation": "eq", "battles_from": ["U194"], "battles_to": ["MS015"]}, {"relation": "eq", "battles_from": ["U196"], "battles_to": ["VA115"]}, {"relation": "eq", "battles_from": ["U197"], "battles_to": ["VA116"]}, {"relation": "eq", "battles_from": ["U198"], "battles_to": ["VA069"]}, {"relation": "eq", "battles_from": ["U199"], "battles_to": ["VA070"]}, {"relation": "eq", "battles_from": ["U202"], "battles_to": ["VA071"]}, {"relation": "eq", "battles_from": ["U203"], "battles_to": ["VA072"]}, {"relation": "eq", "battles_from": ["U205"], "battles_to": ["VA073"]}, {"relation": "eq", "battles_from": ["U206", "U208"], "battles_to": ["WV015"]}, {"relation": "eq", "battles_from": ["U210"], "battles_to": ["VA118"]}, {"relation": "eq", "battles_from": ["U211"], "battles_to": ["VA119"]}, {"relation": "eq", "battles_from": ["U212"], "battles_to": ["VA120"]}, {"relation": "eq", "battles_from": ["U213"], "battles_to": ["MO021"]}, {"relation": "eq", "battles_from": ["U214"], "battles_to": ["VA075"]}, {"relation": "eq", "battles_from": ["U215"], "battles_to": ["VA074"]}, {"relation": "eq", "battles_from": ["U217"], "battles_to": ["VA076"]}, {"relation": "eq", "battles_from": ["U218"], "battles_to": ["GA023"]}, {"relation": "eq", "battles_from": ["U219"], "battles_to": ["VA077"]}, {"relation": "eq", "battles_from": ["U220"], "battles_to": ["VA121"]}, {"relation": "eq", "battles_from": ["U222"], "battles_to": ["VA078"]}, {"relation": "eq", "battles_from": ["U223"], "battles_to": ["VA122"]}, {"relation": "eq", "battles_from": ["U224"], "battles_to": ["MO024"]}, {"relation": "eq", "battles_from": ["U225"], "battles_to": ["MO025"]}, {"relation": "eq", "battles_from": ["U226"], "battles_to": ["AL004"]}, {"relation": "eq", "battles_from": ["U227"], "battles_to": ["VA079"]}, {"relation": "eq", "battles_from": ["U228"], "battles_to": ["VA080"]}, {"relation": "eq", "battles_from": ["U231"], "battles_to": ["GA025"]}, {"relation": "eq", "battles_from": ["U232"], "battles_to": ["SC010"]}, {"relation": "eq", "battles_from": ["U233"], "battles_to": ["TN036"]}, {"relation": "eq", "battles_from": ["U235"], "battles_to": ["TN037"]}, {"relation": "eq", "battles_from": ["U237"], "battles_to": ["GA028"]}, {"relation": "eq", "battles_from": ["U238"], "battles_to": ["TN038"]}, {"relation": "eq", "battles_from": ["U239"], "battles_to": ["VA081"]}, {"relation": "eq", "battles_from": ["U242"], "battles_to": ["NC015"]}, {"relation": "eq", "battles_from": ["U244"], "battles_to": ["SC011"]}, {"relation": "eq", "battles_from": ["U245"], "battles_to": ["VA083"]}, {"relation": "eq", "battles_from": ["U247", "U248"], "battles_to": ["NC016"]}, {"relation": "eq", "battles_from": ["U250"], "battles_to": ["FL006"]}, {"relation": "eq", "battles_from": ["U251"], "battles_to": ["NC017"]}, {"relation": "eq", "battles_from": ["U252"], "battles_to": ["NC018"]}, {"relation": "eq", "battles_from": ["U253"], "battles_to": ["NC019"]}, {"relation": "eq", "battles_from": ["U254"], "battles_to": ["NC020"]}, {"relation": "eq", "battles_from": ["U255", "U256"], "battles_to": ["VA084"]}, {"relation": "eq", "battles_from": ["U257"], "battles_to": ["VA085"]}, {"relation": "eq", "battles_from": ["U258"], "battles_to": ["VA087"]}, {"relation": "eq", "battles_from": ["U260"], "battles_to": ["VA086"]}, {"relation": "eq", "battles_from": ["U261"], "battles_to": ["VA088"]}, {"relation": "eq", "battles_from": ["U262"], "battles_to": ["AL007"]}, {"relation": "eq", "battles_from": ["U263"], "battles_to": ["VA089"]}, {"relation": "eq", "battles_from": ["U264"], "battles_to": ["VA124"]}, {"relation": "eq", "battles_from": ["U265"], "battles_to": ["VA091"]}, {"relation": "eq", "battles_from": ["U266"], "battles_to": ["VA093"]}, {"relation": "eq", "battles_from": ["U267"], "battles_to": ["VA094"]}, {"relation": "eq", "battles_from": ["U268"], "battles_to": ["AL005"]}, {"relation": "eq", "battles_from": ["U269"], "battles_to": ["AL006"]}, {"relation": "eq", "battles_from": ["C1"], "battles_to": ["VA005"]}, {"relation": "eq", "battles_from": ["C2"], "battles_to": ["MO004"]}, {"relation": "eq", "battles_from": ["C3"], "battles_to": ["WV007"]}, {"relation": "eq", "battles_from": ["C4"], "battles_to": ["VA006"]}, {"relation": "eq", "battles_from": ["C5"], "battles_to": ["MO009"]}, {"relation": "eq", "battles_from": ["C6"], "battles_to": ["WV008"]}, {"relation": "eq", "battles_from": ["C7"], "battles_to": ["VA007"]}, {"relation": "eq", "battles_from": ["C8"], "battles_to": ["KY006"]}, {"relation": "eq", "battles_from": ["C9"], "battles_to": ["NC002"]}, {"relation": "eq", "battles_from": ["C10"], "battles_to": ["TN002"]}, {"relation": "eq", "battles_from": ["C11"], "battles_to": ["NC003"]}, {"relation": "eq", "battles_from": ["C12"], "battles_to": ["VA101"]}, {"relation": "eq", "battles_from": ["C13"], "battles_to": ["TN003"]}, {"relation": "eq", "battles_from": ["C14"], "battles_to": ["NC005"]}, {"relation": "eq", "battles_from": ["C15"], "battles_to": ["VA010"]}, {"relation": "eq", "battles_from": ["C16"], "battles_to": ["VA011"]}, {"relation": "eq", "battles_from": ["C17"], "battles_to": ["VA102"]}, {"relation": "eq", "battles_from": ["C18"], "battles_to": ["VA103", "VA104"]}, {"relation": "eq", "battles_from": ["C19"], "battles_to": ["VA013"]}, {"relation": "eq", "battles_from": ["C20"], "battles_to": ["VA014"]}, {"relation": "eq", "battles_from": ["C22"], "battles_to": ["VA105"]}, {"relation": "eq", "battles_from": ["C23"], "battles_to": ["VA106"]}, {"relation": "eq", "battles_from": ["C24"], "battles_to": ["SC002"]}, {"relation": "eq", "battles_from": ["C25"], "battles_to": ["VA015", "VA016", "VA017", "VA018", "VA019", "VA020", "VA021"]}, {"relation": "eq", "battles_from": ["C25A"], "battles_to": ["VA015"]}, {"relation": "eq", "battles_from": ["C25B"], "battles_to": ["VA016"]}, {"relation": "eq", "battles_from": ["C25C"], "battles_to": ["VA017"]}, {"relation": "eq", "battles_from": ["C25D"], "battles_to": ["VA018"]}, {"relation": "eq", "battles_from": ["C25E"], "battles_to": ["VA019"]}, {"relation": "eq", "battles_from": ["C25F"], "battles_to": ["VA020"]}, {"relation": "eq", "battles_from": ["C25G"], "battles_to": ["VA021"]}, {"relation": "eq", "battles_from": ["C26"], "battles_to": ["LA003"]}, {"relation": "eq", "battles_from": ["C27"], "battles_to": ["VA022"]}, {"relation": "eq", "battles_from": ["C28"], "battles_to": ["KY007"]}, {"relation": "eq", "battles_from": ["C29"], "battles_to": ["VA023", "VA024", "VA026", "VA025", "VA027"]}, {"relation": "eq", "battles_from": ["C31"], "battles_to": ["WV010", "MD002", "MD003", "WV016"]}, {"relation": "eq", "battles_from": ["C32"], "battles_to": ["KY008"]}, {"relation": "eq", "battles_from": ["C33"], "battles_to": ["MS001"]}, {"relation": "eq", "battles_from": ["C34"], "battles_to": ["MS002", "TN007"]}, {"relation": "eq", "battles_from": ["C35"], "battles_to": ["KY009"]}, {"relation": "eq", "battles_from": ["C38"], "battles_to": ["TN008"]}, {"relation": "eq", "battles_from": ["C39"], "battles_to": ["AR005"]}, {"relation": "eq", "battles_from": ["C40"], "battles_to": ["NC007"]}, {"relation": "eq", "battles_from": ["C41"], "battles_to": ["VA028"]}, {"relation": "eq", "battles_from": ["C42"], "battles_to": ["MS003"]}, {"relation": "eq", "battles_from": ["C43"], "battles_to": ["TN010"]}, {"relation": "eq", "battles_from": ["C44"], "battles_to": ["MO018", "MO019"]}, {"relation": "eq", "battles_from": ["C46"], "battles_to": ["TN013"]}, {"relation": "eq", "battles_from": ["C47"], "battles_to": ["VA029"]}, {"relation": "eq", "battles_from": ["C48"], "battles_to": ["MS006"]}, {"relation": "eq", "battles_from": ["C49"], "battles_to": ["VA032", "VA033", "VA034"]}, {"relation": "eq", "battles_from": ["C50"], "battles_to": ["MS007"]}, {"relation": "eq", "battles_from": ["C51"], "battles_to": ["MS009"]}, {"relation": "eq", "battles_from": ["C52"], "battles_to": ["LA011"]}, {"relation": "eq", "battles_from": ["C53"], "battles_to": ["VA035"]}, {"relation": "eq", "battles_from": ["C53A"], "battles_to": ["VA035"]}, {"relation": "eq", "battles_from": ["C54"], "battles_to": ["VA038"]}, {"relation": "eq", "battles_from": ["C55"], "battles_to": ["VA107"]}, {"relation": "eq", "battles_from": ["C56"], "battles_to": ["PA001"]}, {"relation": "eq", "battles_from": ["C57"], "battles_to": ["PA002"]}, {"relation": "eq", "battles_from": ["C58"], "battles_to": ["AR008"]}, {"relation": "eq", "battles_from": ["C59"], "battles_to": ["MD004"]}, {"relation": "eq", "battles_from": ["C62"], "battles_to": ["LA009"]}, {"relation": "eq", "battles_from": ["C63"], "battles_to": ["LA010"]}, {"relation": "eq", "battles_from": ["C64"], "battles_to": ["SC005"]}, {"relation": "eq", "battles_from": ["C65"], "battles_to": ["SC005"]}, {"relation": "eq", "battles_from": ["C66"], "battles_to": ["SC007"]}, {"relation": "eq", "battles_from": ["C67"], "battles_to": ["SC007"]}, {"relation": "eq", "battles_from": ["C69"], "battles_to": ["GA004"]}, {"relation": "eq", "battles_from": ["C70"], "battles_to": ["VA042"]}, {"relation": "eq", "battles_from": ["C71"], "battles_to": ["VA040"]}, {"relation": "eq", "battles_from": ["C72"], "battles_to": ["TN021"]}, {"relation": "eq", "battles_from": ["C73"], "battles_to": ["WV012"]}, {"relation": "eq", "battles_from": ["C75"], "battles_to": ["VA043"]}, {"relation": "eq", "battles_from": ["C76"], "battles_to": ["TN024"]}, {"relation": "eq", "battles_from": ["C77"], "battles_to": ["VA044"]}, {"relation": "eq", "battles_from": ["C79"], "battles_to": ["TN023", "TN025"]}, {"relation": "eq", "battles_from": ["C80"], "battles_to": ["FL005"]}, {"relation": "eq", "battles_from": ["C83"], "battles_to": ["GA007", "GA008", "GA009"]}, {"relation": "eq", "battles_from": ["C84"], "battles_to": ["GA010", "GA011", "GA012"]}, {"relation": "eq", "battles_from": ["C85"], "battles_to": ["GA013", "GA015", "GA014"]}, {"relation": "eq", "battles_from": ["C86"], "battles_to": ["GA016", "GA017"]}, {"relation": "eq", "battles_from": ["C87"], "battles_to": ["GA019", "GA022"]}, {"relation": "eq", "battles_from": ["C87A"], "battles_to": ["GA019", "GA022"]}, {"relation": "eq", "battles_from": ["C89"], "battles_to": ["VA110"]}, {"relation": "eq", "battles_from": ["C90"], "battles_to": ["MS014"]}, {"relation": "eq", "battles_from": ["C92"], "battles_to": ["MS015"]}, {"relation": "eq", "battles_from": ["C93"], "battles_to": ["VA119"]}, {"relation": "eq", "battles_from": ["C94"], "battles_to": ["VA120"]}, {"relation": "eq", "battles_from": ["C95"], "battles_to": ["GA023"]}, {"relation": "eq", "battles_from": ["C96"], "battles_to": ["VA122"]}, {"relation": "eq", "battles_from": ["C97"], "battles_to": ["NC019"]}, {"relation": "eq", "battles_from": ["C98"], "battles_to": ["NC020"]}]