[{"battles_from": [1], "battles_to": ["VA005"], "relation": "eq"}, {"battles_from": [2], "battles_to": ["MO004"], "relation": "eq"}, {"battles_from": [3], "battles_to": ["TN002"], "relation": "eq"}, {"battles_from": [4], "battles_to": ["AR001"], "relation": "eq"}, {"battles_from": [5], "battles_to": ["TN003"], "relation": "eq"}, {"battles_from": [6], "battles_to": ["VA010"], "relation": "eq"}, {"battles_from": [7], "battles_to": ["VA014"], "relation": "eq"}, {"battles_from": [8], "battles_to": ["VA016"], "relation": "eq"}, {"battles_from": [9], "battles_to": ["VA017", "VA018"], "relation": "eq"}, {"battles_from": [10], "battles_to": ["VA019", "VA020", "VA021"], "relation": "eq"}, {"battles_from": [12], "battles_to": ["VA022"], "relation": "eq"}, {"battles_from": [13], "battles_to": ["VA026", "VA027"], "relation": "eq"}, {"battles_from": [14], "battles_to": ["KY007"], "relation": "eq"}, {"battles_from": [15], "battles_to": ["MD002"], "relation": "eq"}, {"battles_from": [16], "battles_to": ["MD003"], "relation": "eq"}, {"battles_from": [17], "battles_to": ["MS002"], "relation": "eq"}, {"battles_from": [18], "battles_to": ["KY009"], "relation": "eq"}, {"battles_from": [19], "battles_to": ["AR005"], "relation": "eq"}, {"battles_from": [20], "battles_to": ["VA028"], "relation": "eq"}, {"battles_from": [21], "battles_to": ["MS003"], "relation": "eq"}, {"battles_from": [22], "battles_to": ["TN010"], "relation": "eq"}, {"battles_from": [23], "battles_to": ["AR006"], "relation": "eq"}, {"battles_from": [24], "battles_to": ["VA032", "VA033", "VA034"], "relation": "eq"}, {"battles_from": [25], "battles_to": ["MS009"], "relation": "eq"}, {"battles_from": [26], "battles_to": ["MS011"], "relation": "lt"}, {"battles_from": [27, 28], "battles_to": ["LA010"], "relation": "lt"}, {"battles_from": [29], "battles_to": ["PA002"], "relation": "eq"}, {"battles_from": [30], "battles_to": ["SC007"], "relation": "eq"}, {"battles_from": [31], "battles_to": ["GA004"], "relation": "eq"}, {"battles_from": [32], "battles_to": ["TN024"], "relation": "eq"}, {"battles_from": [33], "battles_to": ["VA044"], "relation": "eq"}, {"battles_from": [34], "battles_to": ["FL005"], "relation": "eq"}, {"battles_from": [35], "battles_to": ["LA019"], "relation": "eq"}, {"battles_from": [36], "battles_to": ["VA046"], "relation": "eq"}, {"battles_from": [45], "battles_to": ["GA007", "GA008", "GA009", "GA010", "GA012", "GA011"], "relation": "neq"}, {"battles_from": [37, 38], "battles_to": ["VA048"], "relation": "eq"}, {"battles_from": [39], "battles_to": ["VA053"], "relation": "eq"}, {"battles_from": [40], "battles_to": ["VA062"], "relation": "eq"}, {"battles_from": [41], "battles_to": ["VA063"], "relation": "eq"}, {"battles_from": [49], "battles_to": ["GA017"], "relation": "eq"}, {"battles_from": [50], "battles_to": ["GA018"], "relation": "eq"}, {"battles_from": [42], "battles_to": ["VA070"], "relation": "eq"}, {"battles_from": [43], "battles_to": ["VA071"], "relation": "eq"}, {"battles_from": [44], "battles_to": ["VA072"], "relation": "eq"}, {"battles_from": [46], "battles_to": ["GA015"], "relation": "eq"}, {"battles_from": [47], "battles_to": ["MS015"], "relation": "eq"}, {"battles_from": [48], "battles_to": ["GA016"], "relation": "eq"}, {"battles_from": [51, 52], "battles_to": ["GA022"], "relation": "eq"}, {"battles_from": [53], "battles_to": ["VA119"], "relation": "eq"}, {"battles_from": [54], "battles_to": ["VA075"], "relation": "eq"}, {"battles_from": [55], "battles_to": ["VA122"], "relation": "eq"}, {"battles_from": [56], "battles_to": ["VA079"], "relation": "eq"}, {"battles_from": [57], "battles_to": ["TN036"], "relation": "eq"}, {"battles_from": [58], "battles_to": ["TN038"], "relation": "eq"}, {"battles_from": [59], "battles_to": ["VA083"], "relation": "eq"}, {"battles_from": [60], "battles_to": ["NC020"], "relation": "eq"}, {"battles_from": [61], "battles_to": ["VA085", "VA087", "VA086", "VA088", "VA089", "VA090", "VA091", "VA124", "VA093", "VA092", "VA094", "VA095", "VA096", "VA097"], "relation": "eq"}, {"battles_from": [62], "battles_to": ["VA086", "VA085", "VA087"], "relation": "eq"}, {"battles_from": [63], "battles_to": ["VA089"], "relation": "eq"}]