cwsac_id,belligerent,commander_number,commander,added,last_name,suffix,first_name,middle_name,middle_initial,rank,navy
AL001,Confederate,1,02b4fa9a-541a-45c7-9097-ab1aee538c6c,FALSE,Forrest,,Nathan,Bedford,B.,Brigadier General,0
AL001,US,1,5463bb0c-6295-43eb-840f-9eef5e4d6c05,FALSE,Streight,,Abel,,D.,Colonel,0
AL002,Confederate,1,653ec648-38c6-4ce7-8937-7ff593df6a43,FALSE,Hannon,,Moses,,W.,Lieutenant Colonel,0
AL002,US,1,770548cc-5346-41fa-98ac-1a2929e398a1,FALSE,Adams,,Emil,,,Captain,0
AL003,Confederate,1,12c2d009-5e2f-47cb-b9e7-31e07bc73edd,FALSE,Buchanan,,Frankiln,,,Admiral,1
AL003,Confederate,2,0aae1532-be13-4465-b162-a89c8b8dda4a,FALSE,Page,,Richard,Lucian,L.,Brigadier General,0
AL003,US,1,7a5f39ff-efc9-4ccd-a5ed-56ad106e2f26,FALSE,Farragut,,David,Glasgow,G.,Rear Admiral,1
AL003,US,2,c66b4ad0-8194-4dda-a234-c04e1e4e502e,FALSE,Granger,,Gordon,,,Major General,0
AL004,Confederate,1,84b6d739-3384-4291-86ba-f75ae6637069,FALSE,Hood,,John,Bell,B.,General,0
AL004,US,1,edd26ba8-b6b7-48dd-8b93-3e46475d0ac5,FALSE,Granger,,Robert,Seaman,S.,Brigadier General,0
AL005,Confederate,1,7171c4f3-6a55-4070-a7c9-86cf6fd8c183,FALSE,Gibson,,Randall,Lee,L.,Brigadier General,0
AL005,US,1,30a29258-21ca-4370-8924-ee4559fe526b,FALSE,Canby,,Edward,Richard Sprigg,R. S.,Major General,0
AL006,Confederate,1,b270d79d-e86c-43a2-889f-3346b6d2b18e,FALSE,Liddell,,St. John,Richardson,R.,Major General,0
AL006,US,1,30a29258-21ca-4370-8924-ee4559fe526b,FALSE,Canby,,Edward,Richard Sprigg,R. S.,Major General,0
AL007,Confederate,1,02b4fa9a-541a-45c7-9097-ab1aee538c6c,FALSE,Forrest,,Nathan,Bedford,B.,Lieutenant General,0
AL007,US,1,460c9e8f-625e-490f-8eda-7385907b8d3f,FALSE,Wilson,,James,Harrison,H.,Major General,0
AR001,Confederate,1,a68145ec-a562-494d-8e95-c9bd2e0ff473,FALSE,Van Dorn,,Earl,,,Major General,0
AR001,US,1,e08b618c-acc7-4502-9ef8-b8546572e22d,FALSE,Curtis,,Samuel,,R.,Brigadier General,0
AR002,Confederate,1,c44705ba-2251-4ab2-8ed8-449e7aa4a1f3,FALSE,Fry,,Joseph,,,Captain,1
AR002,US,1,8898d2e3-eb7a-498c-8d4f-0886008fbd28,FALSE,Fitch,,Graham,,N.,Colonel,0
AR002,US,2,1c4159d5-d3ad-4c81-b53d-02dead715a4f,FALSE,Kilty,,Augustus,Henry,H.,Commander,1
AR003,Confederate,1,839a5a85-49a8-41a6-b4a9-f76657c5d4fc,FALSE,Hindman,,Thomas,Carmichael,C.,Major General,0
AR003,Confederate,2,6370ad3b-9871-43c7-beb5-6db2824b3db7,FALSE,Parsons,,William,,H.,Colonel,0
AR003,US,1,c26f173d-b9e3-4afa-89d4-5928f663c844,FALSE,Hovey,,Charles,Edward,E.,Colonel,0
AR003,US,2,291cca7a-a675-404f-9c4d-7c55d227e81e,FALSE,Benton,,William,Plummer,P.,Brigadier General,0
AR004,Confederate,1,7b7bfdd4-920e-4d28-a2eb-44e33941d4b0,FALSE,Marmaduke,,John,,S.,Brigadier General,0
AR004,US,1,a3f15046-9028-421d-bbe0-fb6c341a991f,FALSE,Blunt,,James,,G.,Brigadier General,0
AR005,Confederate,1,839a5a85-49a8-41a6-b4a9-f76657c5d4fc,FALSE,Hindman,,Thomas,Carmichael,C.,Major General,0
AR005,US,1,42af3182-e310-412a-917c-4718d4f4dda6,FALSE,Herron,,Francis,Jay,J.,Brigadier General,0
AR005,US,2,a3f15046-9028-421d-bbe0-fb6c341a991f,FALSE,Blunt,,James,,G.,Brigadier General,0
AR006,Confederate,1,1a2052a6-2f63-45e6-a406-1f6eae7c8341,FALSE,Churchill,,Thomas,James,J.,Brigadier General,0
AR006,US,1,8da88a4c-d429-4247-a6e8-cba41f280a10,FALSE,Porter,,David,Dixon,D.,Acting Rear Admiral,1
AR006,US,2,ff3bef0a-370b-48a3-9e53-a77c9f9a5b35,FALSE,McClernand,,John,Alexander,A.,Major General,0
AR007,Confederate,1,7b7bfdd4-920e-4d28-a2eb-44e33941d4b0,FALSE,Marmaduke,,John,,S.,Brigadier General,0
AR007,US,1,e40d06fb-a659-4f50-add2-8aebb8d9156b,FALSE,Vandever,,William,,,Brigadier General,0
AR008,Confederate,1,65f2acff-a023-45b9-8957-6b89af4343b7,FALSE,Holmes,,Theophilus,Hunter,H.,Lieutenant General,0
AR008,US,1,84cac7af-39b5-4fda-af6a-303608eec2c3,FALSE,Prentiss,,Benjamin,Mayberry,M.,Major General,0
AR009,Confederate,1,74670315-8624-4010-bd86-1e4e2d5596f3,FALSE,Cabell,,William,Lewis,L.,Brigadier General,0
AR009,US,1,6910b429-cf7d-4766-ae47-194be94c58b2,FALSE,Cloud,,William,,F.,Colonel,0
AR010,Confederate,1,7b7bfdd4-920e-4d28-a2eb-44e33941d4b0,FALSE,Marmaduke,,John,,S.,Brigadier General,0
AR010,US,1,50a85216-8922-4d4f-93c9-e4fd108eb188,FALSE,Davidson,,John,Wynn,W.,Brigadier General,0
AR011,Confederate,1,7b7bfdd4-920e-4d28-a2eb-44e33941d4b0,FALSE,Marmaduke,,John,,S.,Brigadier General,0
AR011,US,1,65299168-a5f5-4a3b-8daa-7a9c0468c210,FALSE,Clayton,,Powell,,,Colonel,0
AR012,Confederate,1,7b7bfdd4-920e-4d28-a2eb-44e33941d4b0,FALSE,Marmaduke,,John,,S.,Brigadier General,0
AR012,US,1,d84237f6-ba30-44d3-9aa9-7e2aafed4d9a,FALSE,Steele,,Frederick,,,Major General,0
AR013,Confederate,1,1cd425bc-311a-42c3-9ba2-a16bc1db7eea,FALSE,Price,,Sterling,,,Major General,0
AR013,US,1,d84237f6-ba30-44d3-9aa9-7e2aafed4d9a,FALSE,Steele,,Frederick,,,Major General,0
AR014,Confederate,1,7b7bfdd4-920e-4d28-a2eb-44e33941d4b0,FALSE,Marmaduke,,John,,S.,Brigadier General,0
AR014,Confederate,2,3f0622ad-44c0-47f0-ae02-25b81a5bad3a,FALSE,Maxey,,Samuel,Bell,B.,Brigadier General,0
AR014,US,1,cb2cf7d8-0211-4695-99a1-4e3b3515b7ca,FALSE,Williams,,James,,M.,Colonel,0
AR015,Confederate,1,66599684-582c-4caa-aff0-7220f9c67c1f,FALSE,Fagan,,James,Fleming,F.,Brigadier General,0
AR015,US,1,23f64b08-7318-44a0-9e85-22ab893d84dc,FALSE,Drake,,Francis,Marion,M.,Lieutenant Colonel,0
AR016,Confederate,1,39787b04-6723-4729-957c-bddcae228832,FALSE,Smith,,Edmund,Kirby,K.,General,0
AR016,US,1,d84237f6-ba30-44d3-9aa9-7e2aafed4d9a,FALSE,Steele,,Frederick,,,Major General,0
AR017,Confederate,1,d0448aad-c7ec-418b-ad15-845e7ada97b3,FALSE,Greene,,Colton,,,Colonel,0
AR017,US,1,20e1eb2c-b6ef-40fd-9762-ebbac239e67b,FALSE,Mower,,Joseph,Anthony,A.,Brigadier General,0
CO001,Native American,1,a98adfd2-5920-48f4-bd44-fb5579662bee,FALSE,,,Black Kettle,,,,
CO001,US,1,a858e995-675f-4386-9c26-6579fa7533dc,FALSE,Chivington,,John,Milton,M.,Colonel,0
DC001,Confederate,1,77a0625d-2996-4af0-b46f-db7388f851d5,FALSE,Early,,Jubal,Anderson,A.,Lieutenant General,0
DC001,US,1,0feb9176-d689-4e1d-ac4a-6bb149fc6f5b,FALSE,Wright,,Horatio,Gouverneur,G.,Major General,0
DC001,US,2,e3e8f37d-3ef3-4e19-a040-7659fb38a1f8,FALSE,McCook,,Alexander,McDowell,M.,Major General,0
FL001,Confederate,1,306919f0-5ae8-4dee-ba37-0ea56b932b91,FALSE,Anderson,,Richard,Heron,H.,Brigadier General,0
FL001,US,1,16444c27-8f8e-4307-b6c0-1067bb94c99e,FALSE,Brown,,Harvey,,,Colonel,0
FL002,Confederate,1,2f520a28-640b-4e68-86d1-3c28b4f6051b,FALSE,Pearson,,J,,W.,Captain,0
FL002,US,1,fb7b56ed-bd6a-4f10-925d-d52129bc94ea,FALSE,Drake,,Andrew,,J.,Captain,1
FL003,Confederate,1,58e66a54-b9b1-44c5-8f83-8cf7387848ac,FALSE,Hopkins,,Charles,,F.,Lieutenant Colonel,0
FL003,US,1,0bbf8c45-2f41-4b08-98ce-222e943adac8,FALSE,Brannan,,John,Milton,M.,Brigadier General,0
FL004,Confederate,1,2798e67b-582e-4beb-b8ad-7a44586198c7,FALSE,Westcott,,John,,,Captain,0
FL004,US,1,b80b0b72-4280-4ce7-8e9a-23b812cb4561,FALSE,Semmes,,Alexander,Aldebaran,A.,Lieutenant Commander,1
FL005,Confederate,1,488f8bc8-8cb9-4ad0-ab8f-82fd06799387,FALSE,Finegan,,Joseph,,,Brigadier General,0
FL005,US,1,ae4b233a-c76c-41c5-a0bd-ad6340f39cb9,FALSE,Seymour,,Truman,,,Brigadier General,0
FL006,Confederate,1,3c4d96e5-9bc0-425b-b62c-9da5af232de6,FALSE,Jones,,Samuel,,,Major General,0
FL006,US,1,3308b7a8-1e72-4092-a3fd-172ee147356f,FALSE,Newton,,John,,,Major General,0
GA001,Confederate,1,517c59af-51f9-4b24-a7be-7f6636926484,FALSE,Olmstead,,Charles,Hart,H.,Colonel,0
GA001,US,1,5eec596f-c299-41da-96b6-984213b14c9e,FALSE,Hunter,,David,,,Major General,0
GA001,US,2,29c87347-958e-438f-b06a-5b3e586564cd,FALSE,Gillmore,,Quincy,Adams,A.,Captain,0
GA002,Confederate,1,0b058f90-1a89-4107-b4dc-1c950545a90c,FALSE,Anderson,,George,,A.,Captain,0
GA002,US,1,37171fb9-ae75-49cb-a0d7-2d16e0783adc,FALSE,Drayton,,Percival,,,Captain,1
GA003,Confederate,1,839a5a85-49a8-41a6-b4a9-f76657c5d4fc,FALSE,Hindman,,Thomas,Carmichael,C.,Major General,0
GA003,Confederate,2,f6caa729-7cfc-4aec-a064-e40c1cfdf01b,FALSE,Breckinridge,,John,Cabell,C.,Major General,0
GA003,US,1,3082b228-4ba0-4a46-b4ea-3557f87a7f81,FALSE,Negley,,James,Scott,S.,Major General,0
GA004,Confederate,1,4b5a15e5-6c5d-492c-9ab7-32d50419cf80,FALSE,Bragg,,Braxton,,,General,0
GA004,Confederate,2,0418b77d-5826-4c1d-9621-9d92c48d77b5,FALSE,Longstreet,,James,,,Lieutenant General,0
GA004,US,1,7d67c576-bbd4-4b23-ac53-300f9522f311,FALSE,Rosecrans,,William,Starke,S.,Major General,0
GA004,US,2,6951057d-db32-4db5-8b3e-dea0c1101a5f,FALSE,Thomas,,George,,H.,Major General,0
GA005,Confederate,1,6aa89d0e-8209-4236-869e-6de6b4865ca0,FALSE,Cleburne,,Patrick,Ronayne,R.,Major General,0
GA005,US,1,cfa9a700-f979-46ff-bfb1-4615441ccd55,FALSE,Hooker,,Joseph,,,Major General,0
GA006,Confederate,1,b0f7a304-f6c5-4a8d-b816-066426e5dc1c,FALSE,Johnston,,Joseph,,E.,General,0
GA006,US,1,6951057d-db32-4db5-8b3e-dea0c1101a5f,FALSE,Thomas,,George,,H.,Major General,0
GA007,Confederate,1,b0f7a304-f6c5-4a8d-b816-066426e5dc1c,FALSE,Johnston,,Joseph,,E.,General,0
GA007,US,1,72fc916d-f36e-4ffa-ab9c-bec7bde07002,FALSE,Sherman,,William,Tecumsheh,,Major General,0
GA008,Confederate,1,b0f7a304-f6c5-4a8d-b816-066426e5dc1c,FALSE,Johnston,,Joseph,,E.,General,0
GA008,US,1,72fc916d-f36e-4ffa-ab9c-bec7bde07002,FALSE,Sherman,,William,Tecumsheh,,Major General,0
GA009,Confederate,1,b0f7a304-f6c5-4a8d-b816-066426e5dc1c,FALSE,Johnston,,Joseph,,E.,General,0
GA009,US,1,72fc916d-f36e-4ffa-ab9c-bec7bde07002,FALSE,Sherman,,William,Tecumsheh,,Major General,0
GA010,Confederate,1,b0f7a304-f6c5-4a8d-b816-066426e5dc1c,FALSE,Johnston,,Joseph,,E.,General,0
GA010,US,1,72fc916d-f36e-4ffa-ab9c-bec7bde07002,FALSE,Sherman,,William,Tecumsheh,,Major General,0
GA010,US,2,cfa9a700-f979-46ff-bfb1-4615441ccd55,FALSE,Hooker,,Joseph,,,Major General,0
GA011,Confederate,1,b0f7a304-f6c5-4a8d-b816-066426e5dc1c,FALSE,Johnston,,Joseph,,E.,General,0
GA011,US,1,72fc916d-f36e-4ffa-ab9c-bec7bde07002,FALSE,Sherman,,William,Tecumsheh,,Major General,0
GA012,Confederate,1,6aa89d0e-8209-4236-869e-6de6b4865ca0,FALSE,Cleburne,,Patrick,Ronayne,R.,Major General,0
GA012,US,1,fe627383-b1ba-4c9a-b23f-75a2cd4b5c42,FALSE,Howard,,Oliver,,O.,Major General,0
GA013,Confederate,1,b0f7a304-f6c5-4a8d-b816-066426e5dc1c,FALSE,Johnston,,Joseph,,E.,General,0
GA013,US,1,72fc916d-f36e-4ffa-ab9c-bec7bde07002,FALSE,Sherman,,William,Tecumsheh,,Major General,0
GA014,Confederate,1,84b6d739-3384-4291-86ba-f75ae6637069,FALSE,Hood,,John,Bell,B.,Lieutenant General,0
GA014,US,1,d3b0a222-2294-41d9-96b9-bc78996d55ae,FALSE,Schofield,,John,McAllister,M.,Major General,0
GA014,US,2,cfa9a700-f979-46ff-bfb1-4615441ccd55,FALSE,Hooker,,Joseph,,,Major General,0
GA015,Confederate,1,b0f7a304-f6c5-4a8d-b816-066426e5dc1c,FALSE,Johnston,,Joseph,,E.,General,0
GA015,US,1,72fc916d-f36e-4ffa-ab9c-bec7bde07002,FALSE,Sherman,,William,Tecumsheh,,Major General,0
GA016,Confederate,1,84b6d739-3384-4291-86ba-f75ae6637069,FALSE,Hood,,John,Bell,B.,General,0
GA016,US,1,6951057d-db32-4db5-8b3e-dea0c1101a5f,FALSE,Thomas,,George,,H.,Major General,0
GA017,Confederate,1,84b6d739-3384-4291-86ba-f75ae6637069,FALSE,Hood,,John,Bell,B.,General,0
GA017,US,1,72fc916d-f36e-4ffa-ab9c-bec7bde07002,FALSE,Sherman,,William,Tecumsheh,,Major General,0
GA018,Confederate,1,84b6d739-3384-4291-86ba-f75ae6637069,FALSE,Hood,,John,Bell,B.,General,0
GA018,US,1,fe627383-b1ba-4c9a-b23f-75a2cd4b5c42,FALSE,Howard,,Oliver,,O.,Major General,0
GA019,Confederate,1,84b6d739-3384-4291-86ba-f75ae6637069,FALSE,Hood,,John,Bell,B.,General,0
GA019,US,1,d3b0a222-2294-41d9-96b9-bc78996d55ae,FALSE,Schofield,,John,McAllister,M.,Major General,0
GA020,Confederate,1,22dc9bfe-6bfa-4f8a-a48f-694e947cc8d7,FALSE,Wheeler,,Joseph,,,Major General,0
GA020,US,1,ba0709f1-bf0c-44af-95c8-91c04a591cb1,FALSE,Steedman,,James,Blair,B.,Major General,0
GA021,Confederate,1,7c8a3879-d97a-43e5-91db-8a9ac6338f68,FALSE,Jackson,,William,Hicks,H.,Brigadier General,0
GA021,US,1,7830dd73-a91e-4fe5-b112-4492303f8c2d,FALSE,Kilpatrick,,Hugh,Judson,J.,Brigadier General,0
GA022,Confederate,1,b01714aa-b252-4944-816d-be76a9070175,FALSE,Hardee,,William,Joseph,J.,Lieutenant General,0
GA022,US,1,72fc916d-f36e-4ffa-ab9c-bec7bde07002,FALSE,Sherman,,William,Tecumsheh,,Major General,0
GA023,Confederate,1,2306a312-6705-4e62-893d-8789639a1555,FALSE,French,,Samuel,Gibbs,G.,Major General,0
GA023,US,1,157b4c7c-6c0e-4aa8-9b7f-44ccb3754a88,FALSE,Corse,,John,Murray,M.,Brigadier General,0
GA025,Confederate,1,febc5475-788a-489f-a2df-ab0aa9ab65ee,FALSE,Philips,,Pleasant,,J.,Brigadier General,0
GA025,Confederate,2,22dc9bfe-6bfa-4f8a-a48f-694e947cc8d7,FALSE,Wheeler,,Joseph,,,Major General,0
GA025,US,1,92e6e174-42f6-43f7-a778-dd620c12a02c,FALSE,Walcutt,,Charles,Carroll,C.,Brigadier General,0
GA026,Confederate,1,22dc9bfe-6bfa-4f8a-a48f-694e947cc8d7,FALSE,Wheeler,,Joseph,,,Major General,0
GA026,US,1,7830dd73-a91e-4fe5-b112-4492303f8c2d,FALSE,Kilpatrick,,Hugh,Judson,J.,Brigadier General,0
GA027,Confederate,1,22dc9bfe-6bfa-4f8a-a48f-694e947cc8d7,FALSE,Wheeler,,Joseph,,,Major General,0
GA027,US,1,7830dd73-a91e-4fe5-b112-4492303f8c2d,FALSE,Kilpatrick,,Hugh,Judson,J.,Brigadier General,0
GA028,Confederate,1,0b058f90-1a89-4107-b4dc-1c950545a90c,FALSE,Anderson,,George,,A.,Major,0
GA028,US,1,4464435b-2a29-4da1-8a6b-36181fa9818d,FALSE,Hazen,,William,Babcock,B.,Brigadier General,0
ID001,Native American,1,abc116c1-1efa-4b99-baae-a6b6d1449f7b,FALSE,,,Bear Hunter,,,,
ID001,US,1,3cc43a6f-c096-4e45-85fa-51488b4b7e03,FALSE,Connor,,Patrick,Edward,E.,Colonel,0
IN001,Confederate,1,813a4704-9ba5-4fda-b14d-f0c9136f575a,FALSE,Morgan,,John,Hunt,H.,Brigadier General,0
IN001,US,1,76fc26fd-73d5-4139-8ca3-78c66fd9f947,FALSE,Jordan,,Lewis,,,Brevet Colonel,0
KS001,Confederate,1,d37278a3-c536-4416-bc59-bebe838224ee,FALSE,Quantrill,,William,,C.,Lieutenant Colonel,0
KS002,Confederate,1,d37278a3-c536-4416-bc59-bebe838224ee,FALSE,Quantrill,,William,,C.,Lieutenant Colonel,0
KS002,US,1,148cb6fb-2f8b-401e-9f7e-68afdeded45c,FALSE,Pond,,James,,B.,Lieutenant,0
KS002,US,2,a3f15046-9028-421d-bbe0-fb6c341a991f,FALSE,Blunt,,James,,G.,Major General,0
KS003,Confederate,1,7b7bfdd4-920e-4d28-a2eb-44e33941d4b0,FALSE,Marmaduke,,John,,S.,Brigadier General,0
KS003,Confederate,2,66599684-582c-4caa-aff0-7220f9c67c1f,FALSE,Fagan,,James,Fleming,F.,Major General,0
KS003,US,1,90849b39-6f3a-4d88-af29-ddded5d1733a,FALSE,Pleasonton,,Alfred,,,Major General,0
KS004,Confederate,1,7b7bfdd4-920e-4d28-a2eb-44e33941d4b0,FALSE,Marmaduke,,John,,S.,Major General,0
KS004,Confederate,2,66599684-582c-4caa-aff0-7220f9c67c1f,FALSE,Fagan,,James,Fleming,F.,Major General,0
KS004,US,1,90849b39-6f3a-4d88-af29-ddded5d1733a,FALSE,Pleasonton,,Alfred,,,Major General,0
KY001,Confederate,1,bea19d58-760b-49bb-80d6-1f3db517f22f,FALSE,Battle,,Joel,,A.,Colonel,0
KY001,US,1,ec7a8c0a-d93a-4b02-9bf9-f17becb8b146,FALSE,Black,,Isaac,,J.,Captain,0
KY002,Confederate,1,26d68e2e-6774-4ab9-87c2-0eef76fa44e4,FALSE,Zollicoffer,,Felix,Kirk,K.,Brigadier General,0
KY002,US,1,3bd4841a-fc35-4529-8d76-ed0804f965cc,FALSE,Schoepf,,Albin,Francisco,F.,Brigadier General,0
KY003,Confederate,1,90c5f347-8e4a-4244-8b76-978cfb6fb65d,FALSE,Williams,,John,,S.,Colonel,0
KY003,US,1,9a9f97a2-dc6b-413e-9bd4-eedd766bb2a2,FALSE,Nelson,,William,,,Brigadier General,0
KY003,US,2,33c422d7-a6c5-487d-837d-65a083bc3950,FALSE,Sill,,Joshua,Woodrow,W.,Colonel,0
KY004,Confederate,1,839a5a85-49a8-41a6-b4a9-f76657c5d4fc,FALSE,Hindman,,Thomas,Carmichael,C.,Brigadier General,0
KY004,US,1,5ef9c30d-ebf3-4c17-bb2d-edb036b9e3c3,FALSE,Willich,,August,,,Colonel,0
KY005,Confederate,1,177215cb-88d2-431e-8beb-c53e83c3b83c,FALSE,Marshall,,Humphrey,,,Brigadier General,0
KY005,US,1,44e462be-53b8-40f5-abef-2a935e33194a,FALSE,Garfield,,James,,,Colonel,0
KY006,Confederate,1,adcab55a-f4fc-44be-a271-cf0364c28a3b,FALSE,Crittenden,,George,Bibb,B.,Major General,0
KY006,US,1,6951057d-db32-4db5-8b3e-dea0c1101a5f,FALSE,Thomas,,George,,H.,Brigadier General,0
KY007,Confederate,1,39787b04-6723-4729-957c-bddcae228832,FALSE,Smith,,Edmund,Kirby,K.,Major General,0
KY007,US,1,9a9f97a2-dc6b-413e-9bd4-eedd766bb2a2,FALSE,Nelson,,William,,,Major General,0
KY008,Confederate,1,fd7cdb21-03cc-4b81-b697-86043f0b00da,FALSE,Chalmers,,James,Ronald,R.,Brigadier General,0
KY008,Confederate,2,4b5a15e5-6c5d-492c-9ab7-32d50419cf80,FALSE,Bragg,,Braxton,,,General,0
KY008,US,1,4d12adf0-e2a3-4c38-9918-853f9dfd46bf,FALSE,Dunham,,Cyrus,Livingston,L.,Colonel,0
KY008,US,2,9db3b656-d275-4184-880f-1c13065b3863,FALSE,Wilder,,John,,T.,Colonel,0
KY009,Confederate,1,4b5a15e5-6c5d-492c-9ab7-32d50419cf80,FALSE,Bragg,,Braxton,,,General,0
KY009,US,1,ae900570-5c73-4de2-b99b-e0f6fbe50ca3,FALSE,Buell,,Don,Carlos,C.,Major General,0
KY010,Confederate,1,02b4fa9a-541a-45c7-9097-ab1aee538c6c,FALSE,Forrest,,Nathan,Bedford,B.,Major General,0
KY010,US,1,70b1756d-74cd-4b37-a8d7-baf233651469,FALSE,Hicks,,Stephen,,G.,Colonel,0
KY010,US,2,3df24d8f-be80-4dbe-86ed-44c3189f515a,FALSE,Shirk,,James,,W.,Lieutenant Commander,1
KY011,Confederate,1,813a4704-9ba5-4fda-b14d-f0c9136f575a,FALSE,Morgan,,John,Hunt,H.,Brigadier General,0
KY011,US,1,05ae48ad-00e7-40f3-a820-dd4d48ac54ec,FALSE,Burbridge,,Stephen,Gano,G.,Brigadier General,0
LA001,Confederate,1,76873401-00d0-4430-a320-c35d2a6828be,FALSE,Duncan,,Johnson,Kelly,K.,Brigadier General,0
LA001,Confederate,2,117bf5ff-1db0-4b84-9a31-7f77ad69e8be,FALSE,Mitchell,,John,,K.,Commander,1
LA001,US,1,7a5f39ff-efc9-4ccd-a5ed-56ad106e2f26,FALSE,Farragut,,David,Glasgow,G.,Flag Officer,1
LA002,Confederate,1,eeb3963c-733a-4aa1-827f-7647dfc89ef1,FALSE,Lovell,,Mansfield,,,Major General,0
LA002,US,1,7a5f39ff-efc9-4ccd-a5ed-56ad106e2f26,FALSE,Farragut,,David,Glasgow,G.,Flag Officer,1
LA002,US,2,c94b93a1-0565-4e9f-95af-12f5fe7e93f8,FALSE,Butler,,Benjamin,Frankiln,F.,Major General,0
LA003,Confederate,1,f6caa729-7cfc-4aec-a064-e40c1cfdf01b,FALSE,Breckinridge,,John,Cabell,C.,Major General,0
LA003,US,1,112c0903-05c0-43af-b85c-599f4eb2a25a,FALSE,Williams,,Thomas,,,Brigadier General,0
LA004,Confederate,1,93806e7c-18a3-466d-a0fa-751c6af4d076,FALSE,Landry,,Phillippe,,,Captain,0
LA004,US,1,7a5f39ff-efc9-4ccd-a5ed-56ad106e2f26,FALSE,Farragut,,David,Glasgow,G.,Rear Admiral,1
LA005,Confederate,1,78a5beff-63c4-42ef-a506-0eef45bcc8ad,FALSE,Mouton,,Alfred,Alexander,A.,Brigadier General,0
LA005,US,1,6039ac35-5424-47ea-972c-11111315b2fc,FALSE,Weitzel,,Godfrey,,,Brigadier General,0
LA006,Confederate,1,dd70b0b4-401c-47ce-b3fb-a2b68da3194c,FALSE,Taylor,,Richard,,,Major General,0
LA006,US,1,f2f4eda1-b51f-4f8e-ad2d-379a1eb685f3,FALSE,Banks,,Nathaniel,,P.,Major General,0
LA007,Confederate,1,dd70b0b4-401c-47ce-b3fb-a2b68da3194c,FALSE,Taylor,,Richard,,,Major General,0
LA007,US,1,d28cf4ce-7176-40e5-81a3-d822f31ae359,FALSE,Grover,,Cuvier,,,Brigadier General,0
LA008,Confederate,1,dd70b0b4-401c-47ce-b3fb-a2b68da3194c,FALSE,Taylor,,Richard,,,Major General,0
LA008,US,1,d28cf4ce-7176-40e5-81a3-d822f31ae359,FALSE,Grover,,Cuvier,,,Brigadier General,0
LA009,Confederate,1,add4cd41-6acd-4edd-be40-0a794fd84493,FALSE,Powers,,Frank,,P.,Colonel,0
LA009,Confederate,2,582df6ed-29ed-42d6-8cb8-42a17fb0da93,FALSE,Miles,,William,,R.,Colonel,0
LA009,US,1,bbe8a8b5-108c-45aa-8324-0f6c84f57e0d,FALSE,Augur,,Christopher,Columbus,C.,Major General,0
LA010,Confederate,1,6420b474-c728-4537-84ce-09ae419a5398,FALSE,Gardner,,Franklin,,,Major General,0
LA010,US,1,f2f4eda1-b51f-4f8e-ad2d-379a1eb685f3,FALSE,Banks,,Nathaniel,,P.,Major General,0
LA011,Confederate,1,45d45288-c904-4b79-b112-92223329d44b,FALSE,McCulloch,,Henry,Eustace,E.,Brigadier General,0
LA011,US,1,3c9f2297-d852-451d-958c-bd72af4c60a7,FALSE,Lieb,,Hermann,,,Colonel,0
LA012,Confederate,1,3c363735-fef1-4278-bba5-c8cc4ffcacec,FALSE,Major,,James,,P.,Colonel,0
LA012,US,1,b85461b7-3686-4245-9143-ccd616b6c8ed,FALSE,Stickney,,Albert,,,Lieutenant Colonel,0
LA013,Confederate,1,1f2d408e-a3d6-431d-aefe-9d6df9e7902b,FALSE,Green,,Thomas,,,Brigadier General,0
LA013,US,1,75f89742-e9e6-44e6-895c-c1b4d481fcab,FALSE,Bullen,,Joseph,,D.,Major,0
LA014,Confederate,1,6370ad3b-9871-43c7-beb5-6db2824b3db7,FALSE,Parsons,,William,,H.,Colonel,0
LA014,US,1,8dd9979a-8839-4992-a131-2e796634002a,FALSE,Ellet,,Alfred,Washington,W.,Brigadier General,0
LA015,Confederate,1,1f2d408e-a3d6-431d-aefe-9d6df9e7902b,FALSE,Green,,Thomas,,,Brigadier General,0
LA015,US,1,6039ac35-5424-47ea-972c-11111315b2fc,FALSE,Weitzel,,Godfrey,,,Brigadier General,0
LA015,US,2,d28cf4ce-7176-40e5-81a3-d822f31ae359,FALSE,Grover,,Cuvier,,,Brigadier General,0
LA016,Confederate,1,1f2d408e-a3d6-431d-aefe-9d6df9e7902b,FALSE,Green,,Thomas,,,Brigadier General,0
LA016,US,1,e10e5704-5a68-4a9d-8475-2e037f09e959,FALSE,Dana,,Napoleon,Jackson Tecumseh,J.T.,Major General,0
LA017,Confederate,1,a1119257-117f-4c06-adbd-07895c4ff3da,FALSE,Byrd,,William,,,Lieutenant Colonel,0
LA017,US,1,869b58fb-03ee-4ad7-bfd4-faf6f24b9378,FALSE,Smith,,Andrew,Jackson,J.,Brigadier General,0
LA017,US,2,20e1eb2c-b6ef-40fd-9762-ebbac239e67b,FALSE,Mower,,Joseph,Anthony,A.,Brigadier General,0
LA018,Confederate,1,dd70b0b4-401c-47ce-b3fb-a2b68da3194c,FALSE,Taylor,,Richard,,,Major General,0
LA018,US,1,f2f4eda1-b51f-4f8e-ad2d-379a1eb685f3,FALSE,Banks,,Nathaniel,,P.,Major General,0
LA019,Confederate,1,dd70b0b4-401c-47ce-b3fb-a2b68da3194c,FALSE,Taylor,,Richard,,,Major General,0
LA019,US,1,f2f4eda1-b51f-4f8e-ad2d-379a1eb685f3,FALSE,Banks,,Nathaniel,,P.,Major General,0
LA020,Confederate,1,1f2d408e-a3d6-431d-aefe-9d6df9e7902b,FALSE,Green,,Thomas,,,Brigadier General,0
LA020,US,1,cabe5d39-74fb-4b1a-bc94-6d2b7752ea58,FALSE,Smith,,Thomas,Kilby,K.,Brigadier General,0
LA020,US,2,8da88a4c-d429-4247-a6e8-cba41f280a10,FALSE,Porter,,David,Dixon,D.,Rear Admiral,1
LA021,Confederate,1,834a5d3b-09a0-493b-9055-d82ae4d09f15,FALSE,Bee,,Hamilton,Prioleau,P.,Brigadier General,0
LA021,US,1,f2f4eda1-b51f-4f8e-ad2d-379a1eb685f3,FALSE,Banks,,Nathaniel,,P.,Major General,0
LA022,Confederate,1,dd70b0b4-401c-47ce-b3fb-a2b68da3194c,FALSE,Taylor,,Richard,,,Major General,0
LA022,US,1,f2f4eda1-b51f-4f8e-ad2d-379a1eb685f3,FALSE,Banks,,Nathaniel,,P.,Major General,0
LA023,Confederate,1,dd70b0b4-401c-47ce-b3fb-a2b68da3194c,FALSE,Taylor,,Richard,,,Major General,0
LA023,US,1,20e1eb2c-b6ef-40fd-9762-ebbac239e67b,FALSE,Mower,,Joseph,Anthony,A.,Brigadier General,0
MD001,Confederate,1,21d06a25-9c4f-4dea-a766-f60d20632999,FALSE,Jackson,,Thomas,Jonathan,J.,Major General,0
MD001,US,1,fdae3f67-9283-4185-8511-2a1a6c974127,FALSE,Lander,,Frederick,West,W.,Brigadier General,0
MD002,Confederate,1,d428cfef-5c7a-4230-b394-b195481d9a9f,FALSE,Lee,,Robert,,E.,General,0
MD002,US,1,113829b2-e1ff-4458-8dce-9a4da30810dd,FALSE,McClellan,,George,Brinton,B.,Major General,0
MD003,Confederate,1,d428cfef-5c7a-4230-b394-b195481d9a9f,FALSE,Lee,,Robert,,E.,General,0
MD003,US,1,113829b2-e1ff-4458-8dce-9a4da30810dd,FALSE,McClellan,,George,Brinton,B.,Major General,0
MD004,Confederate,1,d428cfef-5c7a-4230-b394-b195481d9a9f,FALSE,Lee,,Robert,,E.,General,0
MD004,US,1,15a8b826-e060-430a-bb4c-61936b75252e,FALSE,Meade,,George,Gordon,G.,Major General,0
MD006,Confederate,1,6df9b482-4757-474f-80a9-bd1d82228a63,FALSE,Stuart,,James,Ewell Brown,E. B.,Major General,0
MD006,US,1,90849b39-6f3a-4d88-af29-ddded5d1733a,FALSE,Pleasonton,,Alfred,,,Major General,0
MD007,Confederate,1,77a0625d-2996-4af0-b46f-db7388f851d5,FALSE,Early,,Jubal,Anderson,A.,Lieutenant General,0
MD007,US,1,2a86c08b-654e-47fd-a1a4-3c79cedcbceb,FALSE,Wallace,,Lewis,"""Lew""",,Major General,0
MD008,Confederate,1,67b5534a-73a9-4652-b762-312ca56436c8,FALSE,McCausland,,John,,,Brigadier General,0
MD008,US,1,d17d8043-2102-4329-8363-06b6a3dc04c0,FALSE,Kelley,,Benjamin,Franklin,F.,Brigadier General,0
MN001,Native American,1,0e8387e5-8e55-40e0-be54-2bd0b781aebb,FALSE,,,Little Crow,,,,
MN001,US,1,3b15e83c-c6ea-49ff-8d24-6a6417ee0992,FALSE,Sheehan,,Timothy,,J.,First Lieutenant,0
MN002,Native American,1,0e8387e5-8e55-40e0-be54-2bd0b781aebb,FALSE,,,Little Crow,,,,
MN002,US,1,9839110b-154f-4796-aa4f-dd402e2382ca,FALSE,Sibley,,Henry,Hastings,H.,Colonel,0
MO001,Confederate,1,7b7bfdd4-920e-4d28-a2eb-44e33941d4b0,FALSE,Marmaduke,,John,,S.,Colonel,0
MO001,US,1,a590cf3d-2e52-49bb-83fc-dd1911ba651d,FALSE,Lyon,,Nathaniel,,,Brigadier General,0
MO002,Confederate,1,5dd70580-bef1-4fd8-aa2a-c286446fed9c,FALSE,Jackson,,Claiborne,Fox,F.,Governor,0
MO002,US,1,2f47ce28-50f4-4728-8a6f-01d50726a032,FALSE,Sigel,,Franz,,,Colonel,0
MO003,Confederate,1,b3f983fa-c518-4e8e-8747-97f65104077a,FALSE,Atchison,,David,Rice,R.,General,0
MO003,US,1,a39669a8-b6d8-45a2-a0d3-e2a08065f296,FALSE,Scott,,John,,,Lieutenant Colonel,0
MO004,Confederate,1,8f232cc9-43e7-4627-ab45-d8fe6873c472,FALSE,Price,,Sterling,,,Major General,0
MO004,Confederate,2,536cbc9d-7b3e-4225-a660-25374cc1026e,FALSE,McCulloch,,Benjamin,,,Brigadier General,0
MO004,US,1,a590cf3d-2e52-49bb-83fc-dd1911ba651d,FALSE,Lyon,,Nathaniel,,,Brigadier General,0
MO004,US,2,4a50678b-9211-4c6a-828e-d9607876849a,FALSE,Sturgis,,Samuel,Davis,D.,Major General,0
MO005,Confederate,1,8f232cc9-43e7-4627-ab45-d8fe6873c472,FALSE,Price,,Sterling,,,Major General,0
MO005,Confederate,2,53c12fca-3989-44af-a46f-2de2bdc218e1,FALSE,Rains,,James,Spencer,S.,Brigadier General,0
MO005,US,1,ae5ec1e6-412c-4769-a108-56f59955df85,FALSE,Lane,,James,,H.,Colonel,0
MO006,Confederate,1,8f232cc9-43e7-4627-ab45-d8fe6873c472,FALSE,Price,,Sterling,,,Major General,0
MO006,US,1,0c07ddc2-1874-4aa7-93f3-3d24f43d1329,FALSE,Mulligan,,James,,A.,Colonel,0
MO007,Confederate,1,345c79c0-2a20-49cb-9e6c-1717bbf74b49,FALSE,Thompson,,Meriwether,Jeff,J.,Brigadier General,0
MO007,US,1,4d4f0629-ef04-4744-a2fa-f1de813a61ab,FALSE,Plummer,,J.,,B.,Colonel,0
MO007,US,2,37745fc4-ddf2-4759-9671-10a574d5c1ea,FALSE,Carlin,,William,,P.,Colonel,0
MO008,Confederate,1,9e763ac1-7568-4cd7-a187-339f404fea4a,FALSE,Frazier,,James,,,Colonel,0
MO008,US,1,093118f7-ee3b-4de8-934d-ecc1e0a25c42,FALSE,Zagonyi,,James,,,Major,0
MO009,Confederate,1,c97e392a-d319-4c82-9201-0a35f418a0a9,FALSE,Pillow,,Gideon,Johnson,J.,Brigadier General,0
MO009,US,1,f4036249-0d0f-4c0f-aa2e-557890e1e475,FALSE,Grant,,Ulysses,Simon,S.,Brigadier General,0
MO010,Confederate,1,73e2e794-9dab-40f5-b28f-25ad915208d4,TRUE,Dorsey,,Caleb,,,Colonel,0
MO010,US,1,84cac7af-39b5-4fda-af6a-303608eec2c3,TRUE,Prentiss,,Benjamin,Mayberry,M.,Brigadier General,0
MO011,Confederate,1,1d6e2f15-0896-413c-ab38-91b165a3329d,FALSE,Poindexter,,J.,,A.,Colonel,0
MO011,US,1,76ecfdbb-1025-42e8-991a-d2cf919dea81,FALSE,Torrence,,W,,H. G.,Major,0
MO012,Confederate,1,9514b7b0-7398-44aa-89c2-0e8a1f09f32f,TRUE,Mackall,,William,Whann,W.,Brigadier General,0
MO012,Confederate,2,398e7c38-3636-45b4-aa8f-600546e762ca,TRUE,McCown,,John,Porter,P.,Brigadier General,0
MO012,US,1,60853683-b235-4e03-abcb-68edc8339fa5,TRUE,Pope,,John,,,Brigadier General,0
MO012,US,2,571ac77d-3839-4b5f-9d47-d7e83bacfe60,TRUE,Foote,,Andrew,Hull,H.,Flag Officer,1
MO013,Confederate,1,0d613f5d-3504-48ea-ab91-8e807307e7f9,FALSE,Porter,,Joseph,,C.,Colonel,0
MO013,US,1,8e1fc583-1c34-4dea-9cae-48f17abfc57d,FALSE,McNeil,,John,,H.,Colonel,0
MO014,Confederate,1,645cd124-638f-4d9a-a47c-ff23d8cb9375,FALSE,Hughes,,J.,,T.,Colonel,0
MO014,Confederate,2,716a36b9-d4d4-4925-b23c-8306d9c01a57,FALSE,Thompson,,Gideon,,W.,Colonel,0
MO014,US,1,44032864-985e-41f7-bd80-86e2cbc8e556,FALSE,Buel,,James,,T.,Lieutenant Colonel,0
MO015,Confederate,1,230d1f45-4ece-43b2-a42f-4a7eef043702,FALSE,Cockrell,,Jeremiah,Vardaman,V.,Colonel,0
MO015,Confederate,2,716a36b9-d4d4-4925-b23c-8306d9c01a57,FALSE,Thompson,,Gideon,,W.,Colonel,0
MO015,Confederate,3,34987df9-c3da-4e66-a7ef-39d982ac4290,FALSE,Hays,,Upton,,,Colonel,0
MO015,US,1,a99716d1-c687-4fba-8f73-349afa52b172,FALSE,Foster,,Emory,,S.,Major,0
MO016,Confederate,1,0585679d-c4d3-46b9-a774-1c06c6d7f9e9,FALSE,Cooper,,Douglas,Hancock,H.,Colonel,0
MO016,US,1,26b43e08-a277-4e9d-a1b0-6238f766f791,FALSE,Salomon,,Friedrich,,,Brigadier General,0
MO017,Confederate,1,7aa288ec-f00b-41a0-af8c-447d625390bb,FALSE,Burbridge,,John,,Q.,Colonel,0
MO017,Confederate,2,d0448aad-c7ec-418b-ad15-845e7ada97b3,FALSE,Greene,,Colton,,,Colonel,0
MO017,US,1,03876c23-d7f9-43bc-89e9-fa3047d7c586,FALSE,Barstow,,Hiram,,E.,Captain,0
MO018,Confederate,1,7b7bfdd4-920e-4d28-a2eb-44e33941d4b0,FALSE,Marmaduke,,John,,S.,Brigadier General,0
MO018,US,1,d8150818-7ad3-4c26-a65e-8441ad5028e6,FALSE,Brown,,Egbert,Benson,B.,Brigadier General,0
MO019,Confederate,1,7b7bfdd4-920e-4d28-a2eb-44e33941d4b0,FALSE,Marmaduke,,John,,S.,Brigadier General,0
MO019,US,1,f204fb08-f45f-499a-b776-1e9c11759118,FALSE,Merrill,,Samuel,,,Colonel,0
MO020,Confederate,1,7b7bfdd4-920e-4d28-a2eb-44e33941d4b0,FALSE,Marmaduke,,John,,S.,Brigadier General,0
MO020,US,1,8e1fc583-1c34-4dea-9cae-48f17abfc57d,FALSE,McNeil,,John,,H.,Brigadier General,0
MO021,Confederate,1,8f232cc9-43e7-4627-ab45-d8fe6873c472,FALSE,Price,,Sterling,,,Major General,0
MO021,US,1,aa1614b8-da23-4624-a541-822e2a02f462,FALSE,Ewing,Jr.,Thomas,,,Brigadier General,0
MO022,Confederate,1,874fad05-2f21-424a-8f03-1358747940d4,TRUE,Shelby,,Joseph,Orville,O.,Brigadier General,0
MO022,Confederate,2,bfab9af5-0976-464c-bd74-f04426f499ba,TRUE,Clark,Jr.,John,Bullock,B.,Brigadier General,0
MO022,US,1,c906863d-cc4c-4dff-9f12-cbe9abda060e,TRUE,Harding,Jr.,Chester,,,Colonel,0
MO023,Confederate,1,8f232cc9-43e7-4627-ab45-d8fe6873c472,FALSE,Price,,Sterling,,,Major General,0
MO023,US,1,a3f15046-9028-421d-bbe0-fb6c341a991f,FALSE,Blunt,,James,,G.,Major General,0
MO024,Confederate,1,8f232cc9-43e7-4627-ab45-d8fe6873c472,FALSE,Price,,Sterling,,,Major General,0
MO024,US,1,e08b618c-acc7-4502-9ef8-b8546572e22d,FALSE,Curtis,,Samuel,,R.,Major General,0
MO025,Confederate,1,66599684-582c-4caa-aff0-7220f9c67c1f,FALSE,Fagan,,James,Fleming,F.,Brigadier General,0
MO025,Confederate,2,7b7bfdd4-920e-4d28-a2eb-44e33941d4b0,FALSE,Marmaduke,,John,,S.,Brigadier General,0
MO025,US,1,90849b39-6f3a-4d88-af29-ddded5d1733a,FALSE,Pleasonton,,Alfred,,,Major General,0
MO026,Confederate,1,874fad05-2f21-424a-8f03-1358747940d4,FALSE,Shelby,,Joseph,Orville,O.,Brigadier General,0
MO026,Confederate,2,7b7bfdd4-920e-4d28-a2eb-44e33941d4b0,FALSE,Marmaduke,,John,,S.,Brigadier General,0
MO026,US,1,a3f15046-9028-421d-bbe0-fb6c341a991f,FALSE,Blunt,,James,,G.,Major General,0
MO026,US,2,90849b39-6f3a-4d88-af29-ddded5d1733a,FALSE,Pleasonton,,Alfred,,,Major General,0
MO027,Confederate,1,8f232cc9-43e7-4627-ab45-d8fe6873c472,FALSE,Price,,Sterling,,,Major General,0
MO027,US,1,e08b618c-acc7-4502-9ef8-b8546572e22d,FALSE,Curtis,,Samuel,,R.,Major General,0
MO028,Confederate,1,8f232cc9-43e7-4627-ab45-d8fe6873c472,FALSE,Price,,Sterling,,,Major General,0
MO028,US,1,8e1fc583-1c34-4dea-9cae-48f17abfc57d,FALSE,McNeil,,John,,H.,Brigadier General,0
MO029,Confederate,1,8f232cc9-43e7-4627-ab45-d8fe6873c472,FALSE,Price,,Sterling,,,Major General,0
MO029,US,1,a3f15046-9028-421d-bbe0-fb6c341a991f,FALSE,Blunt,,James,,G.,Major General,0
MS001,Confederate,1,8f232cc9-43e7-4627-ab45-d8fe6873c472,FALSE,Price,,Sterling,,,Major General,0
MS001,US,1,7d67c576-bbd4-4b23-ac53-300f9522f311,FALSE,Rosecrans,,William,Starke,S.,Major General,0
MS002,Confederate,1,a68145ec-a562-494d-8e95-c9bd2e0ff473,FALSE,Van Dorn,,Earl,,,Major General,0
MS002,US,1,7d67c576-bbd4-4b23-ac53-300f9522f311,FALSE,Rosecrans,,William,Starke,S.,Major General,0
MS003,Confederate,1,03c2a063-2c1f-4006-9be2-08bcb50ee9ea,FALSE,Pemberton,,John,Clifford,C.,Lieutenant General,0
MS003,US,1,72fc916d-f36e-4ffa-ab9c-bec7bde07002,FALSE,Sherman,,William,Tecumsheh,,Major General,0
MS004,Confederate,1,121a2f46-8937-472b-aca1-7a6afd0d8f57,FALSE,Bowen,,John,Stevens,S.,Brigadier General,0
MS004,US,1,8da88a4c-d429-4247-a6e8-cba41f280a10,FALSE,Porter,,David,Dixon,D.,Rear Admiral,1
MS005,Confederate,1,68d8b0eb-8e55-447d-a5cf-a8cc6832b0ec,FALSE,Hebert,,Louis,,,Brigadier General,0
MS005,US,1,72fc916d-f36e-4ffa-ab9c-bec7bde07002,FALSE,Sherman,,William,Tecumsheh,,Major General,0
MS006,Confederate,1,121a2f46-8937-472b-aca1-7a6afd0d8f57,FALSE,Bowen,,John,Stevens,S.,Brigadier General,0
MS006,US,1,f4036249-0d0f-4c0f-aa2e-557890e1e475,FALSE,Grant,,Ulysses,Simon,S.,Major General,0
MS007,Confederate,1,55cf9433-a8d5-4665-96cc-3f8dd99995ef,FALSE,Gregg,,John,,,Brigadier General,0
MS007,US,1,fb4ade2a-549d-4707-9784-5c2d3a928df6,FALSE,McPherson,,James,Birdseye,B.,Major General,0
MS008,Confederate,1,b0f7a304-f6c5-4a8d-b816-066426e5dc1c,FALSE,Johnston,,Joseph,,E.,General,0
MS008,Confederate,2,55cf9433-a8d5-4665-96cc-3f8dd99995ef,FALSE,Gregg,,John,,,Brigadier General,0
MS008,US,1,f4036249-0d0f-4c0f-aa2e-557890e1e475,FALSE,Grant,,Ulysses,Simon,S.,Major General,0
MS009,Confederate,1,03c2a063-2c1f-4006-9be2-08bcb50ee9ea,FALSE,Pemberton,,John,Clifford,C.,Lieutenant General,0
MS009,US,1,f4036249-0d0f-4c0f-aa2e-557890e1e475,FALSE,Grant,,Ulysses,Simon,S.,Major General,0
MS010,Confederate,1,121a2f46-8937-472b-aca1-7a6afd0d8f57,FALSE,Bowen,,John,Stevens,S.,Brigadier General,0
MS010,US,1,ff3bef0a-370b-48a3-9e53-a77c9f9a5b35,FALSE,McClernand,,John,Alexander,A.,Major General,0
MS011,Confederate,1,03c2a063-2c1f-4006-9be2-08bcb50ee9ea,FALSE,Pemberton,,John,Clifford,C.,Lieutenant General,0
MS011,US,1,f4036249-0d0f-4c0f-aa2e-557890e1e475,FALSE,Grant,,Ulysses,Simon,S.,Major General,0
MS012,Confederate,1,e71bce51-e400-4ab2-a3a4-4fec249ca448,FALSE,Polk,,Leonidas,,,Lieutenant General,0
MS012,US,1,033ec012-d845-474f-bf9c-28366e02d1a4,FALSE,Sherman,,William,Tecumseh,T.,Major General,0
MS013,Confederate,1,02b4fa9a-541a-45c7-9097-ab1aee538c6c,FALSE,Forrest,,Nathan,Bedford,B.,Major General,0
MS013,US,1,ee39c7f4-4266-4d29-90b8-5108a8f3b8b5,FALSE,Smith,,William,Sooy,S.,Brigadier General,0
MS014,Confederate,1,02b4fa9a-541a-45c7-9097-ab1aee538c6c,FALSE,Forrest,,Nathan,Bedford,B.,Major General,0
MS014,US,1,4a50678b-9211-4c6a-828e-d9607876849a,FALSE,Sturgis,,Samuel,Davis,D.,Brigadier General,0
MS015,Confederate,1,8f59c204-3c38-4233-8ff0-3b70562303ca,FALSE,Lee,,Stephen,Dill,D.,Lieutenant General,0
MS015,Confederate,2,02b4fa9a-541a-45c7-9097-ab1aee538c6c,FALSE,Forrest,,Nathan,Bedford,B.,Major General,0
MS015,US,1,869b58fb-03ee-4ad7-bfd4-faf6f24b9378,FALSE,Smith,,Andrew,Jackson,J.,Major General,0
MS016,Confederate,1,183d0a7d-f06a-4c7b-a575-7616e491618b,FALSE,Beauregard,,Pierre,Gustave Toutant,G. T.,General,0
MS016,US,1,aa49135f-0a49-45bd-8360-000895a6b978,FALSE,Halleck,,Henry,Wager,W.,Major General,0
NC001,Confederate,1,1c8ec84f-b650-4d45-8048-57f6312808ee,FALSE,Martin,,William,,F.,Colonel,0
NC001,US,1,c94b93a1-0565-4e9f-95af-12f5fe7e93f8,FALSE,Butler,,Benjamin,Frankiln,F.,Major General,0
NC002,Confederate,1,2f7d8b0b-710b-4f79-b13e-2cf4b9844059,FALSE,Wise,,Henry,Alexander,A.,Brigadier General,0
NC002,US,1,c5f9dd77-1122-48f0-8840-614720ba50d8,FALSE,Burnside,,Ambrose,Everett,E.,Brigadier General,0
NC003,Confederate,1,31a0d649-84f2-4b86-a4aa-155dd8a544fe,FALSE,Branch,,Lawrence,O'Bryan,O.,Brigadier General,0
NC003,US,1,c5f9dd77-1122-48f0-8840-614720ba50d8,FALSE,Burnside,,Ambrose,Everett,E.,Brigadier General,0
NC004,Confederate,1,1c40dc50-3137-4c42-bea0-c40403c7a212,FALSE,White,,Moses,,J.,Lieutenant Colonel,0
NC004,US,1,87cff8b4-f792-44ed-a7cc-9bc684d88994,FALSE,Parke,,John,Grubb,G.,Brigadier General,0
NC005,Confederate,1,d0779979-1010-4b55-abe4-24977d8cb5f3,FALSE,Wright,,Ambrose,Ransom,R.,Colonel,0
NC005,US,1,a2c3c81f-a2fa-43d9-9c8b-3b896a014391,FALSE,Reno,,Jesse,Lee,L.,Brigadier General,0
NC006,Confederate,1,ec859f80-4b41-4461-82d4-f477340eb6d9,FALSE,Singletary,,George,,B.,Colonel,0
NC006,US,1,4f6ea451-e68a-4fb4-b5b9-724da90c13dd,FALSE,Osborn,,Francis,Augustus,A.,Lieutenant Colonel,0
NC007,Confederate,1,6bce5d35-7ced-46f5-8786-31eb932c1354,FALSE,Evans,,Nathan,George,G.,Brigadier General,0
NC007,US,1,f7a09726-833c-415e-acbc-7eab70718f97,FALSE,Foster,,John,Gray,G.,Brigadier General,0
NC008,Confederate,1,06b8daf9-11b4-4e8b-9af4-8adaaa9b1d9c,FALSE,Robertson,,Beverly,Holcombe,H.,Brigadier General,0
NC008,US,1,f7a09726-833c-415e-acbc-7eab70718f97,FALSE,Foster,,John,Gray,G.,Brigadier General,0
NC009,Confederate,1,e1407be2-ad06-4d63-86d3-b11e74c69aa8,FALSE,Clingman,,Thomas,Lanier,L.,Brigadier General,0
NC009,US,1,f7a09726-833c-415e-acbc-7eab70718f97,FALSE,Foster,,John,Gray,G.,Brigadier General,0
NC010,Confederate,1,0b57b2da-99cd-48b9-8cbd-b843cd7ca04f,FALSE,Hill,,Daniel,Harvey,H.,Major General,0
NC010,US,1,86e9a968-23b5-4d01-b486-f1d339f8e7b7,FALSE,Anderson,,Hiram,,,Lieutenant Colonel,0
NC011,Confederate,1,0b57b2da-99cd-48b9-8cbd-b843cd7ca04f,FALSE,Hill,,Daniel,Harvey,H.,Major General,0
NC011,US,1,f7a09726-833c-415e-acbc-7eab70718f97,FALSE,Foster,,John,Gray,G.,Brigadier General,0
NC012,Confederate,1,6650b484-9515-4e17-bafe-7110fbbf68e2,FALSE,Hoke,,Robert,Frederick,F.,Major General,0
NC012,US,1,4f2fabea-8c43-4f75-9535-7445291615a8,FALSE,Wessells,,Henry,,W.,Colonel,0
NC013,Confederate,1,929deb8f-7e95-4b9d-a2aa-0ee2b061ecfb,FALSE,Cooke,,James,Wallace,W.,Commander,1
NC013,US,1,3bda5978-2905-48d9-b4b5-b50e8370dcc8,FALSE,Smith,,Melancton,,,Captain,1
NC014,Confederate,1,6650b484-9515-4e17-bafe-7110fbbf68e2,FALSE,Hoke,,Robert,Frederick,F.,Major General,0
NC014,US,1,8da88a4c-d429-4247-a6e8-cba41f280a10,FALSE,Porter,,David,Dixon,D.,Rear Admiral,1
NC014,US,2,c94b93a1-0565-4e9f-95af-12f5fe7e93f8,FALSE,Butler,,Benjamin,Frankiln,F.,Major General,0
NC015,Confederate,1,4b5a15e5-6c5d-492c-9ab7-32d50419cf80,FALSE,Bragg,,Braxton,,,General,0
NC015,Confederate,2,6650b484-9515-4e17-bafe-7110fbbf68e2,FALSE,Hoke,,Robert,Frederick,F.,Major General,0
NC015,Confederate,3,95b3e009-6f58-43ad-aed1-baf83100fbbd,FALSE,Lamb,,Charles,,,Colonel,0
NC015,US,1,8da88a4c-d429-4247-a6e8-cba41f280a10,FALSE,Porter,,David,Dixon,D.,Rear Admiral,1
NC015,US,2,5128b598-2305-4d47-8406-f865aefdc4c7,FALSE,Terry,,Alfred,Howe,H.,Major General,0
NC016,Confederate,1,4b5a15e5-6c5d-492c-9ab7-32d50419cf80,FALSE,Bragg,,Braxton,,,General,0
NC016,US,1,d3b0a222-2294-41d9-96b9-bc78996d55ae,FALSE,Schofield,,John,McAllister,M.,Major General,0
NC017,Confederate,1,4b5a15e5-6c5d-492c-9ab7-32d50419cf80,FALSE,Bragg,,Braxton,,,General,0
NC017,US,1,d3b0a222-2294-41d9-96b9-bc78996d55ae,FALSE,Schofield,,John,McAllister,M.,Major General,0
NC018,Confederate,1,22dc9bfe-6bfa-4f8a-a48f-694e947cc8d7,FALSE,Wheeler,,Joseph,,,Major General,0
NC018,Confederate,2,0db13c2e-98a9-4187-be39-484c4d272d30,FALSE,Hampton,,Wade,,,Lieutenant General,0
NC018,US,1,7830dd73-a91e-4fe5-b112-4492303f8c2d,FALSE,Kilpatrick,,Hugh,Judson,J.,Brigadier General,0
NC019,Confederate,1,b01714aa-b252-4944-816d-be76a9070175,FALSE,Hardee,,William,Joseph,J.,Lieutenant General,0
NC019,US,1,f0e3ce2c-892e-4ae0-9995-3d864cb98ac1,FALSE,Slocum,,Henry,Warner,W.,Major General,0
NC020,Confederate,1,b0f7a304-f6c5-4a8d-b816-066426e5dc1c,FALSE,Johnston,,Joseph,,E.,General,0
NC020,US,1,033ec012-d845-474f-bf9c-28366e02d1a4,FALSE,Sherman,,William,Tecumseh,T.,Major General,0
NC020,US,2,f0e3ce2c-892e-4ae0-9995-3d864cb98ac1,FALSE,Slocum,,Henry,Warner,W.,Major General,0
ND001,Native American,1,bf9fb8ee-da56-42fa-b5e5-05ef8a4e4062,FALSE,,,Inkpaduta,,,,
ND001,US,1,9839110b-154f-4796-aa4f-dd402e2382ca,FALSE,Sibley,,Henry,Hastings,H.,Brigadier General,0
ND002,Native American,1,bf9fb8ee-da56-42fa-b5e5-05ef8a4e4062,FALSE,,,Inkpaduta,,,,
ND002,US,1,9839110b-154f-4796-aa4f-dd402e2382ca,FALSE,Sibley,,Henry,Hastings,H.,Brigadier General,0
ND003,Native American,1,bf9fb8ee-da56-42fa-b5e5-05ef8a4e4062,FALSE,,,Inkpaduta,,,,
ND003,US,1,9839110b-154f-4796-aa4f-dd402e2382ca,FALSE,Sibley,,Henry,Hastings,H.,Brigadier General,0
ND004,Native American,1,bf9fb8ee-da56-42fa-b5e5-05ef8a4e4062,FALSE,,,Inkpaduta,,,,
ND004,US,1,7c4e7c11-bd53-47cb-8a55-a9754d5856b3,FALSE,Sully,,Alfred,,,Brigadier General,0
ND005,Native American,1,bf9fb8ee-da56-42fa-b5e5-05ef8a4e4062,FALSE,,,Inkpaduta,,,,
ND005,US,1,7c4e7c11-bd53-47cb-8a55-a9754d5856b3,FALSE,Sully,,Alfred,,,Brigadier General,0
NM001,Confederate,1,9839110b-154f-4796-aa4f-dd402e2382ca,FALSE,Sibley,,Henry,Hastings,H.,Brigadier General,0
NM001,Confederate,2,1f2d408e-a3d6-431d-aefe-9d6df9e7902b,FALSE,Green,,Thomas,,,Colonel,0
NM001,US,1,30a29258-21ca-4370-8924-ee4559fe526b,FALSE,Canby,,Edward,Richard Sprigg,R. S.,Colonel,0
NM002,Confederate,1,2828095d-0ca4-4577-86db-715eeb9ec93c,FALSE,Pyron,,Charles,,L.,Major,0
NM002,Confederate,2,a0843832-94ac-4663-b4bc-288b8d1b817f,FALSE,Scurry,,William,Read,R.,Lieutenant Colonel,0
NM002,US,1,a858e995-675f-4386-9c26-6579fa7533dc,FALSE,Chivington,,John,Milton,M.,Major,0
NM002,US,2,a05df089-6f23-4706-9b71-b25bcdba94c4,FALSE,Slough,,John,Potts,P.,Colonel,0
OH001,Confederate,1,813a4704-9ba5-4fda-b14d-f0c9136f575a,FALSE,Morgan,,John,Hunt,H.,Brigadier General,0
OH001,US,1,d725e7f2-c7c8-4d34-bf37-f5fad5208e4a,FALSE,Hobson,,Edward,Henry,H.,Brigadier General,0
OH002,Confederate,1,813a4704-9ba5-4fda-b14d-f0c9136f575a,FALSE,Morgan,,John,Hunt,H.,Brigadier General,0
OH002,US,1,b8260749-dd79-4114-9406-620931238d93,FALSE,Shackelford,,James,Murrell,M.,Brigadier General,0
OK001,Confederate,1,0585679d-c4d3-46b9-a774-1c06c6d7f9e9,FALSE,Cooper,,Douglas,Hancock,H.,Colonel,0
OK001,Native American,1,27246338-fcca-4bc3-beba-aaabd5c1a2e6,FALSE,,,Opothleyahola,,,,
OK002,Confederate,1,0585679d-c4d3-46b9-a774-1c06c6d7f9e9,FALSE,Cooper,,Douglas,Hancock,H.,Colonel,0
OK002,Native American,1,27246338-fcca-4bc3-beba-aaabd5c1a2e6,FALSE,,,Opothleyahola,,,,
OK003,Confederate,1,821c62b4-7f4e-40be-8322-94db26045dbc,FALSE,McIntosh,,James,McQueen,M.,Colonel,0
OK003,Native American,1,27246338-fcca-4bc3-beba-aaabd5c1a2e6,FALSE,,,Opothleyahola,,,,
OK004,Confederate,1,0585679d-c4d3-46b9-a774-1c06c6d7f9e9,FALSE,Cooper,,Douglas,Hancock,H.,Colonel,0
OK004,US,1,a3f15046-9028-421d-bbe0-fb6c341a991f,FALSE,Blunt,,James,,G.,Brigadier General,0
OK005,Confederate,1,d3200a83-bc5f-4625-9b18-d13631f83bca,FALSE,Jumper,,John,,,Lieutenant Colonel,0
OK005,US,1,d36e3ecf-baef-4670-b61e-1a91d137d58c,FALSE,Willette,,Charles,,,Major,0
OK006,Confederate,1,853eafa1-c45c-408b-a123-9fd360ea6d38,FALSE,Watie,,Stand,,,Colonel,0
OK006,US,1,cb2cf7d8-0211-4695-99a1-4e3b3515b7ca,FALSE,Williams,,James,,M.,Colonel,0
OK007,Confederate,1,0585679d-c4d3-46b9-a774-1c06c6d7f9e9,FALSE,Cooper,,Douglas,Hancock,H.,Brigadier General,0
OK007,US,1,a3f15046-9028-421d-bbe0-fb6c341a991f,FALSE,Blunt,,James,,G.,Major General,0
PA001,Confederate,1,6df9b482-4757-474f-80a9-bd1d82228a63,FALSE,Stuart,,James,Ewell Brown,E. B.,Major General,0
PA001,US,1,7830dd73-a91e-4fe5-b112-4492303f8c2d,FALSE,Kilpatrick,,Hugh,Judson,J.,Brigadier General,0
PA002,Confederate,1,d428cfef-5c7a-4230-b394-b195481d9a9f,FALSE,Lee,,Robert,,E.,General,0
PA002,US,1,15a8b826-e060-430a-bb4c-61936b75252e,FALSE,Meade,,George,Gordon,G.,Major General,0
SC001,Confederate,1,183d0a7d-f06a-4c7b-a575-7616e491618b,FALSE,Beauregard,,Pierre,Gustave Toutant,G. T.,Brigadier General,0
SC001,US,1,4580432b-ee6e-48ee-b8aa-414d117358da,FALSE,Anderson,,Robert,,,Major,0
SC002,Confederate,1,6bce5d35-7ced-46f5-8786-31eb932c1354,FALSE,Evans,,Nathan,George,G.,Brigadier General,0
SC002,US,1,d2efdb4f-e327-44a6-bd45-a345dd06d37d,FALSE,Benham,,Henry,Washington,W.,Brigadier General,0
SC003,Confederate,1,3469c117-c317-4233-be44-66115446b543,FALSE,McCullough,,James,,,Colonel,0
SC003,US,1,5f5de75c-e365-4a59-a8ce-0fa7e84412ef,FALSE,Rhind,,Alexander,Colden,C.,Lieutenant,0
SC004,Confederate,1,183d0a7d-f06a-4c7b-a575-7616e491618b,FALSE,Beauregard,,Pierre,Gustave Toutant,G. T.,General,0
SC004,US,1,93020990-e4e0-4573-97bb-5977dee21b35,FALSE,Du Pont,,S.,,F.,Rear Admiral,1
SC005,Confederate,1,183d0a7d-f06a-4c7b-a575-7616e491618b,FALSE,Beauregard,,Pierre,Gustave Toutant,G. T.,General,0
SC005,US,1,29c87347-958e-438f-b06a-5b3e586564cd,FALSE,Gillmore,,Quincy,Adams,A.,Brigadier General,0
SC006,Confederate,1,ab232acd-f2f4-4776-9a87-570765a95ad6,FALSE,Hagood,,Johnson,,,Brigadier General,0
SC006,US,1,5128b598-2305-4d47-8406-f865aefdc4c7,FALSE,Terry,,Alfred,Howe,H.,Brigadier General,0
SC007,Confederate,1,183d0a7d-f06a-4c7b-a575-7616e491618b,FALSE,Beauregard,,Pierre,Gustave Toutant,G. T.,General,0
SC007,US,1,29c87347-958e-438f-b06a-5b3e586564cd,FALSE,Gillmore,,Quincy,Adams,A.,Major General,0
SC008,Confederate,1,183d0a7d-f06a-4c7b-a575-7616e491618b,FALSE,Beauregard,,Pierre,Gustave Toutant,G. T.,General,0
SC008,US,1,29c87347-958e-438f-b06a-5b3e586564cd,FALSE,Gillmore,,Quincy,Adams,A.,Major General,0
SC009,Confederate,1,183d0a7d-f06a-4c7b-a575-7616e491618b,FALSE,Beauregard,,Pierre,Gustave Toutant,G. T.,General,0
SC009,US,1,0da38dda-60e3-47f7-a3fa-4f8c10e1900d,TRUE,Gilmore,,George,,,Major General,0
SC010,Confederate,1,fc5aa395-01c0-47f3-b085-e0e6d82a0269,FALSE,Colcock,,Charles,,J.,Colonel,0
SC010,US,1,3efc0e52-0b52-42bd-a564-4045d6a826ce,FALSE,Hatch,,John,Porter,P.,Major General,0
SC011,Confederate,1,90903b53-9a64-4cb6-8d68-a525cc3c0ac3,FALSE,McLaws,,Lafayette,,,Major General,0
SC011,US,1,c87db518-658a-4e04-b1e0-d4bbe18939bc,FALSE,Blair,Jr.,Francis,Preston,P.,Major General,0
TN001,Confederate,1,dbcb21e8-0e79-45df-a990-d8429ef5e041,FALSE,Tilghman,,Lloyd,,,Brigadier General,0
TN001,US,1,f4036249-0d0f-4c0f-aa2e-557890e1e475,FALSE,Grant,,Ulysses,Simon,S.,Brigadier General,0
TN001,US,2,571ac77d-3839-4b5f-9d47-d7e83bacfe60,FALSE,Foote,,Andrew,Hull,H.,Flag Officer,1
TN002,Confederate,1,a35f09f2-1d82-485d-96c1-00e23cc44a16,FALSE,Floyd,,John,Buchanan,B.A,Brigadier General,0
TN002,Confederate,2,c97e392a-d319-4c82-9201-0a35f418a0a9,FALSE,Pillow,,Gideon,Johnson,J.,Brigadier General,0
TN002,Confederate,3,b2dc590c-f108-4e13-a3e3-0d47a00668c3,FALSE,Buckner,,Simon,Bolivar,B.,Brigadier General,0
TN002,US,1,f4036249-0d0f-4c0f-aa2e-557890e1e475,FALSE,Grant,,Ulysses,Simon,S.,Brigadier General,0
TN002,US,2,571ac77d-3839-4b5f-9d47-d7e83bacfe60,FALSE,Foote,,Andrew,Hull,H.,Flag Officer,1
TN003,Confederate,1,155b07ca-cc70-402b-968f-dee3650ff3e3,FALSE,Johnston,,Albert,Sidney,S.,General,0
TN003,Confederate,2,183d0a7d-f06a-4c7b-a575-7616e491618b,FALSE,Beauregard,,Pierre,Gustave Toutant,G. T.,General,0
TN003,US,1,f4036249-0d0f-4c0f-aa2e-557890e1e475,FALSE,Grant,,Ulysses,Simon,S.,Major General,0
TN003,US,2,ae900570-5c73-4de2-b99b-e0f6fbe50ca3,FALSE,Buell,,Don,Carlos,C.,Major General,0
TN004,Confederate,1,b363cb89-a543-459a-9359-8465646298cc,FALSE,Montgomery,,James,,,Captain,1
TN004,Confederate,2,345c79c0-2a20-49cb-9e6c-1717bbf74b49,FALSE,Thompson,,Meriwether,Jeff,J.,Brigadier General,0
TN004,US,1,a1c4583c-3b2f-4a4a-82f2-db132f668fba,FALSE,Davis,,Charles,Henry,H.,Flag Officer,1
TN004,US,2,a00878bd-2d7a-4021-8a5a-89b4f26b4b9a,FALSE,Ellet,Jr.,Charles,,,Colonel,0
TN005,Confederate,1,39787b04-6723-4729-957c-bddcae228832,FALSE,Smith,,Edmund,Kirby,K.,Major General,0
TN005,US,1,3082b228-4ba0-4a46-b4ea-3557f87a7f81,FALSE,Negley,,James,Scott,S.,Brigadier General,0
TN006,Confederate,1,02b4fa9a-541a-45c7-9097-ab1aee538c6c,FALSE,Forrest,,Nathan,Bedford,B.,Brigadier General,0
TN006,US,1,0da843b7-f003-425e-a5e7-83f130cb9364,FALSE,Crittenden,,Thomas,Turpin,T.,Brigadier General,0
TN007,Confederate,1,a68145ec-a562-494d-8e95-c9bd2e0ff473,FALSE,Van Dorn,,Earl,,,Major General,0
TN007,US,1,3f5fd4ed-d11f-4911-ae1a-5c241c74aa7c,FALSE,Ord,,Edward,Otho Cresap,O. C.,Major General,0
TN007,US,2,fc3d9f53-c536-4b82-bbb5-7c1d0b075d54,FALSE,Hurlbut,,Stephen,Augustus,A.,Major General,0
TN008,Confederate,1,813a4704-9ba5-4fda-b14d-f0c9136f575a,FALSE,Morgan,,John,Hunt,H.,Brigadier General,0
TN008,US,1,e836ca76-6e2c-40ae-8c75-42bc9848504c,FALSE,Moore,,Absalom,,B.,Colonel,0
TN009,Confederate,1,02b4fa9a-541a-45c7-9097-ab1aee538c6c,FALSE,Forrest,,Nathan,Bedford,B.,Brigadier General,0
TN009,US,1,90190f46-4486-499b-ac9e-ea262d94359b,FALSE,Englemann,,Adolphus,,,Colonel,0
TN010,Confederate,1,4b5a15e5-6c5d-492c-9ab7-32d50419cf80,FALSE,Bragg,,Braxton,,,General,0
TN010,US,1,7d67c576-bbd4-4b23-ac53-300f9522f311,FALSE,Rosecrans,,William,Starke,S.,Major General,0
TN011,Confederate,1,02b4fa9a-541a-45c7-9097-ab1aee538c6c,FALSE,Forrest,,Nathan,Bedford,B.,Brigadier General,0
TN011,US,1,b03c621d-4a1c-488c-b525-202cc0895161,FALSE,Sullivan,,Jeremiah,Cutler,C.,Brigadier General,0
TN012,Confederate,1,22dc9bfe-6bfa-4f8a-a48f-694e947cc8d7,FALSE,Wheeler,,Joseph,,,Major General,0
TN012,US,1,a50156ea-b963-4378-af87-30bd132048a2,FALSE,Harding,,Abner,Clark,C.,Colonel,0
TN013,Confederate,1,a68145ec-a562-494d-8e95-c9bd2e0ff473,FALSE,Van Dorn,,Earl,,,Major General,0
TN013,US,1,9ddb278d-82fe-4d96-af0e-0dac8c4ccf5b,FALSE,Coburn,,John,,,Colonel,0
TN014,Confederate,1,813a4704-9ba5-4fda-b14d-f0c9136f575a,FALSE,Morgan,,John,Hunt,H.,Brigadier General,0
TN014,US,1,c55e883a-d863-4734-a379-39b9aee91a36,FALSE,Hall,,Albert,,S.,Colonel,0
TN015,Confederate,1,02b4fa9a-541a-45c7-9097-ab1aee538c6c,FALSE,Forrest,,Nathan,Bedford,B.,Brigadier General,0
TN015,US,1,5b51e04f-3b86-4ef8-bcb1-8ae343e3985e,FALSE,Bloodgood,,Edward,,,Lieutenant Colonel,0
TN016,Confederate,1,a68145ec-a562-494d-8e95-c9bd2e0ff473,FALSE,Van Dorn,,Earl,,,Major General,0
TN016,US,1,c66b4ad0-8194-4dda-a234-c04e1e4e502e,FALSE,Granger,,Gordon,,,Major General,0
TN017,Confederate,1,912394fa-8be2-4739-a9d5-9bbda31d3d71,FALSE,Stewart,,Alexander,Peter,P.,Major General,0
TN017,US,1,6951057d-db32-4db5-8b3e-dea0c1101a5f,FALSE,Thomas,,George,,H.,Major General,0
TN018,Confederate,1,0b57b2da-99cd-48b9-8cbd-b843cd7ca04f,FALSE,Hill,,Daniel,Harvey,H.,Lieutenant General,0
TN018,US,1,9db3b656-d275-4184-880f-1c13065b3863,FALSE,Wilder,,John,,T.,Colonel,0
TN019,Confederate,1,4e9ee593-7867-4dbb-9944-9f8c6631b276,FALSE,Carter,,James,,E.,Colonel,0
TN019,US,1,22bbd2ee-7810-4916-a6c4-809b42a1d889,FALSE,Foster,,John,Watson,W.,Colonel,0
TN020,Confederate,1,90c5f347-8e4a-4244-8b76-978cfb6fb65d,FALSE,Williams,,John,,S.,Brigadier General,0
TN020,US,1,c5f9dd77-1122-48f0-8840-614720ba50d8,FALSE,Burnside,,Ambrose,Everett,E.,Major General,0
TN021,Confederate,1,6e95f4cc-f78b-43cd-a623-6f33a09b7ded,FALSE,Jenkins,,Micah,,,Brigadier General,0
TN021,US,1,cfa9a700-f979-46ff-bfb1-4615441ccd55,FALSE,Hooker,,Joseph,,,Major General,0
TN022,Confederate,1,fd7cdb21-03cc-4b81-b697-86043f0b00da,FALSE,Chalmers,,James,Ronald,R.,Brigadier General,0
TN022,US,1,8082f787-a153-493e-b820-2c007babfb10,FALSE,Hatch,,Edward,,,Colonel,0
TN023,Confederate,1,0418b77d-5826-4c1d-9621-9d92c48d77b5,FALSE,Longstreet,,James,,,Lieutenant General,0
TN023,US,1,c5f9dd77-1122-48f0-8840-614720ba50d8,FALSE,Burnside,,Ambrose,Everett,E.,Major General,0
TN024,Confederate,1,4b5a15e5-6c5d-492c-9ab7-32d50419cf80,FALSE,Bragg,,Braxton,,,General,0
TN024,US,1,f4036249-0d0f-4c0f-aa2e-557890e1e475,FALSE,Grant,,Ulysses,Simon,S.,Major General,0
TN025,Confederate,1,0418b77d-5826-4c1d-9621-9d92c48d77b5,FALSE,Longstreet,,James,,,Lieutenant General,0
TN025,US,1,c5f9dd77-1122-48f0-8840-614720ba50d8,FALSE,Burnside,,Ambrose,Everett,E.,Major General,0
TN026,Confederate,1,0418b77d-5826-4c1d-9621-9d92c48d77b5,FALSE,Longstreet,,James,,,Lieutenant General,0
TN026,US,1,b8260749-dd79-4114-9406-620931238d93,FALSE,Shackelford,,James,Murrell,M.,Brigadier General,0
TN027,Confederate,1,1c8ec84f-b650-4d45-8048-57f6312808ee,FALSE,Martin,,William,,F.,Major General,0
TN027,US,1,4a50678b-9211-4c6a-828e-d9607876849a,FALSE,Sturgis,,Samuel,Davis,D.,Brigadier General,0
TN028,Confederate,1,0418b77d-5826-4c1d-9621-9d92c48d77b5,FALSE,Longstreet,,James,,,Lieutenant General,0
TN028,US,1,4a50678b-9211-4c6a-828e-d9607876849a,FALSE,Sturgis,,Samuel,Davis,D.,Brigadier General,0
TN029,Confederate,1,1c8ec84f-b650-4d45-8048-57f6312808ee,FALSE,Martin,,William,,F.,Major General,0
TN029,US,1,4a50678b-9211-4c6a-828e-d9607876849a,FALSE,Sturgis,,Samuel,Davis,D.,Brigadier General,0
TN029,US,2,fdb062c0-f9c9-4b28-9e78-0ca9ca56ba1e,FALSE,McCook,,Edward,Moody,M.,Colonel,0
TN030,Confederate,1,02b4fa9a-541a-45c7-9097-ab1aee538c6c,FALSE,Forrest,,Nathan,Bedford,B.,Major General,0
TN030,US,1,5d3d236b-0b8d-48c6-9fa0-6e0a74d03904,FALSE,Booth,,Lionel,,F.,Major,0
TN030,US,2,ce80fc18-1765-4e09-9333-858f7e9fdd6b,FALSE,Bradford,,William,,F.,Major,0
TN031,Confederate,1,02b4fa9a-541a-45c7-9097-ab1aee538c6c,FALSE,Forrest,,Nathan,Bedford,B.,Brigadier General,0
TN031,US,1,0a7f3381-3da8-4060-9c3c-936ff7d9e7b9,FALSE,Washburn,,Cadwallader,Colden,C.,Major General,0
TN032,Confederate,1,02b4fa9a-541a-45c7-9097-ab1aee538c6c,FALSE,Forrest,,Nathan,Bedford,B.,Major General,0
TN032,US,1,6dd0c8e4-177a-4426-9d9f-523d80a1b168,FALSE,Thompson,,Henry,,,Colonel,0
TN032,US,2,62fb5571-ef36-4912-a873-9a021782defe,FALSE,King,,Edward,,M.,Lieutenant Commander,1
TN033,Confederate,1,f6caa729-7cfc-4aec-a064-e40c1cfdf01b,FALSE,Breckinridge,,John,Cabell,C.,Major General,0
TN033,US,1,38d5cd4d-ba79-4b9b-add7-10d0ff8958a4,FALSE,Gillem,,Alvan,Cullem,C.,Brigadier General,0
TN034,Confederate,1,84b6d739-3384-4291-86ba-f75ae6637069,FALSE,Hood,,John,Bell,B.,General,0
TN034,US,1,d3b0a222-2294-41d9-96b9-bc78996d55ae,FALSE,Schofield,,John,McAllister,M.,Major General,0
TN035,Confederate,1,84b6d739-3384-4291-86ba-f75ae6637069,FALSE,Hood,,John,Bell,B.,General,0
TN035,US,1,d3b0a222-2294-41d9-96b9-bc78996d55ae,FALSE,Schofield,,John,McAllister,M.,Major General,0
TN036,Confederate,1,84b6d739-3384-4291-86ba-f75ae6637069,FALSE,Hood,,John,Bell,B.,General,0
TN036,US,1,d3b0a222-2294-41d9-96b9-bc78996d55ae,FALSE,Schofield,,John,McAllister,M.,Major General,0
TN037,Confederate,1,02b4fa9a-541a-45c7-9097-ab1aee538c6c,FALSE,Forrest,,Nathan,Bedford,B.,Major General,0
TN037,US,1,8672c474-e8c5-4747-b340-5ee36ede781a,FALSE,Rousseau,,Lovell,Harrison,H.,Major General,0
TN037,US,2,8c251b93-5768-4630-ae9a-dd45b4e785c6,FALSE,Milroy,,Robert,Huston,H.,Brigadier General,0
TN038,Confederate,1,84b6d739-3384-4291-86ba-f75ae6637069,FALSE,Hood,,John,Bell,B.,General,0
TN038,US,1,6951057d-db32-4db5-8b3e-dea0c1101a5f,FALSE,Thomas,,George,,H.,Major General,0
TX001,Confederate,1,29dbeffa-f41b-40e3-bdd1-50bfaee831d4,FALSE,Irvine,,J.,,S.,Major,0
TX001,US,1,6f6d1a3e-ffde-43fb-8402-5771c247fecf,FALSE,Crocker,,Frederick,,,Acting Master,1
TX002,Confederate,1,465c69db-a6e1-4a5a-af57-58bb37f21a32,FALSE,Cook,,Joseph,,J.,Colonel,0
TX002,Confederate,2,314d43fb-cc90-46f6-b15a-0c49039657ee,FALSE,Debray,,Xavier,Blanchard,B.,Colonel,0
TX002,US,1,65815655-0c83-4511-9e7b-2ce4d0ca632c,FALSE,Renshaw,,William,Bainbridge,B.,Commander,1
TX003,Confederate,1,256b790f-0cad-46d6-80aa-7e176890da83,FALSE,Magruder,,John,Bankhead,B.,Major General,0
TX003,US,1,fc3770be-57d2-408b-b564-a47752d56116,FALSE,Burrell,,Isaac,,S.,Colonel,0
TX003,US,2,65815655-0c83-4511-9e7b-2ce4d0ca632c,TRUE,Renshaw,,William,Bainbridge,B.,Commander,1
TX005,Confederate,1,89470c62-deab-43c7-adfb-792d98d4e5dd,FALSE,Ford,,John,,S.,Colonel,0
TX005,US,1,4123164b-a2fd-48a5-9ae8-7c4912b29e2a,FALSE,Barrett,,Theodore,,H.,Colonel,0
TX006,Confederate,1,513a5e1e-fcc4-4a08-9db8-2ccffc31abe9,FALSE,Dowling,,Richard,,W.,Lieutenant,0
TX006,US,1,a6b7f4dd-efc1-43ae-ba35-a53ed768fd63,FALSE,Franklin,,William,Buel,B.,Major General,0
TX006,US,2,6f6d1a3e-ffde-43fb-8402-5771c247fecf,FALSE,Crocker,,Frederick,,,Captain,1
VA001,Confederate,1,02150b84-5c67-43f8-bb73-6d2624d6cf57,FALSE,Gwynn,,Walter,,,Brigadier General,0
VA001,Confederate,2,9b3ef22a-6866-4d97-9cc4-c3b44334c9fa,FALSE,Colquitt,,Peyton,,H.,Captain,0
VA001,US,1,41cf6bcf-490e-48c6-8cf8-caf73896e024,FALSE,Braine,,Daniel,Lawrence,L.,Lieutenant,1
VA002,Confederate,1,b8bf39e9-145b-4562-9936-24e715eaf82f,FALSE,Ruggles,,Daniel,,,Colonel,0
VA002,US,1,86347575-a17a-4f52-b30d-ca0b7bcdbe7e,FALSE,Ward,,James,Harmon,H.,Commander,1
VA003,Confederate,1,256b790f-0cad-46d6-80aa-7e176890da83,FALSE,Magruder,,John,Bankhead,B.,Colonel,0
VA003,Confederate,2,0b57b2da-99cd-48b9-8cbd-b843cd7ca04f,FALSE,Hill,,Daniel,Harvey,H.,Colonel,0
VA003,US,1,93f882f8-8924-4bfb-bbc2-4460c9841ea2,FALSE,Pierce,,Ebenezer,,W.,Brigadier General,0
VA004,Confederate,1,183d0a7d-f06a-4c7b-a575-7616e491618b,FALSE,Beauregard,,Pierre,Gustave Toutant,G. T.,Brigadier General,0
VA004,US,1,0f05f7ed-f187-4469-8fbe-25942e7eb85b,FALSE,McDowell,,Irvin,,,Brigadier General,0
VA005,Confederate,1,b0f7a304-f6c5-4a8d-b816-066426e5dc1c,FALSE,Johnston,,Joseph,,E.,Brigadier General,0
VA005,Confederate,2,183d0a7d-f06a-4c7b-a575-7616e491618b,FALSE,Beauregard,,Pierre,Gustave Toutant,G. T.,Brigadier General,0
VA005,US,1,0f05f7ed-f187-4469-8fbe-25942e7eb85b,FALSE,McDowell,,Irvin,,,Brigadier General,0
VA006,Confederate,1,6bce5d35-7ced-46f5-8786-31eb932c1354,FALSE,Evans,,Nathan,George,G.,Brigadier General,0
VA006,US,1,f06a78fa-f99c-4b7e-bea7-89aa4829c315,FALSE,Stone,,Charles,Pomeroy,P.,Brigadier General,0
VA006,US,2,4b479de3-ec5f-4531-af8e-903c593a7b78,FALSE,Baker,,Edward,Dickinson,D.,Colonel,0
VA007,Confederate,1,6df9b482-4757-474f-80a9-bd1d82228a63,FALSE,Stuart,,James,Ewell Brown,E. B.,Brigadier General,0
VA007,US,1,3f5fd4ed-d11f-4911-ae1a-5c241c74aa7c,FALSE,Ord,,Edward,Otho Cresap,O. C.,Brigadier General,0
VA008,Confederate,1,12c2d009-5e2f-47cb-b9e7-31e07bc73edd,FALSE,Buchanan,,Frankiln,,,Captain,1
VA008,Confederate,2,135f4732-a9b3-4a23-a530-8a6e922812c6,FALSE,Jones,,Catesby,Roger,R.,Lieutenant,1
VA008,US,1,ec3537d2-26fb-441d-bf2c-a1eed0e78171,FALSE,Worden,,John,,,Lieutenant,1
VA009,Confederate,1,256b790f-0cad-46d6-80aa-7e176890da83,FALSE,Magruder,,John,Bankhead,B.,Major General,0
VA009,Confederate,2,b0f7a304-f6c5-4a8d-b816-066426e5dc1c,FALSE,Johnston,,Joseph,,E.,General,0
VA009,US,1,113829b2-e1ff-4458-8dce-9a4da30810dd,FALSE,McClellan,,George,Brinton,B.,Major General,0
VA010,Confederate,1,0418b77d-5826-4c1d-9621-9d92c48d77b5,FALSE,Longstreet,,James,,,Major General,0
VA010,US,1,113829b2-e1ff-4458-8dce-9a4da30810dd,FALSE,McClellan,,George,Brinton,B.,Major General,0
VA011,Confederate,1,7ecf1477-925a-4b2b-b174-a549a4038ecc,FALSE,Smith,,Gustavus,Woodson,W.,Major General,0
VA011,US,1,a6b7f4dd-efc1-43ae-ba35-a53ed768fd63,FALSE,Franklin,,William,Buel,B.,Brigadier General,0
VA012,Confederate,1,630fb1e5-bd14-423e-8d72-02d7358f2f13,FALSE,Farrand,,Ebenezer,,,Commander,1
VA012,Confederate,2,9e1353da-e14e-4a33-9169-19b95b173cd1,FALSE,Mahone,,William,,,Brigadier General,0
VA012,Confederate,3,4791baa5-ea93-4b1e-ad9b-2d36c87d2242,FALSE,Lee,,Sidney,Smith,S.,Captain,1
VA012,US,1,6b88e299-58f8-4232-adf9-ae82f62ea3cf,FALSE,Rodgers,,John,,,Commander,1
VA013,Confederate,1,31a0d649-84f2-4b86-a4aa-155dd8a544fe,FALSE,Branch,,Lawrence,O'Bryan,O.,Brigadier General,0
VA013,US,1,3e3bcb35-5488-46d2-8cf2-b0243ca67d45,FALSE,Porter,,Fitz,John,J.,Brigadier General,0
VA014,Confederate,1,b0f7a304-f6c5-4a8d-b816-066426e5dc1c,FALSE,Johnston,,Joseph,,E.,General,0
VA014,Confederate,2,7ecf1477-925a-4b2b-b174-a549a4038ecc,FALSE,Smith,,Gustavus,Woodson,W.,Major General,0
VA014,US,1,113829b2-e1ff-4458-8dce-9a4da30810dd,FALSE,McClellan,,George,Brinton,B.,Major General,0
VA015,Confederate,1,d428cfef-5c7a-4230-b394-b195481d9a9f,FALSE,Lee,,Robert,,E.,General,0
VA015,US,1,113829b2-e1ff-4458-8dce-9a4da30810dd,FALSE,McClellan,,George,Brinton,B.,Major General,0
VA016,Confederate,1,d428cfef-5c7a-4230-b394-b195481d9a9f,FALSE,Lee,,Robert,,E.,General,0
VA016,US,1,3e3bcb35-5488-46d2-8cf2-b0243ca67d45,FALSE,Porter,,Fitz,John,J.,Brigadier General,0
VA017,Confederate,1,d428cfef-5c7a-4230-b394-b195481d9a9f,FALSE,Lee,,Robert,,E.,General,0
VA017,US,1,3e3bcb35-5488-46d2-8cf2-b0243ca67d45,FALSE,Porter,,Fitz,John,J.,Brigadier General,0
VA018,Confederate,1,256b790f-0cad-46d6-80aa-7e176890da83,FALSE,Magruder,,John,Bankhead,B.,Major General,0
VA018,US,1,113829b2-e1ff-4458-8dce-9a4da30810dd,FALSE,McClellan,,George,Brinton,B.,Major General,0
VA019,Confederate,1,256b790f-0cad-46d6-80aa-7e176890da83,FALSE,Magruder,,John,Bankhead,B.,Major General,0
VA019,US,1,f2b24743-4d9d-4422-b830-26ecf22d9bd1,FALSE,Sumner,,Edwin,Vose,V.,Major General,0
VA020,Confederate,1,21d06a25-9c4f-4dea-a766-f60d20632999,FALSE,Jackson,,Thomas,Jonathan,J.,Major General,0
VA020,Confederate,2,d428cfef-5c7a-4230-b394-b195481d9a9f,FALSE,Lee,,Robert,,E.,General,0
VA020,US,1,a6b7f4dd-efc1-43ae-ba35-a53ed768fd63,FALSE,Franklin,,William,Buel,B.,Major General,0
VA020,US,2,113829b2-e1ff-4458-8dce-9a4da30810dd,FALSE,McClellan,,George,Brinton,B.,Major General,0
VA021,Confederate,1,d428cfef-5c7a-4230-b394-b195481d9a9f,FALSE,Lee,,Robert,,E.,General,0
VA021,US,1,113829b2-e1ff-4458-8dce-9a4da30810dd,FALSE,McClellan,,George,Brinton,B.,Major General,0
VA022,Confederate,1,21d06a25-9c4f-4dea-a766-f60d20632999,FALSE,Jackson,,Thomas,Jonathan,J.,Major General,0
VA022,US,1,f2f4eda1-b51f-4f8e-ad2d-379a1eb685f3,FALSE,Banks,,Nathaniel,,P.,Major General,0
VA023,Confederate,1,21d06a25-9c4f-4dea-a766-f60d20632999,FALSE,Jackson,,Thomas,Jonathan,J.,Major General,0
VA023,US,1,60853683-b235-4e03-abcb-68edc8339fa5,FALSE,Pope,,John,,,Major General,0
VA024,Confederate,1,21d06a25-9c4f-4dea-a766-f60d20632999,FALSE,Jackson,,Thomas,Jonathan,J.,Major General,0
VA024,US,1,f02c1113-80d3-40a9-99d0-71f90e30d2ce,FALSE,Taylor,,George,William,W.,Brigadier General,0
VA025,Confederate,1,0418b77d-5826-4c1d-9621-9d92c48d77b5,FALSE,Longstreet,,James,,,Lieutenant General,0
VA025,US,1,d334dafe-3ba5-405b-9ed7-c77336f98d4f,FALSE,Ricketts,,James,Brewerton,B.,Brigadier General,0
VA026,Confederate,1,d428cfef-5c7a-4230-b394-b195481d9a9f,FALSE,Lee,,Robert,,E.,General,0
VA026,Confederate,2,21d06a25-9c4f-4dea-a766-f60d20632999,FALSE,Jackson,,Thomas,Jonathan,J.,Major General,0
VA026,US,1,60853683-b235-4e03-abcb-68edc8339fa5,FALSE,Pope,,John,,,Major General,0
VA027,Confederate,1,21d06a25-9c4f-4dea-a766-f60d20632999,FALSE,Jackson,,Thomas,Jonathan,J.,Major General,0
VA027,US,1,564b6066-81af-41f5-9fac-f0776134454b,FALSE,Kearny,,Philip,,,Major General,0
VA027,US,2,273ea5b9-0e1d-4993-8267-23cb229725dc,FALSE,Stevens,,Isaac,Ingalls,I.,Major General,0
VA028,Confederate,1,d428cfef-5c7a-4230-b394-b195481d9a9f,FALSE,Lee,,Robert,,E.,General,0
VA028,US,1,c5f9dd77-1122-48f0-8840-614720ba50d8,FALSE,Burnside,,Ambrose,Everett,E.,Major General,0
VA029,Confederate,1,67a922f1-6dc9-4ba8-89aa-e33f842197e2,FALSE,Lee,,Fitzhugh,,,Brigadier General,0
VA029,US,1,207ddcd7-a819-480a-a9a7-59bf7bd8f760,FALSE,Averell,,William,Woods,W.,Brigadier General,0
VA031,Confederate,1,0418b77d-5826-4c1d-9621-9d92c48d77b5,FALSE,Longstreet,,James,,,Lieutenant General,0
VA031,US,1,b3d1ac5f-a962-46ba-ad2c-ec134ff0f846,FALSE,Peck,,John,James,J.,Brigadier General,0
VA032,Confederate,1,d428cfef-5c7a-4230-b394-b195481d9a9f,FALSE,Lee,,Robert,,E.,General,0
VA032,Confederate,2,21d06a25-9c4f-4dea-a766-f60d20632999,FALSE,Jackson,,Thomas,Jonathan,J.,Major General,0
VA032,US,1,cfa9a700-f979-46ff-bfb1-4615441ccd55,FALSE,Hooker,,Joseph,,,Major General,0
VA033,Confederate,1,d428cfef-5c7a-4230-b394-b195481d9a9f,FALSE,Lee,,Robert,,E.,General,0
VA033,US,1,ac71cf4c-9ef5-447e-abd0-aca2b3474789,FALSE,Sedgwick,,John,,,Major General,0
VA034,Confederate,1,77a0625d-2996-4af0-b46f-db7388f851d5,FALSE,Early,,Jubal,Anderson,A.,Major General,0
VA034,US,1,ac71cf4c-9ef5-447e-abd0-aca2b3474789,FALSE,Sedgwick,,John,,,Major General,0
VA035,Confederate,1,6df9b482-4757-474f-80a9-bd1d82228a63,FALSE,Stuart,,James,Ewell Brown,E. B.,Major General,0
VA035,US,1,90849b39-6f3a-4d88-af29-ddded5d1733a,FALSE,Pleasonton,,Alfred,,,Major General,0
VA036,Confederate,1,f7906ebf-791d-4350-b22a-97a7da59ca14,FALSE,Munford,,Thomas,,,Colonel,0
VA036,US,1,7830dd73-a91e-4fe5-b112-4492303f8c2d,FALSE,Kilpatrick,,Hugh,Judson,J.,Brigadier General,0
VA037,Confederate,1,6df9b482-4757-474f-80a9-bd1d82228a63,FALSE,Stuart,,James,Ewell Brown,E. B.,Major General,0
VA037,US,1,b7d3087a-c217-46c1-800e-455e9f9c77b6,FALSE,Gregg,,David,McMurtrie,M.,Brigadier General,0
VA038,Confederate,1,0db13c2e-98a9-4187-be39-484c4d272d30,FALSE,Hampton,,Wade,,,Brigadier General,0
VA038,Confederate,2,06b8daf9-11b4-4e8b-9af4-8adaaa9b1d9c,FALSE,Robertson,,Beverly,Holcombe,H.,Brigadier General,0
VA038,US,1,90849b39-6f3a-4d88-af29-ddded5d1733a,FALSE,Pleasonton,,Alfred,,,Major General,0
VA039,Confederate,1,6df9b482-4757-474f-80a9-bd1d82228a63,FALSE,Stuart,,James,Ewell Brown,E. B.,Major General,0
VA039,US,1,f7329508-919d-4fc2-af29-0dbb4c0f2291,FALSE,French,,William,,H.,Major General,0
VA040,Confederate,1,2153a0b4-6aab-42d2-b31e-56b074ec402e,FALSE,Hill,,Ambrose,Powell,P.,Lieutenant General,0
VA040,US,1,8ca13860-937b-4df4-8f84-df7a2bf51224,FALSE,Warren,,Gouverneur,Kemble,K.,Major General,0
VA041,Confederate,1,6df9b482-4757-474f-80a9-bd1d82228a63,FALSE,Stuart,,James,Ewell Brown,E. B.,Major General,0
VA041,US,1,8ca13860-937b-4df4-8f84-df7a2bf51224,FALSE,Warren,,Gouverneur,Kemble,K.,Major General,0
VA042,Confederate,1,6df9b482-4757-474f-80a9-bd1d82228a63,FALSE,Stuart,,James,Ewell Brown,E. B.,Major General,0
VA042,US,1,7830dd73-a91e-4fe5-b112-4492303f8c2d,FALSE,Kilpatrick,,Hugh,Judson,J.,Major General,0
VA043,Confederate,1,d428cfef-5c7a-4230-b394-b195481d9a9f,FALSE,Lee,,Robert,,E.,General,0
VA043,US,1,15a8b826-e060-430a-bb4c-61936b75252e,FALSE,Meade,,George,Gordon,G.,Major General,0
VA044,Confederate,1,d428cfef-5c7a-4230-b394-b195481d9a9f,FALSE,Lee,,Robert,,E.,General,0
VA044,US,1,15a8b826-e060-430a-bb4c-61936b75252e,FALSE,Meade,,George,Gordon,G.,Major General,0
VA045,Confederate,1,aa9a80fb-49e3-41d4-8ce5-3f5cbd961625,FALSE,Ewell,,Richard,Stoddert,S.,Lieutenant General,0
VA045,US,1,10a2108a-97b6-4443-b672-7ff287420770,FALSE,Caldwell,,John,Curtis,C.,Brigadier General,0
VA046,Confederate,1,d428cfef-5c7a-4230-b394-b195481d9a9f,FALSE,Lee,,Robert,,E.,General,0
VA046,US,1,f4036249-0d0f-4c0f-aa2e-557890e1e475,FALSE,Grant,,Ulysses,Simon,S.,Lieutenant General,0
VA046,US,2,15a8b826-e060-430a-bb4c-61936b75252e,FALSE,Meade,,George,Gordon,G.,Major General,0
VA047,Confederate,1,ab232acd-f2f4-4776-9a87-570765a95ad6,FALSE,Hagood,,Johnson,,,Brigadier General,0
VA047,US,1,c94b93a1-0565-4e9f-95af-12f5fe7e93f8,FALSE,Butler,,Benjamin,Frankiln,F.,Major General,0
VA048,Confederate,1,d428cfef-5c7a-4230-b394-b195481d9a9f,FALSE,Lee,,Robert,,E.,General,0
VA048,US,1,f4036249-0d0f-4c0f-aa2e-557890e1e475,FALSE,Grant,,Ulysses,Simon,S.,Lieutenant General,0
VA048,US,2,15a8b826-e060-430a-bb4c-61936b75252e,FALSE,Meade,,George,Gordon,G.,Major General,0
VA049,Confederate,1,862c24e1-e6e0-4349-b796-8568994296f3,FALSE,Jenkins,,Albert,,G.,Brigadier General,0
VA049,US,1,e82a23ec-2fd8-4772-910a-a24756c57052,FALSE,Crook,,George,,,Brigadier General,0
VA050,Confederate,1,183d0a7d-f06a-4c7b-a575-7616e491618b,FALSE,Beauregard,,Pierre,Gustave Toutant,G. T.,General,0
VA050,US,1,c94b93a1-0565-4e9f-95af-12f5fe7e93f8,FALSE,Butler,,Benjamin,Frankiln,F.,Major General,0
VA051,Confederate,1,183d0a7d-f06a-4c7b-a575-7616e491618b,FALSE,Beauregard,,Pierre,Gustave Toutant,G. T.,General,0
VA051,US,1,c94b93a1-0565-4e9f-95af-12f5fe7e93f8,FALSE,Butler,,Benjamin,Frankiln,F.,Major General,0
VA052,Confederate,1,6df9b482-4757-474f-80a9-bd1d82228a63,FALSE,Stuart,,James,Ewell Brown,E. B.,Major General,0
VA052,US,1,407e5664-e1ff-49aa-984d-79f7508a5e7f,FALSE,Sheridan,,Philip,Henry,H.,Major General,0
VA053,Confederate,1,183d0a7d-f06a-4c7b-a575-7616e491618b,FALSE,Beauregard,,Pierre,Gustave Toutant,G. T.,General,0
VA053,US,1,c94b93a1-0565-4e9f-95af-12f5fe7e93f8,FALSE,Butler,,Benjamin,Frankiln,F.,Major General,0
VA054,Confederate,1,183d0a7d-f06a-4c7b-a575-7616e491618b,FALSE,Beauregard,,Pierre,Gustave Toutant,G. T.,General,0
VA054,US,1,c94b93a1-0565-4e9f-95af-12f5fe7e93f8,FALSE,Butler,,Benjamin,Frankiln,F.,Major General,0
VA055,Confederate,1,d428cfef-5c7a-4230-b394-b195481d9a9f,FALSE,Lee,,Robert,,E.,General,0
VA055,US,1,f4036249-0d0f-4c0f-aa2e-557890e1e475,FALSE,Grant,,Ulysses,Simon,S.,Lieutenant General,0
VA055,US,2,15a8b826-e060-430a-bb4c-61936b75252e,FALSE,Meade,,George,Gordon,G.,Major General,0
VA056,Confederate,1,67a922f1-6dc9-4ba8-89aa-e33f842197e2,FALSE,Lee,,Fitzhugh,,,Major General,0
VA056,US,1,e782493c-5413-49ff-845e-e1afa8900f78,FALSE,Wild,,Edward,,A.,Brigadier General,0
VA057,Confederate,1,d428cfef-5c7a-4230-b394-b195481d9a9f,FALSE,Lee,,Robert,,E.,General,0
VA057,US,1,f4036249-0d0f-4c0f-aa2e-557890e1e475,FALSE,Grant,,Ulysses,Simon,S.,Lieutenant General,0
VA057,US,2,15a8b826-e060-430a-bb4c-61936b75252e,FALSE,Meade,,George,Gordon,G.,Major General,0
VA058,Confederate,1,67a922f1-6dc9-4ba8-89aa-e33f842197e2,FALSE,Lee,,Fitzhugh,,,Major General,0
VA058,Confederate,2,0db13c2e-98a9-4187-be39-484c4d272d30,FALSE,Hampton,,Wade,,,Major General,0
VA058,US,1,b7d3087a-c217-46c1-800e-455e9f9c77b6,FALSE,Gregg,,David,McMurtrie,M.,Brigadier General,0
VA059,Confederate,1,1335cadd-d833-4e9b-ae7d-012211c3da64,FALSE,Butler,,Matthew,Calbraith,C.,Brigadier General,0
VA059,US,1,441dd7be-d428-420b-b4f5-188065792229,FALSE,Torbert,,Alfred,Thomas Archimedes,T.  A.,Brigadier General,0
VA062,Confederate,1,d428cfef-5c7a-4230-b394-b195481d9a9f,FALSE,Lee,,Robert,,E.,General,0
VA062,US,1,f4036249-0d0f-4c0f-aa2e-557890e1e475,FALSE,Grant,,Ulysses,Simon,S.,Lieutenant General,0
VA062,US,2,15a8b826-e060-430a-bb4c-61936b75252e,FALSE,Meade,,George,Gordon,G.,Major General,0
VA063,Confederate,1,d428cfef-5c7a-4230-b394-b195481d9a9f,FALSE,Lee,,Robert,,E.,General,0
VA063,Confederate,2,183d0a7d-f06a-4c7b-a575-7616e491618b,FALSE,Beauregard,,Pierre,Gustave Toutant,G. T.,General,0
VA063,US,1,f4036249-0d0f-4c0f-aa2e-557890e1e475,FALSE,Grant,,Ulysses,Simon,S.,Lieutenant General,0
VA063,US,2,15a8b826-e060-430a-bb4c-61936b75252e,FALSE,Meade,,George,Gordon,G.,Major General,0
VA064,Confederate,1,77a0625d-2996-4af0-b46f-db7388f851d5,FALSE,Early,,Jubal,Anderson,A.,Lieutenant General,0
VA064,US,1,5eec596f-c299-41da-96b6-984213b14c9e,FALSE,Hunter,,David,,,Major General,0
VA065,Confederate,1,d428cfef-5c7a-4230-b394-b195481d9a9f,FALSE,Lee,,Robert,,E.,General,0
VA065,US,1,f4036249-0d0f-4c0f-aa2e-557890e1e475,FALSE,Grant,,Ulysses,Simon,S.,Lieutenant General,0
VA065,US,2,15a8b826-e060-430a-bb4c-61936b75252e,FALSE,Meade,,George,Gordon,G.,Major General,0
VA066,Confederate,1,0db13c2e-98a9-4187-be39-484c4d272d30,FALSE,Hampton,,Wade,,,Major General,0
VA066,US,1,407e5664-e1ff-49aa-984d-79f7508a5e7f,FALSE,Sheridan,,Philip,Henry,H.,Major General,0
VA067,Confederate,1,0db13c2e-98a9-4187-be39-484c4d272d30,FALSE,Hampton,,Wade,,,Major General,0
VA067,US,1,460c9e8f-625e-490f-8eda-7385907b8d3f,FALSE,Wilson,,James,Harrison,H.,Brigadier General,0
VA067,US,2,cb8dc6d1-211d-4278-875a-5f479f65d85b,FALSE,Kautz,,August,Valentine,V.,Brigadier General,0
VA068,Confederate,1,9e1353da-e14e-4a33-9169-19b95b173cd1,TRUE,Mahone,,William,,,Major General,0
VA068,Confederate,2,67a922f1-6dc9-4ba8-89aa-e33f842197e2,TRUE,Lee,,Fitzhugh,,,Major General,0
VA068,US,1,460c9e8f-625e-490f-8eda-7385907b8d3f,TRUE,Wilson,,James,Harrison,H.,Major General,0
VA068,US,2,cb8dc6d1-211d-4278-875a-5f479f65d85b,TRUE,Kautz,,August,Valentine,V.,Brigadier General,0
VA069,Confederate,1,b8c29b14-3dbe-4c53-a8ca-6af5217d6469,FALSE,Field,,Charles,William,W.,Major General,0
VA069,US,1,8d7bd2d7-7411-4cea-ace2-491a97e577ca,FALSE,Hancock,,Winfield,Scott,S.,Major General,0
VA070,Confederate,1,d428cfef-5c7a-4230-b394-b195481d9a9f,FALSE,Lee,,Robert,,E.,General,0
VA070,US,1,c5f9dd77-1122-48f0-8840-614720ba50d8,FALSE,Burnside,,Ambrose,Everett,E.,Major General,0
VA071,Confederate,1,d428cfef-5c7a-4230-b394-b195481d9a9f,FALSE,Lee,,Robert,,E.,General,0
VA071,Confederate,2,b8c29b14-3dbe-4c53-a8ca-6af5217d6469,FALSE,Field,,Charles,William,W.,Major General,0
VA071,US,1,8d7bd2d7-7411-4cea-ace2-491a97e577ca,FALSE,Hancock,,Winfield,Scott,S.,Major General,0
VA072,Confederate,1,d428cfef-5c7a-4230-b394-b195481d9a9f,FALSE,Lee,,Robert,,E.,General,0
VA072,Confederate,2,2153a0b4-6aab-42d2-b31e-56b074ec402e,FALSE,Hill,,Ambrose,Powell,P.,Lieutenant General,0
VA072,Confederate,3,d87fee08-2ce1-47f6-b313-9a1dfb7a8ea7,FALSE,Heth,,Henry,,,Major General,0
VA072,Confederate,4,9e1353da-e14e-4a33-9169-19b95b173cd1,TRUE,Mahone,,William,,,Major General,0
VA072,US,1,8ca13860-937b-4df4-8f84-df7a2bf51224,FALSE,Warren,,Gouverneur,Kemble,K.,Major General,0
VA073,Confederate,1,d87fee08-2ce1-47f6-b313-9a1dfb7a8ea7,FALSE,Heth,,Henry,,,Major General,0
VA073,US,1,8d7bd2d7-7411-4cea-ace2-491a97e577ca,FALSE,Hancock,,Winfield,Scott,S.,Major General,0
VA074,Confederate,1,2153a0b4-6aab-42d2-b31e-56b074ec402e,FALSE,Hill,,Ambrose,Powell,P.,Lieutenant General,0
VA074,Confederate,2,0db13c2e-98a9-4187-be39-484c4d272d30,FALSE,Hampton,,Wade,,,Major General,0
VA074,US,1,15a8b826-e060-430a-bb4c-61936b75252e,FALSE,Meade,,George,Gordon,G.,Major General,0
VA074,US,2,87cff8b4-f792-44ed-a7cc-9bc684d88994,FALSE,Parke,,John,Grubb,G.,Major General,0
VA074,US,3,8ca13860-937b-4df4-8f84-df7a2bf51224,FALSE,Warren,,Gouverneur,Kemble,K.,Major General,0
VA075,Confederate,1,d428cfef-5c7a-4230-b394-b195481d9a9f,FALSE,Lee,,Robert,,E.,General,0
VA075,Confederate,2,aa9a80fb-49e3-41d4-8ce5-3f5cbd961625,FALSE,Ewell,,Richard,Stoddert,S.,Lieutenant General,0
VA075,US,1,c94b93a1-0565-4e9f-95af-12f5fe7e93f8,FALSE,Butler,,Benjamin,Frankiln,F.,Major General,0
VA076,Confederate,1,b6e8d0d4-34af-4a5f-9009-82fda601381d,FALSE,Jackson,,Alfred,Eugene,E.,Brigadier General,0
VA076,US,1,05ae48ad-00e7-40f3-a820-dd4d48ac54ec,FALSE,Burbridge,,Stephen,Gano,G.,Brigadier General,0
VA077,Confederate,1,d428cfef-5c7a-4230-b394-b195481d9a9f,FALSE,Lee,,Robert,,E.,General,0
VA077,US,1,cb8dc6d1-211d-4278-875a-5f479f65d85b,FALSE,Kautz,,August,Valentine,V.,Brigadier General,0
VA077,US,2,1e6eb432-3e57-4718-98b3-fe7f6e8ce04e,FALSE,Birney,,David,Bell,B.,Major General,0
VA078,Confederate,1,306919f0-5ae8-4dee-ba37-0ea56b932b91,FALSE,Anderson,,Richard,Heron,H.,Lieutenant General,0
VA078,US,1,5128b598-2305-4d47-8406-f865aefdc4c7,FALSE,Terry,,Alfred,Howe,H.,Major General,0
VA079,Confederate,1,d87fee08-2ce1-47f6-b313-9a1dfb7a8ea7,FALSE,Heth,,Henry,,,Major General,0
VA079,US,1,8d7bd2d7-7411-4cea-ace2-491a97e577ca,FALSE,Hancock,,Winfield,Scott,S.,Major General,0
VA080,Confederate,1,0418b77d-5826-4c1d-9621-9d92c48d77b5,FALSE,Longstreet,,James,,,Lieutenant General,0
VA080,US,1,c94b93a1-0565-4e9f-95af-12f5fe7e93f8,FALSE,Butler,,Benjamin,Frankiln,F.,Major General,0
VA081,Confederate,1,f6caa729-7cfc-4aec-a064-e40c1cfdf01b,FALSE,Breckinridge,,John,Cabell,C.,Major General,0
VA081,US,1,f7bd82cb-fd70-4bf2-9413-25db44cf1736,FALSE,Stoneman,,George,,,Major General,0
VA082,Confederate,1,f6caa729-7cfc-4aec-a064-e40c1cfdf01b,FALSE,Breckinridge,,John,Cabell,C.,Major General,0
VA082,US,1,f7bd82cb-fd70-4bf2-9413-25db44cf1736,FALSE,Stoneman,,George,,,Major General,0
VA083,Confederate,1,bc4a67e5-b1be-43e1-9a83-240f4fe5346b,FALSE,Gordon,,John,Brown,B.,Major General,0
VA083,US,1,0739970d-f176-49aa-958c-f26397e326bb,FALSE,Humphreys,,Andrew,Atkinson,A.,Major General,0
VA083,US,2,8ca13860-937b-4df4-8f84-df7a2bf51224,FALSE,Warren,,Gouverneur,Kemble,K.,Major General,0
VA084,Confederate,1,d428cfef-5c7a-4230-b394-b195481d9a9f,FALSE,Lee,,Robert,,E.,General,0
VA084,Confederate,2,bc4a67e5-b1be-43e1-9a83-240f4fe5346b,FALSE,Gordon,,John,Brown,B.,Major General,0
VA084,US,1,87cff8b4-f792-44ed-a7cc-9bc684d88994,FALSE,Parke,,John,Grubb,G.,Major General,0
VA085,Confederate,1,d1b5da7b-0148-4ff1-b9ab-ad80b3eb0c21,FALSE,Johnson,,Bushrod,Rust,R.,Major General,0
VA085,US,1,8ca13860-937b-4df4-8f84-df7a2bf51224,FALSE,Warren,,Gouverneur,Kemble,K.,Major General,0
VA086,Confederate,1,e4e99b96-0c8c-43c9-b2b2-79cfdb9ed800,FALSE,Pickett,,George,,,Major General,0
VA086,Confederate,2,67a922f1-6dc9-4ba8-89aa-e33f842197e2,TRUE,Lee,,Fitzhugh,,,Major General,0
VA086,US,1,407e5664-e1ff-49aa-984d-79f7508a5e7f,FALSE,Sheridan,,Philip,Henry,H.,Major General,0
VA087,Confederate,1,d428cfef-5c7a-4230-b394-b195481d9a9f,FALSE,Lee,,Robert,,E.,General,0
VA087,Confederate,2,306919f0-5ae8-4dee-ba37-0ea56b932b91,FALSE,Anderson,,Richard,Heron,H.,Lieutenant General,0
VA087,US,1,8ca13860-937b-4df4-8f84-df7a2bf51224,FALSE,Warren,,Gouverneur,Kemble,K.,Major General,0
VA088,Confederate,1,e4e99b96-0c8c-43c9-b2b2-79cfdb9ed800,FALSE,Pickett,,George,,,Major General,0
VA088,US,1,407e5664-e1ff-49aa-984d-79f7508a5e7f,FALSE,Sheridan,,Philip,Henry,H.,Major General,0
VA089,Confederate,1,d428cfef-5c7a-4230-b394-b195481d9a9f,FALSE,Lee,,Robert,,E.,General,0
VA089,US,1,f4036249-0d0f-4c0f-aa2e-557890e1e475,FALSE,Grant,,Ulysses,Simon,S.,Lieutenant General,0
VA090,Confederate,1,d87fee08-2ce1-47f6-b313-9a1dfb7a8ea7,FALSE,Heth,,Henry,,,Major General,0
VA090,Confederate,2,a3f91ab6-c95a-4dfd-b5c6-a3cbb72c3f42,FALSE,Wilcox,,Cadmus,Marcellus,M.,Major General,0
VA090,US,1,1fedb511-506d-4699-a786-e2becf3b0fb2,FALSE,Miles,,Nelson,Appleton,A.,Major General,0
VA091,Confederate,1,0dca3f2d-e93f-4908-bda9-bb23f411857b,FALSE,Rosser,,Thomas,Lafayette,L.,Major General,0
VA091,Confederate,2,67a922f1-6dc9-4ba8-89aa-e33f842197e2,FALSE,Lee,,Fitzhugh,,,Major General,0
VA091,US,1,e82a23ec-2fd8-4772-910a-a24756c57052,FALSE,Crook,,George,,,Major General,0
VA092,Confederate,1,0418b77d-5826-4c1d-9621-9d92c48d77b5,FALSE,Longstreet,,James,,,Lieutenant General,0
VA092,US,1,7426cc42-b8b1-4990-aa8c-94e3246d3c7a,FALSE,Gibbon,,John,,,Major General,0
VA093,Confederate,1,aa9a80fb-49e3-41d4-8ce5-3f5cbd961625,FALSE,Ewell,,Richard,Stoddert,S.,Lieutenant General,0
VA093,Confederate,2,bc4a67e5-b1be-43e1-9a83-240f4fe5346b,FALSE,Gordon,,John,Brown,B.,Major General,0
VA093,US,1,407e5664-e1ff-49aa-984d-79f7508a5e7f,FALSE,Sheridan,,Philip,Henry,H.,Major General,0
VA094,Confederate,1,d428cfef-5c7a-4230-b394-b195481d9a9f,FALSE,Lee,,Robert,,E.,General,0
VA094,US,1,0739970d-f176-49aa-958c-f26397e326bb,FALSE,Humphreys,,Andrew,Atkinson,A.,Major General,0
VA095,Confederate,1,0dca3f2d-e93f-4908-bda9-bb23f411857b,TRUE,Rosser,,Thomas,Lafayette,L.,Major General,0
VA095,Confederate,2,9e1353da-e14e-4a33-9169-19b95b173cd1,TRUE,Mahone,,William,,,Major General,0
VA095,US,1,0739970d-f176-49aa-958c-f26397e326bb,TRUE,Humphreys,,Andrew,Atkinson,A.,Major General,0
VA096,Confederate,1,866c559c-b759-40a4-b31a-4e20e5f3f183,FALSE,Walker,,Reuben,Lindsay,L.,Brigadier General,0
VA096,US,1,7857f8dc-c7a6-4e86-b4be-5289b881fe8c,FALSE,Custer,,George,Armstrong,A.,Major General,0
VA097,Confederate,1,d428cfef-5c7a-4230-b394-b195481d9a9f,FALSE,Lee,,Robert,,E.,General,0
VA097,US,1,f4036249-0d0f-4c0f-aa2e-557890e1e475,FALSE,Grant,,Ulysses,Simon,S.,Lieutenant General,0
VA098,Confederate,1,183d0a7d-f06a-4c7b-a575-7616e491618b,FALSE,Beauregard,,Pierre,Gustave Toutant,G. T.,General,0
VA098,US,1,29c87347-958e-438f-b06a-5b3e586564cd,FALSE,Gillmore,,Quincy,Adams,A.,Major General,0
VA099,Confederate,1,0db13c2e-98a9-4187-be39-484c4d272d30,FALSE,Hampton,,Wade,,,Major General,0
VA099,US,1,407e5664-e1ff-49aa-984d-79f7508a5e7f,FALSE,Sheridan,,Philip,Henry,H.,Major General,0
VA100,Confederate,1,2306a312-6705-4e62-893d-8789639a1555,FALSE,French,,Samuel,Gibbs,G.,Brigadier General,0
VA100,US,1,d53b386e-d584-4870-a79d-0b0624595842,FALSE,Wyman,,R.,,H.,Lieutenant,0
VA101,Confederate,1,21d06a25-9c4f-4dea-a766-f60d20632999,FALSE,Jackson,,Thomas,Jonathan,J.,Major General,0
VA101,US,1,cc0f3d5e-05e5-431e-82dc-f7ef2a53cdb5,FALSE,Kimball,,Nathan,,,Colonel,0
VA102,Confederate,1,21d06a25-9c4f-4dea-a766-f60d20632999,FALSE,Jackson,,Thomas,Jonathan,J.,Major General,0
VA102,US,1,8c251b93-5768-4630-ae9a-dd45b4e785c6,FALSE,Milroy,,Robert,Huston,H.,Brigadier General,0
VA102,US,2,009983b0-ccd0-4ed6-814e-c729a69e69e3,FALSE,Schenck,,Robert,Cumming,C.,Brigadier General,0
VA103,Confederate,1,21d06a25-9c4f-4dea-a766-f60d20632999,FALSE,Jackson,,Thomas,Jonathan,J.,Major General,0
VA103,US,1,89baa468-4d55-4b97-a5a6-bc79bd433235,FALSE,Kenly,,John,,R.,Colonel,0
VA104,Confederate,1,21d06a25-9c4f-4dea-a766-f60d20632999,FALSE,Jackson,,Thomas,Jonathan,J.,Major General,0
VA104,US,1,f2f4eda1-b51f-4f8e-ad2d-379a1eb685f3,FALSE,Banks,,Nathaniel,,P.,Major General,0
VA105,Confederate,1,aa9a80fb-49e3-41d4-8ce5-3f5cbd961625,FALSE,Ewell,,Richard,Stoddert,S.,Major General,0
VA105,US,1,b6775ad7-2f56-4d49-9aee-b4e4898e8b5e,FALSE,Frémont,,John,Charles,C.,Major General,0
VA106,Confederate,1,21d06a25-9c4f-4dea-a766-f60d20632999,FALSE,Jackson,,Thomas,Jonathan,J.,Major General,0
VA106,US,1,1c028c2f-3439-4a15-ac1a-d9f9f9ab7210,FALSE,Tyler,,Erastus,Barnard,B.,Brigadier General,0
VA107,Confederate,1,aa9a80fb-49e3-41d4-8ce5-3f5cbd961625,FALSE,Ewell,,Richard,Stoddert,S.,Lieutenant General,0
VA107,US,1,8c251b93-5768-4630-ae9a-dd45b4e785c6,FALSE,Milroy,,Robert,Huston,H.,Brigadier General,0
VA108,Confederate,1,306919f0-5ae8-4dee-ba37-0ea56b932b91,FALSE,Anderson,,Richard,Heron,H.,Major General,0
VA108,US,1,f7329508-919d-4fc2-af29-0dbb4c0f2291,FALSE,French,,William,,H.,Major General,0
VA109,Confederate,1,0769dc65-a460-4629-b6bc-68a36ab8786e,FALSE,Jones,,William,Edmondson,E.,Brigadier General,0
VA109,US,1,207ddcd7-a819-480a-a9a7-59bf7bd8f760,FALSE,Averell,,William,Woods,W.,Brigadier General,0
VA110,Confederate,1,f6caa729-7cfc-4aec-a064-e40c1cfdf01b,FALSE,Breckinridge,,John,Cabell,C.,Major General,0
VA110,US,1,2f47ce28-50f4-4728-8a6f-01d50726a032,FALSE,Sigel,,Franz,,,Major General,0
VA111,Confederate,1,0769dc65-a460-4629-b6bc-68a36ab8786e,FALSE,Jones,,William,Edmondson,E.,Brigadier General,0
VA111,US,1,5eec596f-c299-41da-96b6-984213b14c9e,FALSE,Hunter,,David,,,Major General,0
VA113,Confederate,1,6e862f42-548c-4fcf-927e-4d8b620f34a8,FALSE,Lee,,William,,H. F.,Major General,0
VA113,US,1,460c9e8f-625e-490f-8eda-7385907b8d3f,FALSE,Wilson,,James,Harrison,H.,Brigadier General,0
VA113,US,2,cb8dc6d1-211d-4278-875a-5f479f65d85b,FALSE,Kautz,,August,Valentine,V.,Brigadier General,0
VA114,Confederate,1,77a0625d-2996-4af0-b46f-db7388f851d5,FALSE,Early,,Jubal,Anderson,A.,Lieutenant General,0
VA114,US,1,0feb9176-d689-4e1d-ac4a-6bb149fc6f5b,FALSE,Wright,,Horatio,Gouverneur,G.,Major General,0
VA115,Confederate,1,3e38cc65-7841-4322-8056-a0d2cd49e336,FALSE,Ramseur,,Stephen,Dodson,D.,Major General,0
VA115,US,1,207ddcd7-a819-480a-a9a7-59bf7bd8f760,FALSE,Averell,,William,Woods,W.,Brigadier General,0
VA116,Confederate,1,77a0625d-2996-4af0-b46f-db7388f851d5,FALSE,Early,,Jubal,Anderson,A.,Lieutenant General,0
VA116,US,1,e82a23ec-2fd8-4772-910a-a24756c57052,FALSE,Crook,,George,,,Brigadier General,0
VA117,Confederate,1,306919f0-5ae8-4dee-ba37-0ea56b932b91,FALSE,Anderson,,Richard,Heron,H.,Lieutenant General,0
VA117,US,1,73086f36-7325-4382-a558-72acf268f7c7,FALSE,Merritt,,Wesley,,,Brigadier General,0
VA118,Confederate,1,77a0625d-2996-4af0-b46f-db7388f851d5,FALSE,Early,,Jubal,Anderson,A.,Lieutenant General,0
VA118,US,1,407e5664-e1ff-49aa-984d-79f7508a5e7f,FALSE,Sheridan,,Philip,Henry,H.,Major General,0
VA119,Confederate,1,77a0625d-2996-4af0-b46f-db7388f851d5,FALSE,Early,,Jubal,Anderson,A.,Lieutenant General,0
VA119,US,1,407e5664-e1ff-49aa-984d-79f7508a5e7f,FALSE,Sheridan,,Philip,Henry,H.,Major General,0
VA120,Confederate,1,77a0625d-2996-4af0-b46f-db7388f851d5,FALSE,Early,,Jubal,Anderson,A.,Lieutenant General,0
VA120,US,1,407e5664-e1ff-49aa-984d-79f7508a5e7f,FALSE,Sheridan,,Philip,Henry,H.,Major General,0
VA121,Confederate,1,0dca3f2d-e93f-4908-bda9-bb23f411857b,FALSE,Rosser,,Thomas,Lafayette,L.,Major General,0
VA121,US,1,441dd7be-d428-420b-b4f5-188065792229,FALSE,Torbert,,Alfred,Thomas Archimedes,T.  A.,Brigadier General,0
VA122,Confederate,1,77a0625d-2996-4af0-b46f-db7388f851d5,FALSE,Early,,Jubal,Anderson,A.,Lieutenant General,0
VA122,US,1,0feb9176-d689-4e1d-ac4a-6bb149fc6f5b,FALSE,Wright,,Horatio,Gouverneur,G.,Major General,0
VA122,US,2,407e5664-e1ff-49aa-984d-79f7508a5e7f,FALSE,Sheridan,,Philip,Henry,H.,Major General,0
VA123,Confederate,1,77a0625d-2996-4af0-b46f-db7388f851d5,FALSE,Early,,Jubal,Anderson,A.,Lieutenant General,0
VA123,US,1,407e5664-e1ff-49aa-984d-79f7508a5e7f,FALSE,Sheridan,,Philip,Henry,H.,Major General,0
VA124,Confederate,1,67a922f1-6dc9-4ba8-89aa-e33f842197e2,FALSE,Lee,,Fitzhugh,,,Major General,0
VA124,US,1,7857f8dc-c7a6-4e86-b4be-5289b881fe8c,FALSE,Custer,,George,Armstrong,A.,Major General,0
VA125,Confederate,1,0db13c2e-98a9-4187-be39-484c4d272d30,FALSE,Hampton,,Wade,,,Major General,0
VA125,US,1,7830dd73-a91e-4fe5-b112-4492303f8c2d,FALSE,Kilpatrick,,Hugh,Judson,J.,Brigadier General,0
VA125,US,2,fd0ef639-f8cb-4259-84b6-d19c346a159c,FALSE,Dahlgren,,Ulric,,,Colonel,0
WV001,Confederate,1,6cd67d55-e040-4068-8ba6-97da6ba4e04b,FALSE,Porterfield,,George,,A.,Colonel,0
WV001,US,1,96ee5a73-bd4c-4dd0-8db9-cd91b2ce98ee,FALSE,Morris,,Thomas,,A.,Colonel,0
WV002,Confederate,1,21d06a25-9c4f-4dea-a766-f60d20632999,FALSE,Jackson,,Thomas,Jonathan,J.,Brigadier General,0
WV002,US,1,a861cf0f-a8bd-4f7a-90c6-98668d0285cf,FALSE,Patterson,,Robert,,,Major General,0
WV003,Confederate,1,488ca773-3d4d-4cdb-b636-1bc4c39b119c,FALSE,Pegram,,John,,,Lieutenant Colonel,0
WV003,Confederate,2,386fe044-f4a0-4128-9e79-be5dcaa66241,FALSE,Garnett,,Robert,Selden,S.,Brigadier General,0
WV003,US,1,113829b2-e1ff-4458-8dce-9a4da30810dd,FALSE,McClellan,,George,Brinton,B.,Major General,0
WV003,US,2,7d67c576-bbd4-4b23-ac53-300f9522f311,FALSE,Rosecrans,,William,Starke,S.,Brigadier General,0
WV004,Confederate,1,a35f09f2-1d82-485d-96c1-00e23cc44a16,FALSE,Floyd,,John,Buchanan,B.A,Brigadier General,0
WV004,US,1,1c028c2f-3439-4a15-ac1a-d9f9f9ab7210,FALSE,Tyler,,Erastus,Barnard,B.,Colonel,0
WV005,Confederate,1,d428cfef-5c7a-4230-b394-b195481d9a9f,FALSE,Lee,,Robert,,E.,General,0
WV005,Confederate,2,96a9452c-2037-46a8-ae46-638f9d985903,FALSE,Rust,,Albert,,,Colonel,0
WV005,US,1,6b82dedf-adbb-4bf5-967f-6ad27271de12,FALSE,Reynolds,,Joseph,Jones,J.,Brigadier General,0
WV006,Confederate,1,a35f09f2-1d82-485d-96c1-00e23cc44a16,FALSE,Floyd,,John,Buchanan,B.A,Brigadier General,0
WV006,US,1,7d67c576-bbd4-4b23-ac53-300f9522f311,FALSE,Rosecrans,,William,Starke,S.,Brigadier General,0
WV007,Confederate,1,774622f2-c105-42e3-9075-41cbb74be3cf,FALSE,Jackson,,Henry,Rootes,R.,Brigadier General,0
WV007,US,1,6b82dedf-adbb-4bf5-967f-6ad27271de12,FALSE,Reynolds,,Joseph,Jones,J.,Brigadier General,0
WV008,Confederate,1,de25d737-0ff7-48a5-8703-8c7aa4182fdd,FALSE,Johnson,,Edward,,,Colonel,0
WV008,US,1,8c251b93-5768-4630-ae9a-dd45b4e785c6,FALSE,Milroy,,Robert,Huston,H.,Brigadier General,0
WV009,Confederate,1,177215cb-88d2-431e-8beb-c53e83c3b83c,TRUE,Marshall,,Humphrey,,,Brigadier General,0
WV009,US,1,322caa07-991a-497a-91dc-38cead426f64,TRUE,Cox,,Jacob,D.,D.,Brigadier General,0
WV010,Confederate,1,21d06a25-9c4f-4dea-a766-f60d20632999,FALSE,Jackson,,Thomas,Jonathan,J.,Major General,0
WV010,US,1,0bd97fd2-dc2c-4a0d-8313-3122800946de,FALSE,Miles,,Dixon,Stansbury,S.,Colonel,0
WV012,Confederate,1,44b1acbb-5772-49a7-9abb-60a3eea27bfc,FALSE,Echols,,John,,,Brigadier General,0
WV012,US,1,207ddcd7-a819-480a-a9a7-59bf7bd8f760,FALSE,Averell,,William,Woods,W.,Brigadier General,0
WV013,Confederate,1,67b5534a-73a9-4652-b762-312ca56436c8,FALSE,McCausland,,John,,,Brigadier General,0
WV013,US,1,207ddcd7-a819-480a-a9a7-59bf7bd8f760,FALSE,Averell,,William,Woods,W.,Brigadier General,0
WV014,Confederate,1,77a0625d-2996-4af0-b46f-db7388f851d5,FALSE,Early,,Jubal,Anderson,A.,Lieutenant General,0
WV014,US,1,407e5664-e1ff-49aa-984d-79f7508a5e7f,FALSE,Sheridan,,Philip,Henry,H.,Major General,0
WV015,Confederate,1,77a0625d-2996-4af0-b46f-db7388f851d5,FALSE,Early,,Jubal,Anderson,A.,Lieutenant General,0
WV015,US,1,73086f36-7325-4382-a558-72acf268f7c7,FALSE,Merritt,,Wesley,,,Brigadier General,0
WV016,Confederate,1,6bf63993-77b5-4172-bdba-bb52f77800f8,FALSE,Pendleton,,William,Nelson,N.,Brigadier General,0
WV016,Confederate,2,2153a0b4-6aab-42d2-b31e-56b074ec402e,FALSE,Hill,,Ambrose,Powell,P.,Major General,0
WV016,US,1,3e3bcb35-5488-46d2-8cf2-b0243ca67d45,FALSE,Porter,,Fitz,John,J.,Major General,0
