CampaignCode,CampaignName,CampaignDates,CampaignStartDate,CampaignEndDate,TheaterCode,WikipediaPage,WikipediaCategory
LS61-01,Operations in Charleston Harbor,April 1861,1861-04-01,1861-04-30,LS,,
LS61-02,Operations of Gulf Blockading Squadron,October 1861,1861-10-01,1861-10-31,LS,,
LS62-01,Operations Against Fort Pulaski,April 1862,1862-04-01,1862-04-30,LS,,
LS62-02,Expedition to and Capture of New Orleans,April-May 1862,1862-04-01,1862-05-31,LS,,"Category:Expedition_to,_and_Capture_of,_New_Orleans_(American_Civil_War)"
LS62-03,Operations Against Charleston,June 1862,1862-06-01,1862-06-30,LS,,Category:Operations_Against_Charleston
LS62-04,Union Operations Against Tampa,June-July 1862,1862-06-01,1862-07-31,LS,,
LS62-05,Confederate Offensive Against Baton Rouge,July-August 1862,1862-07-01,1862-08-31,LS,,Category:Operations_against_Baton_Rouge_(American_Civil_War)
LS62-06,"Expedition From Hilton Head, SC to St. John Bluff, FL",September-October 1862,1862-09-01,1862-10-31,LS,,
LS62-07,Operations in Lafourche District,October 1862,1862-10-01,1862-10-31,LS,,
LS63-01,Union Naval Attacks on Fort McAllister,March 1863,1863-03-01,1863-03-31,LS,,
LS63-02,Operations in West Louisiana,April 1863,1863-04-01,1863-04-30,LS,,Category:Operations_in_West_Louisiana_(American_Civil_War)
LS63-03,Operations Against Defenses of Charleston,April-September 1863,1863-04-01,1863-09-30,LS,,Category:Operations_against_the_Defenses_of_Charleston_(American_Civil_War)
LS63-04,Siege of Port Hudson,May-July 1863,1863-05-01,1863-07-31,LS,,
LS63-05,Taylor's Operations in Louisiana West of Mississipi,June-September 1863,1863-06-01,1863-09-30,LS,,Category:Taylor's_Operations_in_West_Louisiana_(American_Civil_War)
LS63-06,Expedition to Destroy Ships in Hillsboro River,October 1863,1863-10-01,1863-10-31,LS,,
LS64-01,Florida Expedition,February 1864,1864-02-01,1864-02-29,LS,,
LS65-01,Operations in the Vicinity of St Mark's Florida,March 1865,1865-03-01,1865-03-31,LS,,
ME61-01,Union Blockade of Chesapeake Bay,May-June 1861,1861-05-01,1861-06-30,ME,,Category:Battles_of_the_Chesapeake_Bay_Blockade_of_the_American_Civil_War
ME61-02,Operations in Western Virginia,June-December 1861,1861-06-01,1861-12-31,ME,Western_Virginia_Campaign,Category:Western_Virginia_Campaign
ME61-03,Manassas Campaign,July 1861,1861-07-01,1861-07-31,ME,Manassas_Campaign,Category:Manassas_Campaign
ME61-04,Union Blockade of Carolina Coast,August 1861,1861-08-01,1861-08-31,ME,,
ME61-05,McClellan's Operations in Northern Virginia,October-December 1861,1861-10-01,1861-12-31,ME,,Category:Battles_for_McClellan's_Operations_in_Northern_Virginia_of_the_American_Civil_War
ME61-06,Confederate Blockade of the Potomac River,October 1861-January 1862,1861-10-01,1862-01-31,ME,,
ME62-01,Jackson's Operations Against the B&O RR,January 1862,1862-01-01,1862-01-31,ME,,
ME62-02,Burnside's North Carolina Expedition,February-June 1862,1862-02-01,1862-06-30,ME,Burnside's_North_Carolina_Expedition,Category:Burnside's_North_Carolina_Expedition
ME62-03,Jackson's Valley Campaign,March-June 1862,1862-03-01,1862-06-30,ME,Jackson's_Valley_Campaign,Category:Jackson's_Valley_Campaign
ME62-04,Peninsula Campaign,March-July 1862,1862-03-01,1862-07-31,ME,Peninsula_Campaign,Category:Peninsula_Campaign
ME62-05,Northern Virginia Campaign,August 1862,1862-08-01,1862-08-31,ME,Northern_Virginia_Campaign,Category:Northern_Virginia_Campaign
ME62-06,Maryland Campaign,September 1862,1862-09-01,1862-09-30,ME,Maryland_Campaign,Category:Maryland_Campaign
ME62-07,Fredericksburg Campaign,November-December 1862,1862-11-01,1862-12-31,ME,,Category:Fredericksburg_Campaign
ME62-08,Goldsboro Expedition,December 1862,1862-12-01,1862-12-31,ME,,Category:Goldsboro_Expedition
ME63-01,Longstreet's Tidewater Operations,March-April 1863,1863-03-01,1863-04-30,ME,,Category:Battles_of_Longstreet's_Tidewater_Campaign_of_the_American_Civil_War
ME63-02,Cavalry Operations Along the Rappahannock,March 1863,1863-03-01,1863-03-31,ME,,
ME63-03,Chancellorsville Campaign,April-May 1863,1863-04-01,1863-05-31,ME,,Category:Chancellorsville_Campaign
ME63-04,Gettysburg Campaign,June-July 1863,1863-06-01,1863-07-31,ME,Gettysburg_Campaign,Category:Battles_of_the_Gettysburg_Campaign
ME63-05,Bristoe Campaign,October-November 1863,1863-10-01,1863-11-30,ME,Bristoe_Campaign,Category:Bristoe_Campaign
ME63-06,Averell's Raid On the Virginia &Tennessee RR,November 1863,1863-11-01,1863-11-30,ME,,
ME63-07,Mine Run Campaign,November-December 1863,1863-11-01,1863-12-31,ME,,Category:Mine_Run_Campaign
ME64-01,Demonstration on the Rapidan River,February 1864,1864-02-01,1864-02-29,ME,,
ME64-02,Kilpatrick-Dahlgren Raid,March 1864,1864-03-01,1864-03-31,ME,,
ME64-03,Operations Against Plymouth and New Berne,April-May 1864,1864-04-01,1864-05-31,ME,,Category:Battles_of_the_Operations_against_Plymouth_of_the_American_Civil_War
ME64-04,Crook-Averell Raid on the Virginia & Tennessee,May 1864,1864-05-01,1864-05-31,ME,,
ME64-05,Bermuda Hundred Campaign,May 1864,1864-05-01,1864-05-31,ME,Bermuda_Hundred_Campaign,Category:Bermuda_Hundred_Campaign
ME64-06,Grant's Overland Campaign,May-June 1864,1864-05-01,1864-06-30,ME,Overland_Campaign,Category:Overland_Campaign
ME64-07,Lynchburg Campaign,May-June 1864,1864-05-01,1864-06-30,ME,,
ME64-08,Early's Raid and Operations Against B&O RR,June-August 1864,1864-06-01,1864-08-31,ME,,
ME64-09,Richmand-Petersburg Campaign,June-December 1864,1864-06-01,1864-12-31,ME,Siege_of_Petersburg,Category:Petersburg_Campaign
ME64-10,Sheridan's Valley Campaign,August-October 1864,1864-08-01,1864-10-31,ME,Valley_Campaigns_of_1864,Category:Valley_Campaigns_of_1864
ME64-11,Expedition Against Fort Fisher,December 1864,1864-12-01,1864-12-31,ME,Wilmington_Campaigns,Category:Wilmington_Campaign
ME65-01,Operations Against Fort Fisher & Wilmington,January-February 1865,1865-01-01,1865-02-28,ME,Wilmington_Campaigns,Category:Wilmington_Campaign
ME65-02,Richmond-Petersburg Campaign Continued,January-March 1865,1865-01-01,1865-03-31,ME,Siege_of_Petersburg,Category:Petersburg_Campaign
ME65-03,Sheridan's Expedition to Petersburg,March 1865,1865-03-01,1865-03-31,ME,Siege_of_Petersburg,Category:Petersburg_Campaign
ME65-04,Appomatox Campaign,March-April 1865,1865-03-01,1865-04-30,ME,Appomattox_Campaign,Category:Appomattox_Campaign
MW61-01,Confederate Offensive In Eastern Kentucky,September-December 1861,1861-09-01,1861-12-31,MW,,Category:Battles_of_the_Operations_in_Eastern_Kentucky_of_the_American_Civil_War
MW61-02,Operations at the Ohio - Mississippi River Confluence,November 1861,1861-11-01,1861-11-30,MW,,
MW62-01,Thomas's Offensive in Eastern Kentucky,January 1862,1862-01-01,1862-01-31,MW,,Category:Battles_of_the_Offensive_in_Eastern_Kentucky_of_the_American_Civil_War
MW62-02,Union Penetration Up the Cumberland & Tennessee Rivers,February-June 1862,1862-02-01,1862-06-30,MW,,Category:Battles_of_the_Federal_Penetration_up_the_Cumberland_and_Tennessee_Rivers_of_the_American_Civil_War
MW62-03,"Joint Operations Against New Madrid, Island No. 10, and Memphis",February-June 1862,1862-02-01,1862-06-30,MW,,"Category:Battles_of_the_Joint_Operations_Against_New_Madrid,_Island_No._10,_and_Memphis_of_the_American_Civil_War"
MW62-04,Confederate Heartland Offensive,June-October 1862,1862-06-01,1862-10-31,MW,Confederate_Heartland_Offensive,Category:Confederate_Heartland_Offensive
MW62-05,Iuka and Corinth Operations,September-October 1862,1862-09-01,1862-10-31,MW,,Category:Battles_of_the_Iuka_and_Corinth_Operations_of_the_American_Civil_War
MW62-06,Stones River Campaign,December 1862-January 1863,1862-12-01,1863-01-31,MW,Stones_River_Campaign,Category:Stones_River_Campaign
MW62-07,Forrest's Expedition Into West Tennessee,December 1862-January 1863,1862-12-01,1863-01-31,MW,,Category:Forrest's_Expedition_into_West_Tennessee
MW62-08,Operations Against Vicksburg,December 1862-January 1863,1862-12-01,1863-01-31,MW,,
MW63-01,Grant's Operations Against Vicksburg,March-July 1863,1863-03-01,1863-07-31,MW,Vicksburg_Campaign,Category:Vicksburg_Campaign
MW63-02,Middle Tennessee Operations,February-April 1863,1863-02-01,1863-04-30,MW,,Category:Battles_of_the_Middle_Tennessee_Operations_of_the_American_Civil_War
MW63-03,"Streight's Raid: Tuscumbia, Alabama Toward Rome, Georgia",April 1863,1863-04-01,1863-04-30,MW,,
MW63-04,Tullahoma (of Middle Tennessee) Campaign,June 1863,1863-06-01,1863-06-30,MW,Tullahoma_Campaign,Category:Tullahoma_Campaign
MW63-05,Morgan's Raid in Kentucky Indiana and Ohio,July 1863,1863-07-01,1863-07-31,MW,,
MW63-06,Chickamauga Campaign,August-September 1863,1863-08-01,1863-09-30,MW,Chickamauga_Campaign,Category:Chickamauga_Campaign
MW63-07,East Tennessee Campaign,September-October 1863,1863-09-01,1863-10-31,MW,,Category:East_Tennessee_Campaign
MW63-08,Reopening the Tennessee River,October 1863,1863-10-01,1863-10-31,MW,,
MW63-09,Operations on the Memphis and Charleston RR,November 1863,1863-11-01,1863-11-30,MW,,Category:Battles_of_the_Operations_on_the_Memphis_%26_Charleston_Railroad_of_the_American_Civil_War
MW63-10,Chattanooga-Ringgold Campaign,November 1863,1863-11-01,1863-11-30,MW,Chattanooga_Campaign,Category:Chattanooga_Campaign
MW63-11,Longstreet's Knoxville Campaign,November-December 1863,1863-11-01,1863-12-31,MW,Knoxville_Campaign,Category:Knoxville_Campaign
MW64-01,Operations About Dandridge Tennessee,December 1863-January 1864,1863-12-01,1864-01-31,MW,,Category:Battles_of_the_Operations_about_Dandridge_of_the_American_Civil_War
MW64-02,Operations in North Alabama,January 1864,1864-01-01,1864-01-31,MW,,
MW64-03,Meridian and Yazoo River Expeditions,February 1864,1864-02-01,1864-02-29,MW,Meridian_Expedition; Yazoo_City_Expedition,Category:Meridian_and_Yazoo_River_Expeditions
MW64-04,Forrest's Expedition Into West Tennessee and Kentucky,February 1864,1864-02-01,1864-02-29,MW,,Category:Forrest's_Expedition_into_West_Tennessee_and_Kentucky
MW64-05,Atlanta Campaign,March-April 1864,1864-03-01,1864-04-30,MW,Atlanta_Campaign,Category:Atlanta_Campaign
MW64-06,Morgan's Raid Into Kentucky,May-September 1864,1864-05-01,1864-09-30,MW,,
MW64-07,Forrest's Defense Of Mississippi,June 1864,1864-06-01,1864-06-30,MW,,Category:Battles_of_Forrest's_Defense_of_Mississippi_of_the_American_Civil_War
MW64-08,Operations in Mobile Bay,June-August 1864,1864-06-01,1864-08-31,MW,,Category:Battles_of_the_Operations_in_Mobile_Bay_of_the_American_Civil_War
MW64-09,Burbridge's Raid into Southwest Virginia,August 1864,1864-08-01,1864-08-31,MW,,Category:Burbridge's_Raid
MW64-10,Hood's Operations Against Sherman's Communications,October 1864,1864-10-01,1864-10-31,MW,,
MW64-11,Forrest's Raid Into West Tennessee,November 1864,1864-11-01,1864-11-30,MW,,
MW64-12,Breckenridge's Advance into East Tennessee,November-December 1864,1864-11-01,1864-12-31,MW,,Category:Battles_of_the_Advance_into_East_Tennessee_of_the_American_Civil_War
MW64-13,Savannah Campaign,September-December 1864,1864-09-01,1864-12-31,MW,Sherman's_March_to_the_Sea,Category:Savannah_Campaign
MW64-14,Franklin-Nashville Campaign,December 1864,1864-12-01,1864-12-31,MW,Franklin�Nashville_Campaign,Category:Franklin�Nashville_Campaign
MW65-01,Campaign of the Carolina's,February-March 1865,1865-02-01,1865-03-31,MW,Carolinas_Campaign,Category:Carolinas_Campaign
MW65-02,Mobile Campaign,March-April 1865,1865-03-01,1865-04-30,MW,,Category:Mobile_Campaign_(American_Civil_War)
MW65-03,"Wilson's Raid: Chickasaw, Alabama and Macon, Georgia",April 1865,1865-04-01,1865-04-30,MW,,
PC63-01,"Expedition From Camp Douglas, Utah to Cache Valley, Idaho",January 1863,1863-01-01,1863-01-31,PC,,
TM61-01,Operations to Constrol Missouri,June-October 1861,1861-06-01,1861-10-31,TM,,Category:Operations_to_Control_Missouri
TM61-02,Operations in the Indian Territory,November-December 1861,1861-11-01,1861-12-31,TM,Trail_of_Blood_on_Ice,Category:Trail_of_Blood_on_Ice
TM61-03,Operations in Northeast Missouri,December 1861,1861-12-01,1861-12-31,TM,,Category:Operations_in_Northeast_Missouri
TM62-01,Sobley's New Mexico Operations,February-March 1862,1862-02-01,1862-03-31,TM,New_Mexico_Campaign,Category:New_Mexico_Campaign
TM62-02,Pea Ridge Campaign,March 1862,1862-03-01,1862-03-31,TM,,
TM62-03,Operations on White River,June 1862,1862-06-01,1862-06-30,TM,,Category:Operations_on_the_White_River_(American_Civil_War)
TM62-04,Operations Near Cacke River Arkansas,July 1862,1862-07-01,1862-07-31,TM,,"Category:Operations_Near_Cache_River,_Arkansas"
TM62-05,Confederate Offensive North of Boston Mountains,August-November 1862,1862-08-01,1862-11-30,TM,,Category:Operations_North_of_Boston_Mountains
TM62-06,Operations to Suppress the Sioux Uprising,August-September 1862,1862-08-01,1862-09-30,TM,,Category:Battles_of_the_Dakota_War_of_1862
TM62-07,Operations to Blockade the Texas Coast,September 1862-January 1863,1862-09-01,1863-01-31,TM,,Category:Operations_to_Blockade_the_Texas_Coast_(American_Civil_War)
TM62-08,Prairie Grove Campaign,November 1862,1862-11-01,1862-11-30,TM,,Category:Prairie_Grove_Campaign
TM63-01,Confederate Offensive Against Galveston,December 1862-January 1863,1862-12-01,1863-01-31,TM,,Category:Operations_Against_Galveston_(American_Civil_War)
TM63-02,Marmaduke's Expedition Into Missouri,January 1863,1863-01-01,1863-01-31,TM,,Category:Marmaduke's_First_Expedition_into_Missouri
TM63-03,Marmaduke's Second Expedition Into Missouri,April-May 1863,1863-04-01,1863-05-31,TM,,Category:Marmaduke's_Second_Expedition_into_Missouri
TM63-04,Operations to Control Indian Territory,June-September 1863,1863-06-01,1863-09-30,TM,,Category:Operations_to_Control_Indian_Territory_(American_Civil_War)
TM63-05,Operations Against the Sioux In North Dakota,July 1863,1863-07-01,1863-07-31,TM,,Category:Operations_Against_the_Sioux_in_Dakota_Territory_(American_Civil_War)
TM63-06,Quantrill's Raid Into Kansas,August 1863,1863-08-01,1863-08-31,TM,,
TM63-07,Operations to Blockade the Texas Coast,September 1863,1863-09-01,1863-09-30,TM,,
TM63-08,Union Advance on Little Rock,September-October 1863,1863-09-01,1863-10-31,TM,,Category:Advance_on_Little_Rock_(American_Civil_War)
TM63-09,Union Occupation of Indian Territory North of Arkansas,October 1863,1863-10-01,1863-10-31,TM,,
TM64-01,Red River Campaign,March-April 1864,1864-03-01,1864-04-30,TM,Red_River_Campaign,Category:Red_River_Campaign
TM64-02,Camden Expedition,April 1864,1864-04-01,1864-04-30,TM,Camden_Expedition,Category:Camden_Expedition
TM64-03,Expedition to Lake Village,June 1864,1864-06-01,1864-06-30,TM,,
TM64-04,Sully's Expedition Against Indians in Dakota Terries,July 1864,1864-07-01,1864-07-31,TM,,
TM64-05,Price's Missouri Expedition,September-October 1864,1864-09-01,1864-10-31,TM,Price's_Raid,Category:Price's_Raid
TM64-06,Sand Creek Campaign,November 1864,1864-11-01,1864-11-30,TM,,
TM65-01,Expedition From Brazos Santiago,May 1865,1865-05-01,1865-05-31,TM,,
