"cwsac_id","dbpedia_uri","wikipedia_title","relation"
"AL001","http://dbpedia.org/resource/Battle_of_Day's_Gap","Battle_of_Day's_Gap","="
"AL002","http://dbpedia.org/resource/Battle_of_Athens_(1864)","Battle_of_Athens_(1864)","="
"AL003","http://dbpedia.org/resource/Battle_of_Mobile_Bay","Battle_of_Mobile_Bay","="
"AL004","http://dbpedia.org/resource/Battle_of_Decatur","Battle_of_Decatur","="
"AL005","http://dbpedia.org/resource/Battle_of_Spanish_Fort","Battle_of_Spanish_Fort","="
"AL006","http://dbpedia.org/resource/Battle_of_Fort_Blakely","Battle_of_Fort_Blakely","="
"AL007","http://dbpedia.org/resource/Battle_of_Selma","Battle_of_Selma","="
"AR001","http://dbpedia.org/resource/Battle_of_Pea_Ridge","Battle_of_Pea_Ridge","="
"AR002","http://dbpedia.org/resource/Battle_of_Saint_Charles","Battle_of_Saint_Charles","="
"AR003","http://dbpedia.org/resource/Battle_of_Cotton_Plant","Battle_of_Cotton_Plant","="
"AR004","http://dbpedia.org/resource/Battle_of_Cane_Hill","Battle_of_Cane_Hill","="
"AR005","http://dbpedia.org/resource/Battle_of_Prairie_Grove","Battle_of_Prairie_Grove","="
"AR006","http://dbpedia.org/resource/Battle_of_Fort_Hindman","Battle_of_Fort_Hindman","="
"AR007","http://dbpedia.org/resource/Battle_of_Chalk_Bluff","Battle_of_Chalk_Bluff","="
"AR008","http://dbpedia.org/resource/Battle_of_Helena","Battle_of_Helena","="
"AR009","http://dbpedia.org/resource/Battle_of_Devil's_Backbone","Battle_of_Devil's_Backbone","="
"AR010","http://dbpedia.org/resource/Battle_of_Bayou_Fourche","Battle_of_Bayou_Fourche","="
"AR011","http://dbpedia.org/resource/Battle_of_Pine_Bluff","Battle_of_Pine_Bluff","="
"AR012","http://dbpedia.org/resource/Battle_of_Elkin's_Ferry","Battle_of_Elkin's_Ferry","="
"AR013","http://dbpedia.org/resource/Battle_of_Prairie_D'Ane","Battle_of_Prairie_D'Ane","="
"AR014","http://dbpedia.org/resource/Battle_of_Poison_Spring","Battle_of_Poison_Spring","="
"AR015","http://dbpedia.org/resource/Battle_of_Marks'_Mills","Battle_of_Marks'_Mills","="
"AR016","http://dbpedia.org/resource/Battle_of_Jenkins'_Ferry","Battle_of_Jenkins'_Ferry","="
"AR017","http://dbpedia.org/resource/Battle_of_Old_River_Lake","Battle_of_Old_River_Lake","="
"CO001","http://dbpedia.org/resource/Sand_Creek_massacre","Sand_Creek_massacre","="
"DC001","http://dbpedia.org/resource/Battle_of_Fort_Stevens","Battle_of_Fort_Stevens","="
"FL001","http://dbpedia.org/resource/Battle_of_Santa_Rosa_Island","Battle_of_Santa_Rosa_Island","="
"FL002","http://dbpedia.org/resource/Battle_of_Tampa","Battle_of_Tampa","="
"FL003","http://dbpedia.org/resource/Battle_of_Saint_John's_Bluff","Battle_of_Saint_John's_Bluff","="
"FL004","http://dbpedia.org/resource/Battle_of_Fort_Brooke","Battle_of_Fort_Brooke","="
"FL005","http://dbpedia.org/resource/Battle_of_Olustee","Battle_of_Olustee","="
"FL006","http://dbpedia.org/resource/Battle_of_Natural_Bridge","Battle_of_Natural_Bridge","="
"GA001","http://dbpedia.org/resource/Battle_of_Fort_Pulaski","Battle_of_Fort_Pulaski","="
"GA002","http://dbpedia.org/resource/Battle_of_Fort_McAllister_I","Battle_of_Fort_McAllister_I","="
"GA003","http://dbpedia.org/resource/Battle_of_Davis's_Cross_Roads","Battle_of_Davis's_Cross_Roads","="
"GA004","http://dbpedia.org/resource/Battle_of_Chickamauga","Battle_of_Chickamauga","="
"GA005","http://dbpedia.org/resource/Battle_of_Ringgold_Gap","Battle_of_Ringgold_Gap","="
"GA006","http://dbpedia.org/resource/First_Battle_of_Dalton","First_Battle_of_Dalton","="
"GA007","http://dbpedia.org/resource/Battle_of_Rocky_Face_Ridge","Battle_of_Rocky_Face_Ridge","="
"GA008","http://dbpedia.org/resource/Battle_of_Resaca","Battle_of_Resaca","="
"GA009","http://dbpedia.org/resource/Battle_of_Adairsville","Battle_of_Adairsville","="
"GA010","http://dbpedia.org/resource/Battle_of_New_Hope_Church","Battle_of_New_Hope_Church","="
"GA011","http://dbpedia.org/resource/Battle_of_Dallas","Battle_of_Dallas","="
"GA012","http://dbpedia.org/resource/Battle_of_Pickett's_Mill","Battle_of_Pickett's_Mill","="
"GA013","http://dbpedia.org/resource/Battle_of_Marietta","Battle_of_Marietta","="
"GA014","http://dbpedia.org/resource/Battle_of_Kolb's_Farm","Battle_of_Kolb's_Farm","="
"GA015","http://dbpedia.org/resource/Battle_of_Kennesaw_Mountain","Battle_of_Kennesaw_Mountain","="
"GA016","http://dbpedia.org/resource/Battle_of_Peachtree_Creek","Battle_of_Peachtree_Creek","="
"GA017","http://dbpedia.org/resource/Battle_of_Atlanta","Battle_of_Atlanta","="
"GA018","http://dbpedia.org/resource/Battle_of_Ezra_Church","Battle_of_Ezra_Church","="
"GA019","http://dbpedia.org/resource/Battle_of_Utoy_Creek","Battle_of_Utoy_Creek","="
"GA020","http://dbpedia.org/resource/Second_Battle_of_Dalton","Second_Battle_of_Dalton","="
"GA021","http://dbpedia.org/resource/Battle_of_Lovejoy's_Station","Battle_of_Lovejoy's_Station","="
"GA022","http://dbpedia.org/resource/Battle_of_Jonesborough","Battle_of_Jonesborough","="
"GA023","http://dbpedia.org/resource/Battle_of_Allatoona","Battle_of_Allatoona","="
"GA025","http://dbpedia.org/resource/Battle_of_Griswoldville","Battle_of_Griswoldville","="
"GA026","http://dbpedia.org/resource/Battle_of_Buck_Head_Creek","Battle_of_Buck_Head_Creek","="
"GA027","http://dbpedia.org/resource/Battle_of_Waynesboro_(Georgia)","Battle_of_Waynesboro_(Georgia)","="
"GA028","http://dbpedia.org/resource/Second_Battle_of_Fort_McAllister","Second_Battle_of_Fort_McAllister","="
"ID001","http://dbpedia.org/resource/Bear_River_Massacre","Bear_River_Massacre","="
"IN001","http://dbpedia.org/resource/Battle_of_Corydon","Battle_of_Corydon","="
"KS001","http://dbpedia.org/resource/Lawrence_Massacre","Lawrence_Massacre","="
"KS002","http://dbpedia.org/resource/Battle_of_Fort_Blair","Battle_of_Fort_Blair","="
"KS003","http://dbpedia.org/resource/Battle_of_Mine_Creek","Battle_of_Mine_Creek","="
"KS004","http://dbpedia.org/resource/Battle_of_Marais_des_Cygnes","Battle_of_Marais_des_Cygnes","="
"KY001","http://dbpedia.org/resource/Battle_of_Barbourville","Battle_of_Barbourville","="
"KY002","http://dbpedia.org/resource/Battle_of_Camp_Wildcat","Battle_of_Camp_Wildcat","="
"KY003","http://dbpedia.org/resource/Battle_of_Ivy_Mountain","Battle_of_Ivy_Mountain","="
"KY004","http://dbpedia.org/resource/Battle_of_Rowlett's_Station","Battle_of_Rowlett's_Station","="
"KY005","http://dbpedia.org/resource/Battle_of_Middle_Creek","Battle_of_Middle_Creek","="
"KY006","http://dbpedia.org/resource/Battle_of_Mill_Springs","Battle_of_Mill_Springs","="
"KY007","http://dbpedia.org/resource/Battle_of_Richmond","Battle_of_Richmond","="
"KY008","http://dbpedia.org/resource/Battle_of_Munfordville","Battle_of_Munfordville","="
"KY009","http://dbpedia.org/resource/Battle_of_Perryville","Battle_of_Perryville","="
"KY010","http://dbpedia.org/resource/Battle_of_Paducah","Battle_of_Paducah","="
"KY011","http://dbpedia.org/resource/Battle_of_Cynthiana","Battle_of_Cynthiana","="
"LA001","http://dbpedia.org/resource/Battle_of_Forts_Jackson_and_St._Philip","Battle_of_Forts_Jackson_and_St._Philip","="
"LA002","http://dbpedia.org/resource/Capture_of_New_Orleans","Capture_of_New_Orleans","="
"LA003","http://dbpedia.org/resource/Battle_of_Baton_Rouge_(1862)","Battle_of_Baton_Rouge_(1862)","="
"LA004","http://dbpedia.org/resource/First_Battle_of_Donaldsonville","First_Battle_of_Donaldsonville","="
"LA005","http://dbpedia.org/resource/Battle_of_Georgia_Landing","Battle_of_Georgia_Landing","="
"LA006","http://dbpedia.org/resource/Battle_of_Fort_Bisland","Battle_of_Fort_Bisland","="
"LA007","http://dbpedia.org/resource/Battle_of_Irish_Bend","Battle_of_Irish_Bend","="
"LA008","http://dbpedia.org/resource/Battle_of_Vermillion_Bayou","Battle_of_Vermillion_Bayou","="
"LA009","http://dbpedia.org/resource/Battle_of_Plains_Store","Battle_of_Plains_Store","="
"LA010","http://dbpedia.org/resource/Siege_of_Port_Hudson","Siege_of_Port_Hudson","="
"LA011","http://dbpedia.org/resource/Battle_of_Milliken's_Bend","Battle_of_Milliken's_Bend","="
"LA012","http://dbpedia.org/resource/Battle_of_LaFourche_Crossing","Battle_of_LaFourche_Crossing","="
"LA013","http://dbpedia.org/resource/Second_Battle_of_Donaldsonville","Second_Battle_of_Donaldsonville","="
"LA014","http://dbpedia.org/resource/Battle_of_Goodrich's_Landing","Battle_of_Goodrich's_Landing","="
"LA015","http://dbpedia.org/resource/Battle_of_Kock's_Plantation","Battle_of_Kock's_Plantation","="
"LA016","http://dbpedia.org/resource/Battle_of_Stirling's_Plantation","Battle_of_Stirling's_Plantation","="
"LA017","http://dbpedia.org/resource/Battle_of_Fort_De_Russy","Battle_of_Fort_De_Russy","="
"LA018","http://dbpedia.org/resource/Battle_of_Mansfield","Battle_of_Mansfield","="
"LA019","http://dbpedia.org/resource/Battle_of_Pleasant_Hill","Battle_of_Pleasant_Hill","="
"LA020","http://dbpedia.org/resource/Battle_of_Blair's_Landing","Battle_of_Blair's_Landing","="
"LA021","http://dbpedia.org/resource/Battle_of_Monett's_Ferry","Battle_of_Monett's_Ferry","="
"LA022","http://dbpedia.org/resource/Battle_of_Mansura","Battle_of_Mansura","="
"LA023","http://dbpedia.org/resource/Battle_of_Yellow_Bayou","Battle_of_Yellow_Bayou","="
"MD001","http://dbpedia.org/resource/Battle_of_Hancock","Battle_of_Hancock","="
"MD002","http://dbpedia.org/resource/Battle_of_South_Mountain","Battle_of_South_Mountain","="
"MD003","http://dbpedia.org/resource/Battle_of_Antietam","Battle_of_Antietam","="
"MD004","http://dbpedia.org/resource/Battle_of_Williamsport","Battle_of_Williamsport","="
"MD006","http://dbpedia.org/resource/Battle_of_Boonsboro","Battle_of_Boonsboro","="
"MD007","http://dbpedia.org/resource/Battle_of_Monocacy","Battle_of_Monocacy","="
"MD008","http://dbpedia.org/resource/Battle_of_Folck's_Mill","Battle_of_Folck's_Mill","="
"MN001","http://dbpedia.org/resource/Battle_of_Fort_Ridgely","Battle_of_Fort_Ridgely","="
"MN002","http://dbpedia.org/resource/Battle_of_Wood_Lake","Battle_of_Wood_Lake","="
"MO001","http://dbpedia.org/resource/Battle_of_Boonville","Battle_of_Boonville","="
"MO002","http://dbpedia.org/resource/Battle_of_Carthage_(1861)","Battle_of_Carthage_(1861)","="
"MO003","http://dbpedia.org/resource/Battle_of_Liberty","Battle_of_Liberty","="
"MO004","http://dbpedia.org/resource/Battle_of_Wilson's_Creek","Battle_of_Wilson's_Creek","="
"MO005","http://dbpedia.org/resource/Battle_of_Dry_Wood_Creek","Battle_of_Dry_Wood_Creek","="
"MO006","http://dbpedia.org/resource/First_Battle_of_Lexington","First_Battle_of_Lexington","="
"MO007","http://dbpedia.org/resource/Battle_of_Fredericktown","Battle_of_Fredericktown","="
"MO008","http://dbpedia.org/resource/First_Battle_of_Springfield","First_Battle_of_Springfield","="
"MO009","http://dbpedia.org/resource/Battle_of_Belmont","Battle_of_Belmont","="
"MO010","http://dbpedia.org/resource/Battle_of_Mount_Zion_Church","Battle_of_Mount_Zion_Church","="
"MO011","http://dbpedia.org/resource/Battle_of_Roan's_Tan_Yard","Battle_of_Roan's_Tan_Yard","="
"MO012","http://dbpedia.org/resource/Battle_of_Island_Number_Ten","Battle_of_Island_Number_Ten","="
"MO013","http://dbpedia.org/resource/Battle_of_Kirksville","Battle_of_Kirksville","="
"MO014","http://dbpedia.org/resource/First_Battle_of_Independence","First_Battle_of_Independence","="
"MO015","http://dbpedia.org/resource/Battle_of_Lone_Jack","Battle_of_Lone_Jack","="
"MO016","http://dbpedia.org/resource/First_Battle_of_Newtonia","First_Battle_of_Newtonia","="
"MO017","http://dbpedia.org/resource/Battle_of_Clark's_Mill","Battle_of_Clark's_Mill","="
"MO018","http://dbpedia.org/resource/Second_Battle_of_Springfield","Second_Battle_of_Springfield","="
"MO019","http://dbpedia.org/resource/Battle_of_Hartville","Battle_of_Hartville","="
"MO020","http://dbpedia.org/resource/Battle_of_Cape_Girardeau","Battle_of_Cape_Girardeau","="
"MO021","http://dbpedia.org/resource/Battle_of_Fort_Davidson","Battle_of_Fort_Davidson","="
"MO022","http://dbpedia.org/resource/Battle_of_Glasgow","Battle_of_Glasgow","="
"MO023","http://dbpedia.org/resource/Second_Battle_of_Lexington","Second_Battle_of_Lexington","="
"MO024","http://dbpedia.org/resource/Battle_of_Little_Blue_River","Battle_of_Little_Blue_River","="
"MO025","http://dbpedia.org/resource/Second_Battle_of_Independence","Second_Battle_of_Independence","="
"MO026","http://dbpedia.org/resource/Battle_of_Byram's_Ford","Battle_of_Byram's_Ford","="
"MO027","http://dbpedia.org/resource/Battle_of_Westport","Battle_of_Westport","="
"MO028","http://dbpedia.org/resource/Battle_of_Marmiton_River","Battle_of_Marmiton_River","="
"MO029","http://dbpedia.org/resource/Second_Battle_of_Newtonia","Second_Battle_of_Newtonia","="
"MS001","http://dbpedia.org/resource/Battle_of_Iuka","Battle_of_Iuka","="
"MS002","http://dbpedia.org/resource/Second_Battle_of_Corinth","Second_Battle_of_Corinth","="
"MS003","http://dbpedia.org/resource/Battle_of_Chickasaw_Bayou","Battle_of_Chickasaw_Bayou","="
"MS004","http://dbpedia.org/resource/Battle_of_Grand_Gulf","Battle_of_Grand_Gulf","="
"MS005","http://dbpedia.org/resource/Battle_of_Snyder's_Bluff","Battle_of_Snyder's_Bluff","="
"MS006","http://dbpedia.org/resource/Battle_of_Port_Gibson","Battle_of_Port_Gibson","="
"MS007","http://dbpedia.org/resource/Battle_of_Raymond","Battle_of_Raymond","="
"MS008","http://dbpedia.org/resource/Battle_of_Jackson,_Mississippi","Battle_of_Jackson,_Mississippi","="
"MS009","http://dbpedia.org/resource/Battle_of_Champion_Hill","Battle_of_Champion_Hill","="
"MS010","http://dbpedia.org/resource/Battle_of_Big_Black_River_Bridge","Battle_of_Big_Black_River_Bridge","="
"MS011","http://dbpedia.org/resource/Siege_of_Vicksburg","Siege_of_Vicksburg","="
"MS012","http://dbpedia.org/resource/Battle_of_Meridian","Battle_of_Meridian","="
"MS013","http://dbpedia.org/resource/Battle_of_Okolona","Battle_of_Okolona","="
"MS014","http://dbpedia.org/resource/Battle_of_Brice's_Crossroads","Battle_of_Brice's_Crossroads","="
"MS015","http://dbpedia.org/resource/Battle_of_Tupelo","Battle_of_Tupelo","="
"MS016","http://dbpedia.org/resource/Siege_of_Corinth","Siege_of_Corinth","="
"NC001","http://dbpedia.org/resource/Battle_of_Hatteras_Inlet_Batteries","Battle_of_Hatteras_Inlet_Batteries","="
"NC002","http://dbpedia.org/resource/Battle_of_Roanoke_Island","Battle_of_Roanoke_Island","="
"NC003","http://dbpedia.org/resource/Battle_of_New_Bern","Battle_of_New_Bern","="
"NC004","http://dbpedia.org/resource/Battle_of_Fort_Macon","Battle_of_Fort_Macon","="
"NC005","http://dbpedia.org/resource/Battle_of_South_Mills","Battle_of_South_Mills","="
"NC006","http://dbpedia.org/resource/Battle_of_Tranter's_Creek","Battle_of_Tranter's_Creek","="
"NC007","http://dbpedia.org/resource/Battle_of_Kinston","Battle_of_Kinston","="
"NC008","http://dbpedia.org/resource/Battle_of_White_Hall","Battle_of_White_Hall","="
"NC009","http://dbpedia.org/resource/Battle_of_Goldsboro_Bridge","Battle_of_Goldsboro_Bridge","="
"NC010","http://dbpedia.org/resource/Battle_of_Fort_Anderson","Battle_of_Fort_Anderson","="
"NC011","http://dbpedia.org/resource/Battle_of_Washington","Battle_of_Washington","="
"NC012","http://dbpedia.org/resource/Battle_of_Plymouth_(1864)","Battle_of_Plymouth_(1864)","="
"NC013","http://dbpedia.org/resource/Battle_of_Albemarle_Sound","Battle_of_Albemarle_Sound","="
"NC014","http://dbpedia.org/resource/First_Battle_of_Fort_Fisher","First_Battle_of_Fort_Fisher","="
"NC015","http://dbpedia.org/resource/Second_Battle_of_Fort_Fisher","Second_Battle_of_Fort_Fisher","="
"NC016","http://dbpedia.org/resource/Battle_of_Wilmington","Battle_of_Wilmington","="
"NC017","http://dbpedia.org/resource/Battle_of_Wyse_Fork","Battle_of_Wyse_Fork","="
"NC018","http://dbpedia.org/resource/Battle_of_Monroe's_Crossroads","Battle_of_Monroe's_Crossroads","="
"NC019","http://dbpedia.org/resource/Battle_of_Averasborough","Battle_of_Averasborough","="
"NC020","http://dbpedia.org/resource/Battle_of_Bentonville","Battle_of_Bentonville","="
"ND001","http://dbpedia.org/resource/Battle_of_Big_Mound","Battle_of_Big_Mound","="
"ND002","http://dbpedia.org/resource/Battle_of_Dead_Buffalo_Lake","Battle_of_Dead_Buffalo_Lake","="
"ND003","http://dbpedia.org/resource/Battle_of_Stony_Lake","Battle_of_Stony_Lake","="
"ND004","http://dbpedia.org/resource/Battle_of_Whitestone_Hill","Battle_of_Whitestone_Hill","="
"ND005","http://dbpedia.org/resource/Battle_of_Killdeer_Mountain","Battle_of_Killdeer_Mountain","="
"NM001","http://dbpedia.org/resource/Battle_of_Valverde","Battle_of_Valverde","="
"NM002","http://dbpedia.org/resource/Battle_of_Glorieta_Pass","Battle_of_Glorieta_Pass","="
"OH001","http://dbpedia.org/resource/Battle_of_Buffington_Island","Battle_of_Buffington_Island","="
"OH002","http://dbpedia.org/resource/Battle_of_Salineville","Battle_of_Salineville","="
"OK001","http://dbpedia.org/resource/Battle_of_Round_Mountain","Battle_of_Round_Mountain","="
"OK002","http://dbpedia.org/resource/Battle_of_Chusto-Talasah","Battle_of_Chusto-Talasah","="
"OK003","http://dbpedia.org/resource/Battle_of_Chustenahlah","Battle_of_Chustenahlah","="
"OK004","http://dbpedia.org/resource/Battle_of_Old_Fort_Wayne","Battle_of_Old_Fort_Wayne","="
"OK005","http://dbpedia.org/resource/Battle_of_Middle_Boggy_Depot","Battle_of_Middle_Boggy_Depot","="
"OK006","http://dbpedia.org/resource/Battle_of_Cabin_Creek","Battle_of_Cabin_Creek","="
"OK007","http://dbpedia.org/resource/Battle_of_Honey_Springs","Battle_of_Honey_Springs","="
"PA001","http://dbpedia.org/resource/Battle_of_Hanover","Battle_of_Hanover","="
"PA002","http://dbpedia.org/resource/Battle_of_Gettysburg","Battle_of_Gettysburg","="
"SC001","http://dbpedia.org/resource/Battle_of_Fort_Sumter","Battle_of_Fort_Sumter","="
"SC002","http://dbpedia.org/resource/Battle_of_James_Island","Battle_of_James_Island","="
"SC003","http://dbpedia.org/resource/Battle_of_Simmon's_Bluff","Battle_of_Simmon's_Bluff","="
"SC004","http://dbpedia.org/resource/First_Battle_of_Charleston_Harbor","First_Battle_of_Charleston_Harbor","="
"SC005","http://dbpedia.org/resource/First_Battle_of_Fort_Wagner","First_Battle_of_Fort_Wagner","="
"SC006","http://dbpedia.org/resource/Battle_of_Grimball's_Landing","Battle_of_Grimball's_Landing","="
"SC007","http://dbpedia.org/resource/Second_Battle_of_Fort_Wagner","Second_Battle_of_Fort_Wagner","="
"SC008","http://dbpedia.org/resource/Second_Battle_of_Charleston_Harbor","Second_Battle_of_Charleston_Harbor","="
"SC009","http://dbpedia.org/resource/Second_Battle_of_Fort_Sumter","Second_Battle_of_Fort_Sumter","="
"SC010","http://dbpedia.org/resource/Battle_of_Honey_Hill","Battle_of_Honey_Hill","="
"SC011","http://dbpedia.org/resource/Battle_of_Rivers'_Bridge","Battle_of_Rivers'_Bridge","="
"TN001","http://dbpedia.org/resource/Battle_of_Fort_Henry","Battle_of_Fort_Henry","="
"TN002","http://dbpedia.org/resource/Battle_of_Fort_Donelson","Battle_of_Fort_Donelson","="
"TN003","http://dbpedia.org/resource/Battle_of_Shiloh","Battle_of_Shiloh","="
"TN004","http://dbpedia.org/resource/Battle_of_Memphis","Battle_of_Memphis","="
"TN005","http://dbpedia.org/resource/First_Battle_of_Chattanooga","First_Battle_of_Chattanooga","="
"TN006","http://dbpedia.org/resource/First_Battle_of_Murfreesboro","First_Battle_of_Murfreesboro","="
"TN007","http://dbpedia.org/resource/Battle_of_Hatchie's_Bridge","Battle_of_Hatchie's_Bridge","="
"TN008","http://dbpedia.org/resource/Battle_of_Hartsville","Battle_of_Hartsville","="
"TN009","http://dbpedia.org/resource/Battle_of_Jackson,_Tennessee","Battle_of_Jackson,_Tennessee","="
"TN010","http://dbpedia.org/resource/Battle_of_Stones_River","Battle_of_Stones_River","="
"TN011","http://dbpedia.org/resource/Battle_of_Parker's_Cross_Roads","Battle_of_Parker's_Cross_Roads","="
"TN012","http://dbpedia.org/resource/Battle_of_Dover_(1863)","Battle_of_Dover_(1863)","="
"TN013","http://dbpedia.org/resource/Battle_of_Thompson's_Station","Battle_of_Thompson's_Station","="
"TN014","http://dbpedia.org/resource/Battle_of_Vaught's_Hill","Battle_of_Vaught's_Hill","="
"TN015","http://dbpedia.org/resource/Battle_of_Brentwood","Battle_of_Brentwood","="
"TN016","http://dbpedia.org/resource/Battle_of_Franklin_(1863)","Battle_of_Franklin_(1863)","="
"TN017","http://dbpedia.org/resource/Battle_of_Hoover's_Gap","Battle_of_Hoover's_Gap","="
"TN018","http://dbpedia.org/resource/Second_Battle_of_Chattanooga","Second_Battle_of_Chattanooga","="
"TN019","http://dbpedia.org/resource/Battle_of_Blountville","Battle_of_Blountville","="
"TN020","http://dbpedia.org/resource/Battle_of_Blue_Springs","Battle_of_Blue_Springs","="
"TN021","http://dbpedia.org/resource/Battle_of_Wauhatchie","Battle_of_Wauhatchie","="
"TN022","http://dbpedia.org/resource/Battle_of_Collierville","Battle_of_Collierville","="
"TN023","http://dbpedia.org/resource/Battle_of_Campbell's_Station","Battle_of_Campbell's_Station","="
"TN024","http://dbpedia.org/resource/Chattanooga_Campaign","Chattanooga_Campaign","="
"TN024","http://dbpedia.org/resource/Battle_of_Lookout_Mountain","Battle_of_Lookout_Mountain",">"
"TN024","http://dbpedia.org/resource/Battle_of_Missionary_Ridge","Battle_of_Missionary_Ridge",">"
"TN025","http://dbpedia.org/resource/Battle_of_Fort_Sanders","Battle_of_Fort_Sanders","="
"TN026","http://dbpedia.org/resource/Battle_of_Bean's_Station","Battle_of_Bean's_Station","="
"TN027","http://dbpedia.org/resource/Battle_of_Mossy_Creek","Battle_of_Mossy_Creek","="
"TN028","http://dbpedia.org/resource/Battle_of_Dandridge","Battle_of_Dandridge","="
"TN029","http://dbpedia.org/resource/Battle_of_Fair_Garden","Battle_of_Fair_Garden","="
"TN030","http://dbpedia.org/resource/Battle_of_Fort_Pillow","Battle_of_Fort_Pillow","="
"TN031","http://dbpedia.org/resource/Second_Battle_of_Memphis","Second_Battle_of_Memphis","="
"TN032","http://dbpedia.org/resource/Battle_of_Johnsonville","Battle_of_Johnsonville","="
"TN033","http://dbpedia.org/resource/Battle_of_Bull's_Gap","Battle_of_Bull's_Gap","="
"TN034","http://dbpedia.org/resource/Battle_of_Columbia","Battle_of_Columbia","="
"TN035","http://dbpedia.org/resource/Battle_of_Spring_Hill","Battle_of_Spring_Hill","="
"TN036","http://dbpedia.org/resource/Battle_of_Franklin_(1864)","Battle_of_Franklin_(1864)","="
"TN037","http://dbpedia.org/resource/Third_Battle_of_Murfreesboro","Third_Battle_of_Murfreesboro","="
"TN038","http://dbpedia.org/resource/Battle_of_Nashville","Battle_of_Nashville","="
"TX001","http://dbpedia.org/resource/First_Battle_of_Sabine_Pass","First_Battle_of_Sabine_Pass","="
"TX002","http://dbpedia.org/resource/Battle_of_Galveston_Harbor_(1862)","Battle_of_Galveston_Harbor_(1862)","="
"TX003","http://dbpedia.org/resource/Battle_of_Galveston","Battle_of_Galveston","="
"TX005","http://dbpedia.org/resource/Battle_of_Palmito_Ranch","Battle_of_Palmito_Ranch","="
"TX006","http://dbpedia.org/resource/Second_Battle_of_Sabine_Pass","Second_Battle_of_Sabine_Pass","="
"VA001","http://dbpedia.org/resource/Battle_of_Sewell's_Point","Battle_of_Sewell's_Point","="
"VA002","http://dbpedia.org/resource/Battle_of_Aquia_Creek","Battle_of_Aquia_Creek","="
"VA003","http://dbpedia.org/resource/Battle_of_Big_Bethel","Battle_of_Big_Bethel","="
"VA004","http://dbpedia.org/resource/Battle_of_Blackburn's_Ford","Battle_of_Blackburn's_Ford","="
"VA005","http://dbpedia.org/resource/First_Battle_of_Bull_Run","First_Battle_of_Bull_Run","="
"VA006","http://dbpedia.org/resource/Battle_of_Ball's_Bluff","Battle_of_Ball's_Bluff","="
"VA007","http://dbpedia.org/resource/Battle_of_Dranesville","Battle_of_Dranesville","="
"VA008","http://dbpedia.org/resource/Battle_of_Hampton_Roads","Battle_of_Hampton_Roads","="
"VA009","http://dbpedia.org/resource/Siege_of_Yorktown_(1862)","Siege_of_Yorktown_(1862)","="
"VA010","http://dbpedia.org/resource/Battle_of_Williamsburg","Battle_of_Williamsburg","="
"VA011","http://dbpedia.org/resource/Battle_of_Eltham's_Landing","Battle_of_Eltham's_Landing","="
"VA012","http://dbpedia.org/resource/Battle_of_Drewry's_Bluff","Battle_of_Drewry's_Bluff","="
"VA013","http://dbpedia.org/resource/Battle_of_Hanover_Court_House","Battle_of_Hanover_Court_House","="
"VA014","http://dbpedia.org/resource/Battle_of_Seven_Pines","Battle_of_Seven_Pines","="
"VA015","http://dbpedia.org/resource/Battle_of_Oak_Grove","Battle_of_Oak_Grove","="
"VA016","http://dbpedia.org/resource/Battle_of_Beaver_Dam_Creek","Battle_of_Beaver_Dam_Creek","="
"VA017","http://dbpedia.org/resource/Battle_of_Gaines's_Mill","Battle_of_Gaines's_Mill","="
"VA018","http://dbpedia.org/resource/Battle_of_Garnett's_&_Golding's_Farm","Battle_of_Garnett's_&_Golding's_Farm","="
"VA019","http://dbpedia.org/resource/Battle_of_Savage's_Station","Battle_of_Savage's_Station","="
"VA020","http://dbpedia.org/resource/Battle_of_White_Oak_Swamp","Battle_of_White_Oak_Swamp",">"
"VA020","http://dbpedia.org/resource/Battle_of_Glendale","Battle_of_Glendale",">"
"VA020A","http://dbpedia.org/resource/Battle_of_White_Oak_Swamp","Battle_of_White_Oak_Swamp","="
"VA020B","http://dbpedia.org/resource/Battle_of_Glendale","Battle_of_Glendale","="
"VA021","http://dbpedia.org/resource/Battle_of_Malvern_Hill","Battle_of_Malvern_Hill","="
"VA022","http://dbpedia.org/resource/Battle_of_Cedar_Mountain","Battle_of_Cedar_Mountain","="
"VA023","http://dbpedia.org/resource/First_Battle_of_Rappahannock_Station","First_Battle_of_Rappahannock_Station","="
"VA024","http://dbpedia.org/resource/Manassas_Station_Operations_(Stonewall_Jackson)","Manassas_Station_Operations_(Stonewall_Jackson)","="
"VA025","http://dbpedia.org/resource/Battle_of_Thoroughfare_Gap","Battle_of_Thoroughfare_Gap","="
"VA026","http://dbpedia.org/resource/Second_Battle_of_Bull_Run","Second_Battle_of_Bull_Run","="
"VA027","http://dbpedia.org/resource/Battle_of_Chantilly","Battle_of_Chantilly","="
"VA028","http://dbpedia.org/resource/Battle_of_Fredericksburg","Battle_of_Fredericksburg","="
"VA029","http://dbpedia.org/resource/Battle_of_Kelly's_Ford","Battle_of_Kelly's_Ford","="
"VA030","http://dbpedia.org/resource/Battle_of_Suffolk_(Norfleet_House)","Battle_of_Suffolk_(Norfleet_House)","="
"VA031","http://dbpedia.org/resource/Battle_of_Suffolk_(Hill's_Point)","Battle_of_Suffolk_(Hill's_Point)","="
"VA032","http://dbpedia.org/resource/Battle_of_Chancellorsville","Battle_of_Chancellorsville","="
"VA033","http://dbpedia.org/resource/Battle_of_Salem_Church","Battle_of_Salem_Church","="
"VA034","http://dbpedia.org/resource/Second_Battle_of_Fredericksburg","Second_Battle_of_Fredericksburg","="
"VA035","http://dbpedia.org/resource/Battle_of_Brandy_Station","Battle_of_Brandy_Station","="
"VA036","http://dbpedia.org/resource/Battle_of_Aldie","Battle_of_Aldie","="
"VA037","http://dbpedia.org/resource/Battle_of_Middleburg","Battle_of_Middleburg","="
"VA038","http://dbpedia.org/resource/Battle_of_Upperville","Battle_of_Upperville","="
"VA039","http://dbpedia.org/resource/First_Battle_of_Auburn","First_Battle_of_Auburn","="
"VA040","http://dbpedia.org/resource/Battle_of_Bristoe_Station","Battle_of_Bristoe_Station","="
"VA041","http://dbpedia.org/resource/Second_Battle_of_Auburn","Second_Battle_of_Auburn","="
"VA042","http://dbpedia.org/resource/Battle_of_Buckland_Mills","Battle_of_Buckland_Mills","="
"VA043","http://dbpedia.org/resource/Second_Battle_of_Rappahannock_Station","Second_Battle_of_Rappahannock_Station","="
"VA044","http://dbpedia.org/resource/Battle_of_Mine_Run","Battle_of_Mine_Run","="
"VA045","http://dbpedia.org/resource/Battle_of_Morton's_Ford","Battle_of_Morton's_Ford","="
"VA046","http://dbpedia.org/resource/Battle_of_the_Wilderness","Battle_of_the_Wilderness","="
"VA047","http://dbpedia.org/resource/Battle_of_Port_Walthall_Junction","Battle_of_Port_Walthall_Junction","="
"VA048","http://dbpedia.org/resource/Battle_of_Spotsylvania_Court_House","Battle_of_Spotsylvania_Court_House","="
"VA049","http://dbpedia.org/resource/Battle_of_Cloyd's_Mountain","Battle_of_Cloyd's_Mountain","="
"VA050","http://dbpedia.org/resource/Battle_of_Swift_Creek","Battle_of_Swift_Creek","="
"VA051","http://dbpedia.org/resource/Battle_of_Chester_Station","Battle_of_Chester_Station","="
"VA052","http://dbpedia.org/resource/Battle_of_Yellow_Tavern","Battle_of_Yellow_Tavern","="
"VA053","http://dbpedia.org/resource/Battle_of_Proctor's_Creek","Battle_of_Proctor's_Creek","="
"VA054","http://dbpedia.org/resource/Battle_of_Ware_Bottom_Church","Battle_of_Ware_Bottom_Church","="
"VA055","http://dbpedia.org/resource/Battle_of_North_Anna","Battle_of_North_Anna","="
"VA056","http://dbpedia.org/resource/Battle_of_Wilson's_Wharf","Battle_of_Wilson's_Wharf","="
"VA057","http://dbpedia.org/resource/Battle_of_Totopotomoy_Creek","Battle_of_Totopotomoy_Creek","="
"VA058","http://dbpedia.org/resource/Battle_of_Haw's_Shop","Battle_of_Haw's_Shop","="
"VA059","http://dbpedia.org/resource/Battle_of_Old_Church","Battle_of_Old_Church","="
"VA062","http://dbpedia.org/resource/Battle_of_Cold_Harbor","Battle_of_Cold_Harbor","="
"VA063","http://dbpedia.org/resource/Second_Battle_of_Petersburg","Second_Battle_of_Petersburg","="
"VA064","http://dbpedia.org/resource/Battle_of_Lynchburg","Battle_of_Lynchburg","="
"VA065","http://dbpedia.org/resource/Battle_of_Jerusalem_Plank_Road","Battle_of_Jerusalem_Plank_Road","="
"VA066","http://dbpedia.org/resource/Battle_of_Saint_Mary's_Church","Battle_of_Saint_Mary's_Church","="
"VA067","http://dbpedia.org/resource/Battle_of_Sappony_Church","Battle_of_Sappony_Church","="
"VA068","http://dbpedia.org/resource/First_Battle_of_Ream's_Station","First_Battle_of_Ream's_Station","="
"VA069","http://dbpedia.org/resource/First_Battle_of_Deep_Bottom","First_Battle_of_Deep_Bottom","="
"VA070","http://dbpedia.org/resource/Battle_of_the_Crater","Battle_of_the_Crater","="
"VA071","http://dbpedia.org/resource/Second_Battle_of_Deep_Bottom","Second_Battle_of_Deep_Bottom","="
"VA072","http://dbpedia.org/resource/Battle_of_Globe_Tavern","Battle_of_Globe_Tavern","="
"VA073","http://dbpedia.org/resource/Second_Battle_of_Ream's_Station","Second_Battle_of_Ream's_Station","="
"VA074","http://dbpedia.org/resource/Battle_of_Peebles'_Farm","Battle_of_Peebles'_Farm","="
"VA075","http://dbpedia.org/resource/Battle_of_Chaffin's_Farm","Battle_of_Chaffin's_Farm","="
"VA076","http://dbpedia.org/resource/Battle_of_Saltville_I","Battle_of_Saltville_I","="
"VA077","http://dbpedia.org/resource/Battle_of_Darbytown_and_New_Market","Battle_of_Darbytown_and_New_Market","="
"VA078","http://dbpedia.org/resource/Battle_of_Darbytown_Road","Battle_of_Darbytown_Road","="
"VA079","http://dbpedia.org/resource/Battle_of_Boydton_Plank_Road","Battle_of_Boydton_Plank_Road","="
"VA080","http://dbpedia.org/resource/Battle_of_Fair_Oaks_&_Darbytown_Road","Battle_of_Fair_Oaks_&_Darbytown_Road","="
"VA081","http://dbpedia.org/resource/Battle_of_Marion","Battle_of_Marion","="
"VA082","http://dbpedia.org/resource/Battle_of_Saltville_II","Battle_of_Saltville_II","="
"VA083","http://dbpedia.org/resource/Battle_of_Hatcher's_Run","Battle_of_Hatcher's_Run","="
"VA084","http://dbpedia.org/resource/Battle_of_Fort_Stedman","Battle_of_Fort_Stedman","="
"VA085","http://dbpedia.org/resource/Battle_of_Lewis's_Farm","Battle_of_Lewis's_Farm","="
"VA086","http://dbpedia.org/resource/Battle_of_Dinwiddie_Court_House","Battle_of_Dinwiddie_Court_House","="
"VA087","http://dbpedia.org/resource/Battle_of_White_Oak_Road","Battle_of_White_Oak_Road","="
"VA088","http://dbpedia.org/resource/Battle_of_Five_Forks","Battle_of_Five_Forks","="
"VA089","http://dbpedia.org/resource/Third_Battle_of_Petersburg","Third_Battle_of_Petersburg","="
"VA090","http://dbpedia.org/resource/Battle_of_Sutherland's_Station","Battle_of_Sutherland's_Station","="
"VA091","http://dbpedia.org/resource/Battle_of_Amelia_Springs","Battle_of_Amelia_Springs","="
"VA092","http://dbpedia.org/resource/Battle_of_Rice's_Station","Battle_of_Rice's_Station","="
"VA093","http://dbpedia.org/resource/Battle_of_Sayler's_Creek","Battle_of_Sayler's_Creek","="
"VA094","http://dbpedia.org/resource/Battle_of_Cumberland_Church","Battle_of_Cumberland_Church","="
"VA095","http://dbpedia.org/resource/Battle_of_High_Bridge","Battle_of_High_Bridge","="
"VA096","http://dbpedia.org/resource/Battle_of_Appomattox_Station","Battle_of_Appomattox_Station","="
"VA097","http://dbpedia.org/resource/Battle_of_Appomattox_Court_House","Battle_of_Appomattox_Court_House","="
"VA098","http://dbpedia.org/resource/First_Battle_of_Petersburg","First_Battle_of_Petersburg","="
"VA099","http://dbpedia.org/resource/Battle_of_Trevilian_Station","Battle_of_Trevilian_Station","="
"VA100","http://dbpedia.org/resource/Battle_of_Cockpit_Point","Battle_of_Cockpit_Point","="
"VA101","http://dbpedia.org/resource/First_Battle_of_Kernstown","First_Battle_of_Kernstown","="
"VA102","http://dbpedia.org/resource/Battle_of_McDowell","Battle_of_McDowell","="
"VA103","http://dbpedia.org/resource/Battle_of_Front_Royal","Battle_of_Front_Royal","="
"VA104","http://dbpedia.org/resource/First_Battle_of_Winchester","First_Battle_of_Winchester","="
"VA105","http://dbpedia.org/resource/Battle_of_Cross_Keys","Battle_of_Cross_Keys","="
"VA106","http://dbpedia.org/resource/Battle_of_Port_Republic","Battle_of_Port_Republic","="
"VA107","http://dbpedia.org/resource/Second_Battle_of_Winchester","Second_Battle_of_Winchester","="
"VA108","http://dbpedia.org/resource/Battle_of_Manassas_Gap","Battle_of_Manassas_Gap","="
"VA109","http://dbpedia.org/resource/Battle_of_Cove_Mountain","Battle_of_Cove_Mountain","="
"VA110","http://dbpedia.org/resource/Battle_of_New_Market","Battle_of_New_Market","="
"VA111","http://dbpedia.org/resource/Battle_of_Piedmont","Battle_of_Piedmont","="
"VA113","http://dbpedia.org/resource/Battle_of_Staunton_River_Bridge","Battle_of_Staunton_River_Bridge","="
"VA114","http://dbpedia.org/resource/Battle_of_Cool_Spring","Battle_of_Cool_Spring","="
"VA115","http://dbpedia.org/resource/Battle_of_Rutherford's_Farm","Battle_of_Rutherford's_Farm","="
"VA116","http://dbpedia.org/resource/Second_Battle_of_Kernstown","Second_Battle_of_Kernstown","="
"VA117","http://dbpedia.org/resource/Battle_of_Guard_Hill","Battle_of_Guard_Hill","="
"VA118","http://dbpedia.org/resource/Battle_of_Berryville","Battle_of_Berryville","="
"VA119","http://dbpedia.org/resource/Battle_of_Opequon","Battle_of_Opequon","="
"VA120","http://dbpedia.org/resource/Battle_of_Fisher's_Hill","Battle_of_Fisher's_Hill","="
"VA121","http://dbpedia.org/resource/Battle_of_Tom's_Brook","Battle_of_Tom's_Brook","="
"VA122","http://dbpedia.org/resource/Battle_of_Cedar_Creek","Battle_of_Cedar_Creek","="
"VA123","http://dbpedia.org/resource/Battle_of_Waynesboro","Battle_of_Waynesboro","="
"VA124","http://dbpedia.org/resource/Battle_of_Namozine_Church","Battle_of_Namozine_Church","="
"VA125","http://dbpedia.org/resource/Battle_of_Walkerton","Battle_of_Walkerton","="
"WV001","http://dbpedia.org/resource/Battle_of_Philippi_(West_Virginia)","Battle_of_Philippi_(West_Virginia)","="
"WV002","http://dbpedia.org/resource/Battle_of_Hoke's_Run","Battle_of_Hoke's_Run","="
"WV003","http://dbpedia.org/resource/Battle_of_Rich_Mountain","Battle_of_Rich_Mountain","="
"WV004","http://dbpedia.org/resource/Battle_of_Kessler's_Cross_Lanes","Battle_of_Kessler's_Cross_Lanes","="
"WV005","http://dbpedia.org/resource/Battle_of_Cheat_Mountain","Battle_of_Cheat_Mountain","="
"WV006","http://dbpedia.org/resource/Battle_of_Carnifex_Ferry","Battle_of_Carnifex_Ferry","="
"WV007","http://dbpedia.org/resource/Battle_of_Greenbrier_River","Battle_of_Greenbrier_River","="
"WV008","http://dbpedia.org/resource/Battle_of_Camp_Allegheny","Battle_of_Camp_Allegheny","="
"WV009","http://dbpedia.org/resource/Battle_of_Princeton_Court_House","Battle_of_Princeton_Court_House","="
"WV010","http://dbpedia.org/resource/Battle_of_Harpers_Ferry","Battle_of_Harpers_Ferry","="
"WV012","http://dbpedia.org/resource/Battle_of_Droop_Mountain","Battle_of_Droop_Mountain","="
"WV013","http://dbpedia.org/resource/Battle_of_Moorefield","Battle_of_Moorefield","="
"WV014","http://dbpedia.org/resource/Battle_of_Summit_Point","Battle_of_Summit_Point","="
"WV015","http://dbpedia.org/resource/Battle_of_Smithfield_Crossing","Battle_of_Smithfield_Crossing","="
"WV016","http://dbpedia.org/resource/Battle_of_Shepherdstown","Battle_of_Shepherdstown","="
