[{"relation": "eq", "battles_to": ["VA005"], "battles_from": [2262]}, {"relation": "eq", "battles_to": ["MO004"], "battles_from": [2263]}, {"relation": "eq", "battles_to": ["MO006"], "battles_from": [2264]}, {"relation": "eq", "battles_to": ["VA006"], "battles_from": [2265]}, {"relation": "eq", "battles_to": ["MO009"], "battles_from": [2266]}, {"relation": "eq", "battles_to": ["TN002"], "battles_from": [2267]}, {"relation": "eq", "battles_to": ["AR001"], "battles_from": [2268]}, {"relation": "eq", "battles_to": ["NC003"], "battles_from": [2269]}, {"relation": "eq", "battles_to": ["VA101"], "battles_from": [2270]}, {"relation": "eq", "battles_to": ["TN003"], "battles_from": [2271]}, {"relation": "eq", "battles_to": ["VA010"], "battles_from": [2272]}, {"relation": "eq", "battles_to": ["VA103"], "battles_from": [2273]}, {"relation": "eq", "battles_to": ["VA104"], "battles_from": [2274]}, {"relation": "eq", "battles_to": ["VA014"], "battles_from": [2275]}, {"relation": "eq", "battles_to": ["VA105"], "battles_from": [2276]}, {"relation": "eq", "battles_to": ["VA106"], "battles_from": [2277]}, {"relation": "eq", "battles_to": ["SC002"], "battles_from": [2278]}, {"relation": "eq", "battles_to": ["VA015"], "battles_from": [2279]}, {"relation": "eq", "battles_to": ["VA016", "VA017", "VA018", "VA019", "VA020", "VA021"], "battles_from": [2280]}, {"relation": "eq", "battles_to": ["TN006"], "battles_from": [2281]}, {"relation": "gt", "battles_to": ["MO013", "MO014", "MO015"], "battles_from": [2283]}, {"relation": "eq", "battles_to": ["VA022"], "battles_from": [2282]}, {"relation": "eq", "battles_to": ["VA026"], "battles_from": [2284, 2285]}, {"relation": "eq", "battles_to": ["KY007"], "battles_from": [2286]}, {"relation": "eq", "battles_to": ["VA027"], "battles_from": [2287]}, {"relation": "eq", "battles_to": ["WV010"], "battles_from": [2288]}, {"relation": "eq", "battles_to": ["MD002"], "battles_from": [2289]}, {"relation": "eq", "battles_to": ["KY008"], "battles_from": [2290]}, {"relation": "eq", "battles_to": ["MD003"], "battles_from": [2291]}, {"relation": "eq", "battles_to": ["MS001"], "battles_from": [2292]}, {"relation": "eq", "battles_to": ["MS002"], "battles_from": [2293]}, {"relation": "eq", "battles_to": ["TN007"], "battles_from": [2294]}, {"relation": "eq", "battles_to": ["KY009"], "battles_from": [2295]}, {"relation": "eq", "battles_to": ["TN008"], "battles_from": [2297]}, {"relation": "eq", "battles_to": ["AR005"], "battles_from": [2296]}, {"relation": "eq", "battles_to": ["VA028"], "battles_from": [2299]}, {"relation": "eq", "battles_to": ["NC007", "NC008", "NC009"], "battles_from": [2298]}, {"relation": "eq", "battles_to": ["MS003"], "battles_from": [2302]}, {"relation": "eq", "battles_to": ["TN010"], "battles_from": [2303]}, {"relation": "eq", "battles_to": ["TX003"], "battles_from": [2304]}, {"relation": "eq", "battles_to": ["AR006"], "battles_from": [2305]}, {"relation": "eq", "battles_to": ["TN013"], "battles_from": [2306]}, {"relation": "gt", "battles_to": ["AL001"], "battles_from": [2307]}, {"relation": "eq", "battles_to": ["MS006"], "battles_from": [2308]}, {"relation": "eq", "battles_to": ["VA032", "VA033", "VA034"], "battles_from": [2309]}, {"relation": "eq", "battles_to": ["MS009"], "battles_from": [2310]}, {"relation": "eq", "battles_to": ["MS011"], "battles_from": [2311]}, {"relation": "eq", "battles_to": ["LA010"], "battles_from": [2312]}, {"relation": "eq", "battles_to": ["LA011"], "battles_from": [2313]}, {"relation": "eq", "battles_to": ["VA035"], "battles_from": [2314]}, {"relation": "eq", "battles_to": ["VA107"], "battles_from": [2315]}, {"relation": "eq", "battles_to": ["TN017"], "battles_from": [2316]}, {"relation": "eq", "battles_to": ["PA002"], "battles_from": [2317]}, {"relation": "eq", "battles_to": ["SC007"], "battles_from": [2319]}, {"relation": "eq", "battles_to": ["GA004"], "battles_from": [2320]}, {"relation": "eq", "battles_to": ["TN024"], "battles_from": [2323]}, {"relation": "eq", "battles_to": ["VA044"], "battles_from": [2324]}, {"relation": "eq", "battles_to": ["TN026"], "battles_from": [2325]}, {"relation": "eq", "battles_to": ["FL005"], "battles_from": [2326]}, {"relation": "eq", "battles_to": ["LA018"], "battles_from": [2327]}, {"relation": "eq", "battles_to": ["LA019"], "battles_from": [2328]}, {"relation": "eq", "battles_to": ["TN030"], "battles_from": [2329]}, {"relation": "eq", "battles_to": ["NC012"], "battles_from": [2330]}, {"relation": "eq", "battles_to": ["AR016"], "battles_from": [2331]}, {"relation": "eq", "battles_to": ["VA046"], "battles_from": [2332]}, {"relation": "eq", "battles_to": ["GA007"], "battles_from": [2333]}, {"relation": "eq", "battles_to": ["VA048"], "battles_from": [2334]}, {"relation": "eq", "battles_to": ["VA049"], "battles_from": [2336]}, {"relation": "eq", "battles_to": ["VA050"], "battles_from": [2335]}, {"relation": "eq", "battles_to": ["VA053"], "battles_from": [2337]}, {"relation": "eq", "battles_to": ["GA008"], "battles_from": [2338]}, {"relation": "eq", "battles_to": ["VA110"], "battles_from": [2339]}, {"relation": "eq", "battles_to": ["VA054", "VA053"], "battles_from": [2340]}, {"relation": "eq", "battles_to": ["VA055"], "battles_from": [2341]}, {"relation": "eq", "battles_to": ["GA011", "GA012", "GA010"], "battles_from": [2342]}, {"relation": "eq", "battles_to": ["VA062"], "battles_from": [2343]}, {"relation": "eq", "battles_to": ["VA111"], "battles_from": [2344]}, {"relation": "eq", "battles_to": ["GA013", "GA014", "GA015"], "battles_from": [2345]}, {"relation": "eq", "battles_to": ["MS014"], "battles_from": [2346]}, {"relation": "eq", "battles_to": ["KY011"], "battles_from": [2347]}, {"relation": "eq", "battles_to": ["VA099"], "battles_from": [2348]}, {"relation": "eq", "battles_to": ["VA063"], "battles_from": [2349]}, {"relation": "eq", "battles_to": ["VA064"], "battles_from": [2350]}, {"relation": "eq", "battles_to": ["VA065"], "battles_from": [2353]}, {"relation": "eq", "battles_to": ["VA113", "VA067", "VA068"], "battles_from": [2352]}, {"relation": "eq", "battles_to": ["GA015"], "battles_from": [2354]}, {"relation": "eq", "battles_to": ["MD007"], "battles_from": [2357]}, {"relation": "eq", "battles_to": ["MS015"], "battles_from": [2358]}, {"relation": "eq", "battles_to": ["GA016"], "battles_from": [2359]}, {"relation": "eq", "battles_to": ["GA017"], "battles_from": [2360]}, {"relation": "eq", "battles_to": ["VA116"], "battles_from": [2361]}, {"relation": "eq", "battles_to": ["GA018"], "battles_from": [2364]}, {"relation": "eq", "battles_to": ["VA070"], "battles_from": [2365]}, {"relation": "eq", "battles_to": ["VA071"], "battles_from": [2367]}, {"relation": "eq", "battles_to": ["VA072"], "battles_from": [2368]}, {"relation": "eq", "battles_to": ["WV014"], "battles_from": [2369]}, {"relation": "eq", "battles_to": ["VA073"], "battles_from": [2370]}, {"relation": "eq", "battles_to": ["GA022"], "battles_from": [2371]}, {"relation": "eq", "battles_to": ["GA007", "GA008", "GA009", "GA010", "GA012", "GA011", "GA013", "GA014", "GA015", "GA016", "GA017", "GA018", "GA019", "GA020", "GA021", "GA022"], "battles_from": [2372]}, {"relation": "eq", "battles_to": ["VA119"], "battles_from": [2374]}, {"relation": "eq", "battles_to": ["MO021", "MO022", "MO023", "MO024", "MO025", "MO026", "MO027", "KS004", "MO028", "KS003", "MO029"], "battles_from": [2376]}, {"relation": "eq", "battles_to": ["VA075"], "battles_from": [2377]}, {"relation": "eq", "battles_to": ["VA074"], "battles_from": [2378]}, {"relation": "eq", "battles_to": ["GA023"], "battles_from": [2379]}, {"relation": "eq", "battles_to": ["VA122"], "battles_from": [2380]}, {"relation": "eq", "battles_to": ["VA080"], "battles_from": [2382]}, {"relation": "eq", "battles_to": ["VA079"], "battles_from": [2381]}, {"relation": "eq", "battles_to": ["SC010"], "battles_from": [2385]}, {"relation": "eq", "battles_to": ["TN036"], "battles_from": [2384]}, {"relation": "eq", "battles_to": ["TN038"], "battles_from": [2387]}, {"relation": "eq", "battles_to": ["NC015"], "battles_from": [2389]}, {"relation": "eq", "battles_to": ["VA083"], "battles_from": [2390]}, {"relation": "eq", "battles_to": ["NC017"], "battles_from": [2391]}, {"relation": "eq", "battles_to": ["NC019"], "battles_from": [2392]}, {"relation": "eq", "battles_to": ["NC020"], "battles_from": [2393]}, {"relation": "eq", "battles_to": ["VA084"], "battles_from": [2394, 2395]}, {"relation": "eq", "battles_to": ["AL005"], "battles_from": [2396]}, {"relation": "gt", "battles_to": ["AL007"], "battles_from": [2397]}, {"relation": "eq", "battles_to": ["VA087"], "battles_from": [2398]}, {"relation": "eq", "battles_to": ["VA088"], "battles_from": [2399]}, {"relation": "eq", "battles_to": ["VA089"], "battles_from": [2400]}, {"relation": "eq", "battles_to": ["AL006"], "battles_from": [2404]}, {"relation": "eq", "battles_to": ["VA093"], "battles_from": [2401]}, {"relation": "eq", "battles_to": ["VA095"], "battles_from": [2402]}, {"relation": "eq", "battles_to": ["VA094"], "battles_from": [2403]}]