ship_id,name,belligerent,url_dbpedia,url_danfs,notes
CS Bayou City,Bayou City,Confederate,http://dbpedia.org/resource/CS_Bayou_City,http://www.history.navy.mil/research/histories/ship-histories/confederate_ships/bayou-city.html,
CS Neptune,Neptune,Confederate,http://dbpedia.org/resource/CS_Neptune,http://www.history.navy.mil/research/histories/ship-histories/confederate_ships/neptune.html,
CSS Albemarle,Albemarle,Confederate,http://dbpedia.org/resource/CSS_Albemarle,http://www.history.navy.mil/research/histories/ship-histories/confederate_ships/albemarle.html,
CSS Beaufort,Beaufort,Confederate,http://dbpedia.org/resource/CSS_Beaufort,http://www.history.navy.mil/research/histories/ship-histories/confederate_ships/beaufort.html,
CSS Black Warrior,Black Warrior,Confederate,http://dbpedia.org/resource/CSS_Black_Warrior,http://www.history.navy.mil/research/histories/ship-histories/confederate_ships/black-warrior.html,
CSS Bombshell,Bombshell,Confederate,http://dbpedia.org/resource/CSS_Bombshell,http://www.history.navy.mil/research/histories/ship-histories/confederate_ships/bombshell.html,
CSS Chicora,Chicora,Confederate,http://dbpedia.org/resource/CSS_Chicora,http://www.history.navy.mil/research/histories/ship-histories/confederate_ships/chicora.html,
CSS Colonel Lovell,Colonel Lovell,Confederate,http://dbpedia.org/resource/CSS_Colonel_Lovell,http://www.history.navy.mil/research/histories/ship-histories/confederate_ships/colonel-lovell.html,
CSS Cotton Plant,Cotton Plant,Confederate,http://dbpedia.org/resource/CSS_Cotton_Plant,http://www.history.navy.mil/research/histories/ship-histories/confederate_ships/cotton-plant.html,
CSS Curlew,Curlew,Confederate,http://dbpedia.org/resource/CSS_Curlew,http://www.history.navy.mil/research/histories/ship-histories/confederate_ships/curlew-side-wheel-steamer.html,
CSS Defiance,Defiance,Confederate,http://dbpedia.org/resource/CSS_Defiance,http://www.history.navy.mil/research/histories/ship-histories/confederate_ships/defiance.html,
CSS Diana (1862),Diana,Confederate,http://dbpedia.org/resource/USS_Diana_(1862),http://www.history.navy.mil/research/histories/ship-histories/confederate_ships/diana.html,
CSS Ellis,Ellis,Confederate,http://dbpedia.org/resource/CSS_Ellis,http://www.history.navy.mil/research/histories/ship-histories/confederate_ships/ellis.html,
CSS Fanny,Fanny,Confederate,http://dbpedia.org/resource/CSS_Fanny,http://www.history.navy.mil/research/histories/ship-histories/confederate_ships/fanny.html,
CSS Forrest,Forrest,Confederate,http://dbpedia.org/resource/CSS_Forrest,http://www.history.navy.mil/research/histories/ship-histories/confederate_ships/forrest.html,
CSS Gaines,Gaines,Confederate,http://dbpedia.org/resource/CSS_Gaines,http://www.history.navy.mil/research/histories/ship-histories/confederate_ships/gaines.html,
CSS General Beauregard,General Beauregard,Confederate,http://dbpedia.org/resource/CSS_General_Beauregard,http://www.history.navy.mil/research/histories/ship-histories/confederate_ships/general-beauregard.html,
CSS General Bragg (1851),General Bragg,Confederate,http://dbpedia.org/resource/CSS_General_Bragg_(1851),http://www.history.navy.mil/research/histories/ship-histories/confederate_ships/general-bragg.html,
CSS General Breckinridge,General Breckinridge,Confederate,http://dbpedia.org/resource/CSS_General_Breckinridge,http://www.history.navy.mil/research/histories/ship-histories/confederate_ships/general-breckinridge.html,
CSS General Earl Van Dorn,General Earl Van Dorn,Confederate,http://dbpedia.org/resource/CSS_General_Earl_Van_Dorn,http://www.history.navy.mil/research/histories/ship-histories/confederate_ships/general-earl-van-dorn.html,
CSS General Lovell,General Lovell,Confederate,http://dbpedia.org/resource/CSS_General_Lovell,http://www.history.navy.mil/research/histories/ship-histories/confederate_ships/general-lovell.html,
CSS General M. Jeff Thompson,General M. Jeff Thompson,Confederate,http://dbpedia.org/resource/CSS_General_M._Jeff_Thompson,http://www.history.navy.mil/research/histories/ship-histories/confederate_ships/general-m-jeff-thompson.html,
CSS General Sterling Price,General Sterling Price,Confederate,http://dbpedia.org/resource/Laurent_Millaudon_(1856),http://www.history.navy.mil/research/histories/ship-histories/confederate_ships/general-sterling-price.html,
CSS General Sumter,General Sumter,Confederate,http://dbpedia.org/resource/CSS_General_Sumter,http://www.history.navy.mil/research/histories/ship-histories/confederate_ships/general-sumter.html,
CSS Huntsville,Huntsville,Confederate,http://dbpedia.org/resource/CSS_Huntsville,http://www.history.navy.mil/research/histories/ship-histories/confederate_ships/huntsville.html,
CSS Jackson,Jackson,Confederate,http://dbpedia.org/resource/CSS_Jackson,http://www.history.navy.mil/research/histories/ship-histories/confederate_ships/jackson.html,
CSS Jamestown,Jamestown,Confederate,http://dbpedia.org/resource/CSS_Jamestown,http://www.history.navy.mil/research/histories/ship-histories/confederate_ships/jamestown.html,
CSS Little Rebel,Little Rebel,Confederate,http://dbpedia.org/resource/CSS_Little_Rebel,http://www.history.navy.mil/research/histories/ship-histories/confederate_ships/little-rebel.html,
CSS Louisiana,Louisiana,Confederate,http://dbpedia.org/resource/CSS_Louisiana,http://www.history.navy.mil/research/histories/ship-histories/confederate_ships/louisiana.html,
CSS Manassas,Manassas,Confederate,http://dbpedia.org/resource/CSS_Manassas,http://www.history.navy.mil/research/histories/ship-histories/confederate_ships/manassas.html,
CSS McRae,McRae,Confederate,http://dbpedia.org/resource/CSS_McRae,http://www.history.navy.mil/research/histories/ship-histories/confederate_ships/mcrae.html,
CSS Mississippi,Mississippi,Confederate,http://dbpedia.org/resource/CSS_Mississippi,http://www.history.navy.mil/research/histories/ship-histories/confederate_ships/mississippi.html,
CSS Morgan,Morgan,Confederate,http://dbpedia.org/resource/CSS_Morgan,http://www.history.navy.mil/research/histories/ship-histories/confederate_ships/morgan.html,
CSS Nashville (1864),Nashville,Confederate,http://dbpedia.org/resource/CSS_Nashville_(1864),http://www.history.navy.mil/research/histories/ship-histories/confederate_ships/nashville.html,
CSS Neafie,Neafie,Confederate,http://dbpedia.org/resource/CSS_Neafie,http://www.history.navy.mil/research/histories/ship-histories/confederate_ships/neafie.html,
CSS Palmetto State,Palmetto State,Confederate,http://dbpedia.org/resource/CSS_Palmetto_State,http://www.history.navy.mil/research/histories/ship-histories/confederate_ships/palmetto-state.html,
CSS Patrick Henry,Patrick Henry,Confederate,http://dbpedia.org/resource/CSS_Patrick_Henry,http://www.history.navy.mil/research/histories/ship-histories/confederate_ships/patrick-henry-side-wheel-steamer.html,
CSS Raleigh (1861),Raleigh,Confederate,http://dbpedia.org/resource/CSS_Raleigh_(1861),http://www.history.navy.mil/research/histories/ship-histories/confederate_ships/raleigh.html,
CSS Resolute,Resolute,Confederate,http://dbpedia.org/resource/CSS_Resolute,http://www.history.navy.mil/research/histories/ship-histories/confederate_ships/resolute.html,
CSS Sea-Bird,Sea-Bird,Confederate,http://dbpedia.org/resource/CSS_Sea-Bird,http://www.history.navy.mil/research/histories/ship-histories/confederate_ships/sea-bird-side-wheel-steamer.html,
CSS Selma (1856),Selma,Confederate,http://dbpedia.org/resource/CSS_Selma_(1856),http://www.history.navy.mil/research/histories/ship-histories/confederate_ships/selma-gunboat.html,
CSS Stonewall Jackson,Stonewall Jackson,Confederate,http://dbpedia.org/resource/CSS_Stonewall_Jackson,http://www.history.navy.mil/research/histories/ship-histories/confederate_ships/stonewall-jackson-ram.html,
CSS Tennessee (1863),Tennessee,Confederate,http://dbpedia.org/resource/CSS_Tennessee_(1863),http://www.history.navy.mil/research/histories/ship-histories/confederate_ships/tennessee.html,
CSS Virginia,Virginia,Confederate,http://dbpedia.org/resource/CSS_Virginia,http://www.history.navy.mil/research/histories/ship-histories/confederate_ships/virginia.html,
CSS Warrior,Warrior,Confederate,http://dbpedia.org/resource/CSS_Warrior,http://www.history.navy.mil/research/histories/ship-histories/confederate_ships/warrior.html,
USRC Harriet Lane (1857),Harriet Lane,US,http://dbpedia.org/resource/USRC_Harriet_Lane_(1857),http://www.history.navy.mil/research/histories/ship-histories/danfs/h/harriet-lane-side-wheel-steamer.html,
USRC Naugatuck,Naugatuck,US,http://dbpedia.org/resource/USRC_Naugatuck,http://www.history.navy.mil/research/histories/ship-histories/danfs/n/naugatuck-i.html,
USS Adela,Adela,US,http://dbpedia.org/resource/USS_Adela,http://www.history.navy.mil/research/histories/ship-histories/danfs/a/adela.html,
USS Advance (1862),Advance,US,http://dbpedia.org/resource/USS_Advance_(1862),http://www.history.navy.mil/research/histories/ship-histories/danfs/a/advance-side-wheel-steamer-ii.html,
USS Alabama (1850),Alabama,US,http://dbpedia.org/resource/USS_Alabama_(1850),http://www.history.navy.mil/research/histories/ship-histories/danfs/a/alabama-i.html,
USS Albatross (1858),Albatross,US,http://dbpedia.org/resource/USS_Albatross_(1858),http://www.history.navy.mil/research/histories/ship-histories/danfs/a/albatross-i.html,
USS Alert (1861),Alert,US,http://dbpedia.org/resource/USS_Alert_(1861),http://www.history.navy.mil/research/histories/ship-histories/danfs/a/alert-ii.html,
USS Anacostia (1856),Anacostia,US,http://dbpedia.org/resource/USS_Anacostia_(1856),http://www.history.navy.mil/research/histories/ship-histories/danfs/a/anacostia-i.html,
USS Aries (1863),Aries,US,http://dbpedia.org/resource/USS_Aries_(1863),http://www.history.navy.mil/research/histories/ship-histories/danfs/a/aries-screw-steamer-i.html,
USS Arizona (1858),Arizona,US,http://dbpedia.org/resource/USS_Arizona_(1858),http://www.history.navy.mil/research/histories/ship-histories/danfs/a/arizona-screw-steamer-i.html,
USS Aroostook (1861),Aroostook,US,http://dbpedia.org/resource/USS_Aroostook_(1861),http://www.history.navy.mil/research/histories/ship-histories/danfs/a/aroostook-screw-gunboat-i.html,
USS Banshee (1862),Banshee,US,http://dbpedia.org/resource/USS_Banshee_(1862),http://www.history.navy.mil/research/histories/ship-histories/danfs/b/banshee-i.html,
USS Baron DeKalb (1861),Baron DeKalb,US,http://dbpedia.org/resource/USS_Baron_DeKalb_(1861),http://www.history.navy.mil/research/histories/ship-histories/danfs/d/dekalb.html,
USS Bat (1864),Bat,US,http://dbpedia.org/resource/USS_Bat_(1864),http://www.history.navy.mil/research/histories/ship-histories/danfs/b/bat-i.html,
USS Benton (1861),Benton,US,http://dbpedia.org/resource/USS_Benton_(1861),,
USS Berberry (1864),Berberry,US,http://dbpedia.org/resource/USS_Berberry_(1864),http://www.history.navy.mil/research/histories/ship-histories/danfs/b/berberry-i.html,
USS Bignonia (1863),Bignonia,US,http://dbpedia.org/resource/USS_Bignonia_(1863),http://www.history.navy.mil/research/histories/ship-histories/danfs/b/bignonia-i.html,
USS Black Hawk (1848),Black Hawk,US,http://dbpedia.org/resource/USS_Black_Hawk_(1848),http://www.history.navy.mil/research/histories/ship-histories/danfs/b/black-hawk-i.html,
USS Britannia (1862),Britannia,US,http://dbpedia.org/resource/USS_Britannia_(1862),http://www.history.navy.mil/research/histories/ship-histories/danfs/b/britannia-i.html,
USS Brooklyn (1858),Brooklyn,US,http://dbpedia.org/resource/USS_Brooklyn_(1858),http://www.history.navy.mil/research/histories/ship-histories/danfs/b/brooklyn-i.html,
USS Cairo (1861),Cairo,US,http://dbpedia.org/resource/USS_Cairo_(1861),http://www.history.navy.mil/research/histories/ship-histories/danfs/c/cairo.html,
USS Cambridge (1860),Cambridge,US,http://dbpedia.org/resource/USS_Cambridge_(1860),http://www.history.navy.mil/research/histories/ship-histories/danfs/c/cambridge-i.html,
USS Canandaigua (1862),Canandaigua,US,http://dbpedia.org/resource/USS_Canandaigua_(1862),http://www.history.navy.mil/research/histories/ship-histories/danfs/c/canandaigua-i.html,
USS Canonicus (1863),Canonicus,US,http://dbpedia.org/resource/USS_Canonicus_(1863),http://www.history.navy.mil/research/histories/ship-histories/danfs/c/canonicus-i.html,
USS Carondelet (1861),Carondelet,US,http://dbpedia.org/resource/USS_Carondelet_(1861),http://www.history.navy.mil/research/histories/ship-histories/danfs/c/carondelet-i.html,
USS Catskill (1862),Catskill,US,http://dbpedia.org/resource/USS_Catskill_(1862),http://www.history.navy.mil/research/histories/ship-histories/danfs/c/catskill-i.html,
USS Cayuga (1861),Cayuga,US,http://dbpedia.org/resource/USS_Cayuga_(1861),http://www.history.navy.mil/research/histories/ship-histories/danfs/c/cayuga-i.html,
USS Ceres  (1856),Ceres,US,http://dbpedia.org/resource/USS_Ceres__(1856),http://www.history.navy.mil/research/histories/ship-histories/danfs/c/ceres.html,
USS Ceres (1856),Ceres,US,http://dbpedia.org/resource/USS_Ceres_(1856),http://www.history.navy.mil/research/histories/ship-histories/danfs/c/ceres.html,
USS Chasseur,Chasseur,US,,,
USS Cherokee (1859),Cherokee,US,http://dbpedia.org/resource/USS_Cherokee_(1859),http://www.history.navy.mil/research/histories/ship-histories/danfs/c/cherokee-i.html,
USS Chickasaw (1864),Chickasaw,US,http://dbpedia.org/resource/USS_Chickasaw_(1864),http://www.history.navy.mil/research/histories/ship-histories/danfs/c/chickasaw-i.html,
USS Chippewa (1861),Chippewa,US,http://dbpedia.org/resource/USS_Chippewa_(1861),http://www.history.navy.mil/research/histories/ship-histories/danfs/c/chippewa-iii.html,
USS Choctaw (1856),Choctaw,US,http://dbpedia.org/resource/USS_Choctaw_(1856),http://www.history.navy.mil/research/histories/ship-histories/danfs/c/choctaw-i.html,
USS Cimarron (1862),Cimarron,US,http://dbpedia.org/resource/USS_Cimarron_(1862),http://www.history.navy.mil/research/histories/ship-histories/danfs/c/cimarron-i.html,
USS Cincinnati (1861),Cincinnati,US,http://dbpedia.org/resource/USS_Cincinnati_(1861),http://www.history.navy.mil/research/histories/ship-histories/danfs/c/cincinnati-i.html,
USS Clifton (1861),Clifton,US,http://dbpedia.org/resource/USS_Clifton_(1861),http://www.history.navy.mil/research/histories/ship-histories/danfs/c/clifton-i.html,
USS Coeur de Lion (1861),Coeur de Lion,US,http://dbpedia.org/resource/USS_Coeur_de_Lion_(1861),http://www.history.navy.mil/research/histories/ship-histories/danfs/c/coeur-de-lion.html,
USS Colorado (1856),Colorado,US,http://dbpedia.org/resource/USS_Colorado_(1856),http://www.history.navy.mil/research/histories/ship-histories/danfs/c/colorado-i.html,
USS Commodore (1863),Commodore,US,http://dbpedia.org/resource/USS_Commodore_(1863),http://www.history.navy.mil/research/histories/ship-histories/danfs/c/commodore-i.html,
USS Commodore Barney (1859),Commodore Barney,US,http://dbpedia.org/resource/USS_Commodore_Barney_(1859),http://www.history.navy.mil/research/histories/ship-histories/danfs/c/commodore-barney.html,
USS Commodore Hull,Commodore Hull,US,http://dbpedia.org/resource/USS_Commodore_Hull,http://www.history.navy.mil/research/histories/ship-histories/danfs/c/commodore-hull.html,
USS Commodore Perry,Commodore Perry,US,http://dbpedia.org/resource/USS_Commodore_Perry,http://www.history.navy.mil/research/histories/ship-histories/danfs/c/commodore-perry.html,
USS Conestoga (1861),Conestoga,US,http://dbpedia.org/resource/USS_Conestoga_(1861),http://www.history.navy.mil/research/histories/ship-histories/danfs/c/conestoga-i.html,
USS Congress (1841),Congress,US,http://dbpedia.org/resource/USS_Congress_(1841),http://www.history.navy.mil/research/histories/ship-histories/danfs/c/congress-iv.html,
USS Corypheus (1862),Corypheus,US,http://dbpedia.org/resource/USS_Corypheus_(1862),http://www.history.navy.mil/research/histories/ship-histories/confederate_ships/corypheus.html,
USS Crusader (1858),Crusader,US,http://dbpedia.org/resource/USS_Crusader_(1858),http://www.history.navy.mil/research/histories/ship-histories/danfs/c/crusader-i.html,
USS Cumberland (1842),Cumberland,US,http://dbpedia.org/resource/USS_Cumberland_(1842),http://www.history.navy.mil/research/histories/ship-histories/danfs/c/cumberland-frigate-i.html,
USS Dai Ching (1863),Dai Ching,US,http://dbpedia.org/resource/USS_Dai_Ching_(1863),http://www.history.navy.mil/research/histories/ship-histories/danfs/d/dai-ching.html,
USS Daylight (1859),Daylight,US,http://dbpedia.org/resource/USS_Daylight_(1859),http://www.history.navy.mil/research/histories/ship-histories/danfs/d/daylight.html,
USS Delaware (1861),Delaware,US,http://dbpedia.org/resource/USS_Delaware_(1861),http://www.history.navy.mil/research/histories/ship-histories/danfs/d/delaware-iv.html,
USS Dragon (1861),Dragon,US,http://dbpedia.org/resource/USS_Dragon_(1861),http://www.history.navy.mil/research/histories/ship-histories/danfs/d/dragon.html,
USS E. B. Hale (1861),E. B. Hale,US,http://dbpedia.org/resource/USS_E._B._Hale_(1861),http://www.history.navy.mil/research/histories/ship-histories/danfs/e/e-b-hale-screw-steamer.html,
USS Emma (1863),Emma,US,http://dbpedia.org/resource/USS_Emma_(1863),http://www.history.navy.mil/research/histories/ship-histories/danfs/e/emma-i.html,
USS Eolus (1864),Eolus,US,http://dbpedia.org/resource/USS_Eolus_(1864),http://www.history.navy.mil/research/histories/ship-histories/danfs/e/eolus.html,
USS Essex (1856),Essex,US,http://dbpedia.org/resource/USS_Essex_(1856),http://www.history.navy.mil/research/histories/ship-histories/danfs/e/essex-ii.html,
USS Fort Donelson,Fort Donelson,US,http://dbpedia.org/resource/USS_Fort_Donelson,http://www.history.navy.mil/research/histories/ship-histories/danfs/f/fort-donelson.html,
USS Fort Jackson (1862),Fort Jackson,US,http://dbpedia.org/resource/USS_Fort_Jackson_(1862),http://www.history.navy.mil/research/histories/ship-histories/danfs/f/fort-jackson.html,
USS Galena (1862),Galena,US,http://dbpedia.org/resource/USS_Galena_(1862),http://www.history.navy.mil/research/histories/ship-histories/danfs/g/galena-i.html,
USS Gemsbok (1861),Gemsbok,US,http://dbpedia.org/resource/USS_Gemsbok_(1861),http://www.history.navy.mil/research/histories/ship-histories/danfs/g/gemsbok-i.html,
USS General Putnam (1857),General Putnam,US,http://dbpedia.org/resource/USS_General_Putnam_(1857),http://www.history.navy.mil/research/histories/ship-histories/danfs/g/general-putnam.html,
USS Genesee (1862),Genesee,US,http://dbpedia.org/resource/USS_Genesee_(1862),http://www.history.navy.mil/research/histories/ship-histories/danfs/g/genesee-i.html,
USS Gettysburg (1858),Gettysburg,US,http://dbpedia.org/resource/USS_Gettysburg_(1858),http://www.history.navy.mil/research/histories/ship-histories/danfs/g/gettysburg-i.html,
USS Glide (1862),Glide,US,http://dbpedia.org/resource/USS_Glide_(1862),http://www.history.navy.mil/research/histories/ship-histories/danfs/g/glide-i.html,
USS Governor Buckingham,Governor Buckingham,US,http://dbpedia.org/resource/USS_Governor_Buckingham,http://www.history.navy.mil/research/histories/ship-histories/danfs/g/governor-buckingham.html,
USS Granite (1862),Granite,US,http://dbpedia.org/resource/USS_Granite_(1862),http://www.history.navy.mil/research/histories/ship-histories/danfs/g/granite.html,
USS Granite City (1863),Granite City,US,http://dbpedia.org/resource/USS_Granite_City_(1863),http://www.history.navy.mil/research/histories/ship-histories/danfs/g/granite-city-side-wheel-steamer.html,
USS Hartford (1858),Hartford,US,http://dbpedia.org/resource/USS_Hartford_(1858),http://www.history.navy.mil/research/histories/ship-histories/danfs/h/hartford.html,
USS Henry Brinker (1861),Henry Brinker,US,http://dbpedia.org/resource/USS_Henry_Brinker_(1861),http://www.history.navy.mil/research/histories/ship-histories/danfs/h/henry-brinker.html,
USS Henry Janes (1861),Henry Janes,US,http://dbpedia.org/resource/USS_Henry_Janes_(1861),http://www.history.navy.mil/research/histories/ship-histories/danfs/h/henry-janes.html,
USS Hetzel (1861),Hetzel,US,http://dbpedia.org/resource/USS_Hetzel_(1861),http://www.history.navy.mil/research/histories/ship-histories/danfs/h/hetzel.html,
USS Howquah (1863),Howquah,US,http://dbpedia.org/resource/USS_Howquah_(1863),http://www.history.navy.mil/research/histories/ship-histories/danfs/h/howquah.html,
USS Hunchback,Hunchback,US,http://dbpedia.org/resource/USS_Hunchback,http://www.history.navy.mil/research/histories/ship-histories/danfs/h/hunchback.html,
USS Huron (1861),Huron,US,http://dbpedia.org/resource/USS_Huron_(1861),http://www.history.navy.mil/research/histories/ship-histories/danfs/h/huron-i.html,
USS Huron (1862),Huron,US,http://dbpedia.org/resource/USS_Huron_(1862),http://www.history.navy.mil/research/histories/ship-histories/danfs/h/huron-i.html,
USS Hussar,Hussar,US,,,
USS Iosco (1864),Iosco,US,http://dbpedia.org/resource/USS_Iosco_(1864),http://www.history.navy.mil/research/histories/ship-histories/danfs/i/iosco.html,
USS Iroquois (1859),Iroquois,US,http://dbpedia.org/resource/USS_Iroquois_(1859),http://www.history.navy.mil/research/histories/ship-histories/danfs/i/iroquois-i.html,
USS Isaac N. Seymour (1860),Isaac N. Seymour,US,http://dbpedia.org/resource/USS_Isaac_N._Seymour_(1860),http://www.history.navy.mil/research/histories/ship-histories/danfs/i/isaac-n-seymour.html,
USS Itasca (1861),Itasca,US,http://dbpedia.org/resource/USS_Itasca_(1861),http://www.history.navy.mil/research/histories/ship-histories/danfs/i/itasca-i.html,
USS John L. Lockwood (1854),John L. Lockwood,US,http://dbpedia.org/resource/USS_John_L._Lockwood_(1854),http://www.history.navy.mil/research/histories/ship-histories/danfs/j/john-l-lockwood.html,
USS John P. Jackson (1860),John P. Jackson,US,http://dbpedia.org/resource/USS_John_P._Jackson_(1860),http://www.history.navy.mil/research/histories/ship-histories/danfs/j/john-p-jackson.html,
USS Juniata (1862),Juniata,US,http://dbpedia.org/resource/USS_Juniata_(1862),http://www.history.navy.mil/research/histories/ship-histories/danfs/j/juniata-i.html,
USS Kansas (1863),Kansas,US,http://dbpedia.org/resource/USS_Kansas_(1863),http://www.history.navy.mil/research/histories/ship-histories/danfs/k/kansas-i.html,
USS Katahdin (1861),Katahdin,US,http://dbpedia.org/resource/USS_Katahdin_(1861),http://www.history.navy.mil/research/histories/ship-histories/danfs/k/katahdin-i.html,
USS Kennebec (1861),Kennebec,US,http://dbpedia.org/resource/USS_Kennebec_(1861),http://www.history.navy.mil/research/histories/ship-histories/danfs/k/kennebec-i.html,
USS Kensington (1862),Kensington,US,http://dbpedia.org/resource/USS_Kensington_(1862),http://www.history.navy.mil/research/histories/ship-histories/danfs/k/kensington-i.html,
USS Keystone State (1853),Keystone State,US,http://dbpedia.org/resource/USS_Keystone_State_(1853),http://www.history.navy.mil/research/histories/ship-histories/danfs/k/keystone-state.html,
USS Kineo (1861),Kineo,US,http://dbpedia.org/resource/USS_Kineo_(1861),http://www.history.navy.mil/research/histories/ship-histories/danfs/k/kineo-i.html,
USS Kineo (1862),Kineo,US,http://dbpedia.org/resource/USS_Kineo_(1862),http://www.history.navy.mil/research/histories/ship-histories/danfs/k/kineo-i.html,
USS Lackawanna (1862),Lackawanna,US,http://dbpedia.org/resource/USS_Lackawanna_(1862),http://www.history.navy.mil/research/histories/ship-histories/danfs/l/lackawanna-i.html,
USS Lancer,Lancer,US,,,
USS Lenapee (1863),Lenapee,US,http://dbpedia.org/resource/USS_Lenapee_(1863),http://www.history.navy.mil/research/histories/ship-histories/danfs/l/lenapee.html,
USS Lexington (1861),Lexington,US,http://dbpedia.org/resource/USS_Lexington_(1861),http://www.history.navy.mil/research/histories/ship-histories/danfs/l/lexington-sidewheel-steamer-iii.html,
USS Lilian (1863),Lilian,US,http://dbpedia.org/resource/USS_Lilian_(1863),http://www.history.navy.mil/research/histories/ship-histories/danfs/l/lilian.html,
USS Little Ada (1864),Little Ada,US,http://dbpedia.org/resource/USS_Little_Ada_(1864),http://www.history.navy.mil/research/histories/ship-histories/danfs/l/little-ada.html,
USS Lodona (1862),Lodona,US,http://dbpedia.org/resource/USS_Lodona_(1862),http://www.history.navy.mil/research/histories/ship-histories/danfs/l/lodona.html,
USS Louisiana (1861),Louisiana,US,http://dbpedia.org/resource/USS_Louisiana_(1861),http://www.history.navy.mil/research/histories/ship-histories/danfs/l/louisiana-ii.html,
USS Louisville (1861),Louisville,US,http://dbpedia.org/resource/USS_Louisville_(1861),http://www.history.navy.mil/research/histories/ship-histories/danfs/l/louisville-i.html,
USS Louisville (1862),Louisville,US,http://dbpedia.org/resource/USS_Louisville_(1862),http://www.history.navy.mil/research/histories/ship-histories/danfs/l/louisville-i.html,
USS Mackinaw (1863),Mackinaw,US,http://dbpedia.org/resource/USS_Mackinaw_(1863),http://www.history.navy.mil/research/histories/ship-histories/danfs/m/mackinaw.html,
USS Mahaska (1861),Mahaska,US,http://dbpedia.org/resource/USS_Mahaska_(1861),http://www.history.navy.mil/research/histories/ship-histories/danfs/m/mahaska-i.html,
USS Mahopac (1863),Mahopac,US,http://dbpedia.org/resource/USS_Mahopac_(1863),http://www.history.navy.mil/research/histories/ship-histories/danfs/m/mahopac-i.html,
USS Malvern (1860),Malvern,US,http://dbpedia.org/resource/USS_Malvern_(1860),http://www.history.navy.mil/research/histories/ship-histories/danfs/m/malvern-i.html,
USS Manhattan (1863),Manhattan,US,http://dbpedia.org/resource/USS_Manhattan_(1863),http://www.history.navy.mil/research/histories/ship-histories/danfs/m/manhattan-i.html,
USS Maratanza (1861),Maratanza,US,http://dbpedia.org/resource/USS_Maratanza_(1861),http://www.history.navy.mil/research/histories/ship-histories/danfs/m/maratanza-i.html,
USS Maratanza (1862),Maratanza,US,http://dbpedia.org/resource/USS_Maratanza_(1862),http://www.history.navy.mil/research/histories/ship-histories/danfs/m/maratanza-i.html,
USS Massasoit (1863),Massasoit,US,http://dbpedia.org/resource/USS_Massasoit_(1863),http://www.history.navy.mil/research/histories/ship-histories/danfs/m/massasoit-i.html,
USS Mattabesett (1864),Mattabesett,US,http://dbpedia.org/resource/Mattabesett_(1864),http://www.history.navy.mil/research/histories/ship-histories/danfs/m/mattabesett.html,
USS Maumee (1864),Maumee,US,http://dbpedia.org/resource/USS_Maumee_(1864),http://www.history.navy.mil/research/histories/ship-histories/danfs/m/maumee-i.html,
USS Metacomet (1863),Metacomet,US,http://dbpedia.org/resource/USS_Metacomet_(1863),http://www.history.navy.mil/research/histories/ship-histories/danfs/m/metacomet.html,
USS Miami (1861),Miami,US,http://dbpedia.org/resource/USS_Miami_(1861),http://www.history.navy.mil/research/histories/ship-histories/danfs/m/miami-i.html,
USS Minnesota (1855),Minnesota,US,http://dbpedia.org/resource/USS_Minnesota_(1855),http://www.history.navy.mil/research/histories/ship-histories/danfs/m/minnesota-i.html,
USS Mississippi (1841),Mississippi,US,http://dbpedia.org/resource/USS_Mississippi_(1841),http://www.history.navy.mil/research/histories/ship-histories/danfs/m/mississippi-i.html,
USS Moccasin (1864),Moccasin,US,http://dbpedia.org/resource/USS_Moccasin_(1864),http://www.history.navy.mil/research/histories/ship-histories/danfs/m/moccasin-i.html,
USS Mohican (1859),Mohican,US,http://dbpedia.org/resource/USS_Mohican_(1859),http://www.history.navy.mil/research/histories/ship-histories/danfs/m/mohican-i.html,
USS Monadnock (1864),Monadnock,US,http://dbpedia.org/resource/USS_Monadnock_(1864),http://www.history.navy.mil/research/histories/ship-histories/danfs/m/monadnock-i.html,
USS Monarch (1862),Monarch,US,http://dbpedia.org/resource/USS_Monarch_(1862),http://www.history.navy.mil/research/histories/ship-histories/danfs/m/monarch.html,
USS Monitor,Monitor,US,http://dbpedia.org/resource/USS_Monitor,http://www.history.navy.mil/research/histories/ship-histories/danfs/m/monitor-i.html,
USS Monongahela (1862),Monongahela,US,http://dbpedia.org/resource/USS_Monongahela_(1862),http://www.history.navy.mil/research/histories/ship-histories/danfs/m/monongahela-i.html,
USS Montauk (1862),Montauk,US,http://dbpedia.org/resource/USS_Montauk_(1862),http://www.history.navy.mil/research/histories/ship-histories/danfs/m/montauk-i.html,
USS Montgomery (1861),Montgomery,US,http://dbpedia.org/resource/USS_Montgomery_(1861),http://www.history.navy.mil/research/histories/ship-histories/danfs/m/montgomery-iii.html,
USS Monticello (1859),Monticello,US,http://dbpedia.org/resource/USS_Monticello_(1859),http://www.history.navy.mil/research/histories/ship-histories/danfs/m/monticello-i.html,
USS Morse,Morse,US,http://dbpedia.org/resource/USS_Morse,http://www.history.navy.mil/research/histories/ship-histories/danfs/m/morse.html,
USS Morse (1861),Morse,US,http://dbpedia.org/resource/USS_Morse_(1861),http://www.history.navy.mil/research/histories/ship-histories/danfs/m/morse.html,
USS Mound City,Mound City,US,http://dbpedia.org/resource/USS_Mound_City,http://www.history.navy.mil/research/histories/ship-histories/danfs/m/mound-city.html,
USS Mound City (1861),Mound City,US,http://dbpedia.org/resource/USS_Mound_City_(1861),http://www.history.navy.mil/research/histories/ship-histories/danfs/m/mound-city.html,
USS Mount Washington (1846),Mount Washington,US,http://dbpedia.org/resource/USS_Mount_Washington_(1846),http://www.history.navy.mil/research/histories/ship-histories/danfs/m/mount-washington.html,
USS Mystic (1853),Mystic,US,http://dbpedia.org/resource/USS_Mystic_(1853),,
USS Nahant (1862),Nahant,US,http://dbpedia.org/resource/USS_Nahant_(1862),http://www.history.navy.mil/research/histories/ship-histories/danfs/n/nahant-i.html,
USS Nansemond (1862),Nansemond,US,http://dbpedia.org/resource/USS_Nansemond_(1862),http://www.history.navy.mil/research/histories/ship-histories/danfs/n/nansemond-i.html,
USS Nantucket (1862),Nantucket,US,http://dbpedia.org/resource/USS_Nantucket_(1862),http://www.history.navy.mil/research/histories/ship-histories/danfs/n/nantucket-i.html,
USS New Era (1862),New Era,US,http://dbpedia.org/resource/USS_New_Era_(1862),http://www.history.navy.mil/research/histories/ship-histories/danfs/n/new-era.html,
USS New Ironsides,New Ironsides,US,http://dbpedia.org/resource/USS_New_Ironsides,http://www.history.navy.mil/research/histories/ship-histories/danfs/n/new-ironsides.html,
USS New Ironsides (1862),New Ironsides,US,http://dbpedia.org/resource/USS_New_Ironsides_(1862),http://www.history.navy.mil/research/histories/ship-histories/danfs/n/new-ironsides.html,
USS Nyack (1863),Nyack,US,http://dbpedia.org/resource/USS_Nyack_(1863),http://www.history.navy.mil/research/histories/ship-histories/danfs/n/nyack.html,
USS Octorara (1861),Octorara,US,http://dbpedia.org/resource/USS_Octorara_(1861),http://www.history.navy.mil/research/histories/ship-histories/danfs/o/octorara-i.html,
USS Oneida (1861),Oneida,US,http://dbpedia.org/resource/USS_Oneida_(1861),http://www.history.navy.mil/research/histories/ship-histories/danfs/o/oneida-ii.html,
USS Osceola (1863),Osceola,US,http://dbpedia.org/resource/USS_Osceola_(1863),http://www.history.navy.mil/research/histories/ship-histories/danfs/o/osceola-i.html,
USS Ossipee (1861),Ossipee,US,http://dbpedia.org/resource/USS_Ossipee_(1861),http://www.history.navy.mil/research/histories/ship-histories/danfs/o/ossipee.html,
USS Ottawa (1861),Ottawa,US,http://dbpedia.org/resource/USS_Ottawa_(1861),http://www.history.navy.mil/research/histories/ship-histories/danfs/o/ottawa-i.html,
USS Owasco (1861),Owasco,US,http://dbpedia.org/resource/USS_Owasco_(1861),http://www.history.navy.mil/research/histories/ship-histories/danfs/o/owasco.html,
USS Passaic (1862),Passaic,US,http://dbpedia.org/resource/USS_Passaic_(1862),http://www.history.navy.mil/research/histories/ship-histories/danfs/p/passaic-i.html,
USS Patapsco (1862),Patapsco,US,http://dbpedia.org/resource/USS_Patapsco_(1862),http://www.history.navy.mil/research/histories/ship-histories/danfs/p/patapsco-iii.html,
USS Patroon (1859),Patroon,US,http://dbpedia.org/resource/USS_Patroon_(1859),http://www.history.navy.mil/research/histories/ship-histories/danfs/p/patroon.html,
USS Paul Jones (1862),Paul Jones,US,http://dbpedia.org/resource/USS_Paul_Jones_(1862),http://www.history.navy.mil/research/histories/ship-histories/danfs/p/paul-jones-i.html,
USS Paw Paw (1863),Paw Paw,US,http://dbpedia.org/resource/USS_Paw_Paw_(1863),http://www.history.navy.mil/research/histories/ship-histories/danfs/p/paw-paw.html,
USS Pawnee (1859),Pawnee,US,http://dbpedia.org/resource/USS_Pawnee_(1859),http://www.history.navy.mil/research/histories/ship-histories/danfs/p/pawnee-i.html,
USS Pawtuxet (1864),Pawtuxet,US,http://dbpedia.org/resource/USS_Pawtuxet_(1864),http://www.history.navy.mil/research/histories/ship-histories/danfs/p/pawtuxet.html,
USS Pensacola (1859),Pensacola,US,http://dbpedia.org/resource/USS_Pensacola_(1859),http://www.history.navy.mil/research/histories/ship-histories/danfs/p/pensacola-i.html,
USS Peosta (1857),Peosta,US,http://dbpedia.org/resource/USS_Peosta_(1857),http://www.history.navy.mil/research/histories/ship-histories/danfs/p/peosta.html,
USS Pequot (1863),Pequot,US,http://dbpedia.org/resource/USS_Pequot_(1863),http://www.history.navy.mil/research/histories/ship-histories/danfs/p/pequot-i.html,
USS Philadelphia (1861),Philadelphia,US,http://dbpedia.org/resource/USS_Philadelphia_(1861),http://www.history.navy.mil/research/histories/ship-histories/danfs/p/philadelphia-iii.html,
USS Picket,Picket,US,,,
USS Pinola (1861),Pinola,US,http://dbpedia.org/resource/USS_Pinola_(1861),http://www.history.navy.mil/research/histories/ship-histories/danfs/p/pinola-i.html,
USS Pioneer,Pioneer,US,,,
USS Pittsburgh (1861),Pittsburgh,US,http://dbpedia.org/resource/USS_Pittsburgh_(1861),http://www.history.navy.mil/research/histories/ship-histories/danfs/p/pittsburgh-i.html,
USS Pontoosuc (1864),Pontoosuc,US,http://dbpedia.org/resource/USS_Pontoosuc_(1864),http://www.history.navy.mil/research/histories/ship-histories/danfs/p/pontoosuc.html,
USS Port Royal (1862),Port Royal,US,http://dbpedia.org/resource/USS_Port_Royal_(1862),http://www.history.navy.mil/research/histories/ship-histories/danfs/p/port-royal.html,
USS Portsmouth (1843),Portsmouth,US,http://dbpedia.org/resource/USS_Portsmouth_(1843),http://www.history.navy.mil/research/histories/ship-histories/danfs/p/portsmouth-ii.html,
USS Powhatan (1850),Powhatan,US,http://dbpedia.org/resource/USS_Powhatan_(1850),http://www.history.navy.mil/research/histories/ship-histories/danfs/p/powhatan-i.html,
USS Primrose (1863),Primrose,US,http://dbpedia.org/resource/USS_Primrose_(1863),http://www.history.navy.mil/research/histories/ship-histories/danfs/p/primrose.html,
USS Princess Royal,Princess Royal,US,http://dbpedia.org/resource/USS_Princess_Royal,http://www.history.navy.mil/research/histories/ship-histories/danfs/p/princess-royal.html,
USS Quaker City (1861),Quaker City,US,http://dbpedia.org/resource/USS_Quaker_City_(1861),http://www.history.navy.mil/research/histories/ship-histories/danfs/q/quaker-city.html,
USS Queen of the West (1854),Queen of the West,US,http://dbpedia.org/resource/USS_Queen_of_the_West_(1854),http://www.history.navy.mil/research/histories/ship-histories/confederate_ships/queen-of-the-west-side-wheel-ram.html,
USS R. R. Cuyler (1860),R. R. Cuyler,US,http://dbpedia.org/resource/USS_R._R._Cuyler_(1860),,
USS Rachel Seaman (1861),Rachel Seaman,US,http://dbpedia.org/resource/USS_Rachel_Seaman_(1861),http://www.history.navy.mil/research/histories/ship-histories/danfs/r/rachel-seaman.html,
USS Ranger,Ranger,US,,,
USS Rattler (1862),Rattler,US,http://dbpedia.org/resource/USS_Rattler_(1862),http://www.history.navy.mil/research/histories/ship-histories/danfs/r/rattler.html,
USS Resolute (1860),Resolute,US,http://dbpedia.org/resource/USS_Resolute_(1860),http://www.history.navy.mil/research/histories/ship-histories/danfs/r/resolute-i.html,
USS Rhode Island (1861),Rhode Island,US,http://dbpedia.org/resource/USS_Rhode_Island_(1861),http://www.history.navy.mil/research/histories/ship-histories/danfs/r/rhode-island-i.html,
USS Richmond (1860),Richmond,US,http://dbpedia.org/resource/USS_Richmond_(1860),http://www.history.navy.mil/research/histories/ship-histories/danfs/r/richmond-ii.html,
USS Roanoke (1855),Roanoke,US,http://dbpedia.org/resource/USS_Roanoke_(1855),http://www.history.navy.mil/research/histories/ship-histories/danfs/r/roanoke-ii.html,
USS Sachem (1861),Sachem,US,http://dbpedia.org/resource/USS_Sachem_(1861),http://www.history.navy.mil/research/histories/ship-histories/danfs/s/sachem-ii.html,
USS Sagamore (1861),Sagamore,US,http://dbpedia.org/resource/USS_Sagamore_(1861),http://www.history.navy.mil/research/histories/ship-histories/danfs/s/sagamore-steam-gunboat-i.html,
USS Santiago de Cuba (1861),Santiago de Cuba,US,http://dbpedia.org/resource/USS_Santiago_de_Cuba_(1861),http://www.history.navy.mil/research/histories/ship-histories/danfs/s/santiagodecuba.html,
USS Sassacus (1862),Sassacus,US,http://dbpedia.org/resource/USS_Sassacus_(1862),http://www.history.navy.mil/research/histories/ship-histories/danfs/s/sassacus-i.html,
USS Saugus (1863),Saugus,US,http://dbpedia.org/resource/USS_Saugus_(1863),http://www.history.navy.mil/research/histories/ship-histories/danfs/s/saugus-i.html,
USS Sciota (1861),Sciota,US,http://dbpedia.org/resource/USS_Sciota_(1861),http://www.history.navy.mil/research/histories/ship-histories/danfs/s/sciota-i.html,
USS Seminole (1859),Seminole,US,http://dbpedia.org/resource/USS_Seminole_(1859),http://www.history.navy.mil/research/histories/ship-histories/danfs/s/seminole-i.html,
USS Seneca (1861),Seneca,US,http://dbpedia.org/resource/USS_Seneca_(1861),http://www.history.navy.mil/research/histories/ship-histories/danfs/s/seneca-i.html,
USS Sentinel,Sentinel,US,,,
USS Shawmut (1863),Shawmut,US,http://dbpedia.org/resource/USS_Shawmut_(1863),http://www.history.navy.mil/research/histories/ship-histories/danfs/s/shawmut-i.html,
USS Shenandoah (1862),Shenandoah,US,http://dbpedia.org/resource/USS_Shenandoah_(1862),http://www.history.navy.mil/research/histories/ship-histories/danfs/s/shenandoah-i.html,
USS Smith-Briggs,Smith-Briggs,US,http://dbpedia.org/resource/USS_Smith-Briggs,,
USS Southfield (1857),Southfield,US,http://dbpedia.org/resource/USS_Southfield_(1857),http://www.history.navy.mil/research/histories/ship-histories/danfs/s/southfield.html,
USS St. Lawrence (1848),St. Lawrence,US,http://dbpedia.org/resource/USS_St._Lawrence_(1848),http://www.history.navy.mil/research/histories/ship-histories/danfs/s/st-lawrence.html,
USS St. Louis (1861),St. Louis,US,http://dbpedia.org/resource/USS_Baron_DeKalb_(1861),http://www.history.navy.mil/research/histories/ship-histories/danfs/s/st-louis-ii.html,
USS Stars and Stripes (1861),Stars and Stripes,US,http://dbpedia.org/resource/USS_Stars_and_Stripes_(1861),http://www.history.navy.mil/research/histories/ship-histories/danfs/s/stars-and-stripes.html,
USS State of Georgia (1851),State of Georgia,US,http://dbpedia.org/resource/USS_State_of_Georgia_(1851),http://www.history.navy.mil/research/histories/ship-histories/danfs/s/state-of-georgia.html,
USS Stepping Stones (1861),Stepping Stones,US,http://dbpedia.org/resource/USS_Stepping_Stones_(1861),http://www.history.navy.mil/research/histories/ship-histories/danfs/s/stepping-stones.html,
USS Susquehanna (1847),Susquehanna,US,http://dbpedia.org/resource/USS_Susquehanna_(1847),http://www.history.navy.mil/research/histories/ship-histories/danfs/s/susquehanna-i.html,
USS Susquehanna (1850),Susquehanna,US,http://dbpedia.org/resource/USS_Susquehanna_(1850),http://www.history.navy.mil/research/histories/ship-histories/danfs/s/susquehanna-i.html,
USS Syracuse,Syracuse,US,,,
USS Tacony (1863),Tacony,US,http://dbpedia.org/resource/USS_Tacony_(1863),http://www.history.navy.mil/research/histories/ship-histories/danfs/t/tacony-i.html,
USS Tahoma (1861),Tahoma,US,http://dbpedia.org/resource/USS_Tahoma_(1861),http://www.history.navy.mil/research/histories/ship-histories/danfs/t/tahoma-i.html,
USS Teaser,Teaser,US,http://dbpedia.org/resource/CSS_Teaser,http://www.history.navy.mil/research/histories/ship-histories/danfs/t/teaser-i.html,
USS Tecumseh (1863),Tecumseh,US,http://dbpedia.org/resource/USS_Tecumseh_(1863),http://www.history.navy.mil/research/histories/ship-histories/danfs/t/tecumseh.html,
USS Thomas Freeborn,Thomas Freeborn,US,http://dbpedia.org/resource/USS_Thomas_Freeborn,http://www.history.navy.mil/research/histories/ship-histories/danfs/t/thomas-freeborn.html,
USS Ticonderoga (1863),Ticonderoga,US,http://dbpedia.org/resource/USS_Ticonderoga_(1863),http://www.history.navy.mil/research/histories/ship-histories/danfs/t/ticonderoga-ii.html,
USS Tristram Shandy (1864),Tristram Shandy,US,http://dbpedia.org/resource/USS_Tristram_Shandy_(1864),http://www.history.navy.mil/research/histories/ship-histories/danfs/t/tristram-shandy.html,
USS Tuscarora (1861),Tuscarora,US,http://dbpedia.org/resource/USS_Tuscarora_(1861),http://www.history.navy.mil/research/histories/ship-histories/danfs/t/tuscarora-i.html,
USS Tyler (1857),Tyler,US,http://dbpedia.org/resource/USS_Tyler_(1857),http://www.history.navy.mil/research/histories/ship-histories/danfs/t/tyler.html,
USS Unadilla (1861),Unadilla,US,http://dbpedia.org/resource/USS_Unadilla_(1861),http://www.history.navy.mil/research/histories/ship-histories/danfs/u/unadilla-i.html,
USS Uncas (1843),Uncas,US,http://dbpedia.org/resource/USS_Uncas_(1843),http://www.history.navy.mil/research/histories/ship-histories/danfs/u/uncas-i.html,
USS Underwriter (1852),Underwriter,US,http://dbpedia.org/resource/USS_Underwriter_(1852),http://www.history.navy.mil/research/histories/ship-histories/danfs/u/underwriter-i.html,
USS Valley City (1859),Valley City,US,http://dbpedia.org/resource/USS_Valley_City_(1859),http://www.history.navy.mil/research/histories/ship-histories/danfs/v/valley-city.html,
USS Vanderbilt (1862),Vanderbilt,US,http://dbpedia.org/resource/USS_Vanderbilt_(1862),http://www.history.navy.mil/research/histories/ship-histories/danfs/v/vanderbilt.html,
USS Varuna (1861),Varuna,US,http://dbpedia.org/resource/USS_Varuna_(1861),http://www.history.navy.mil/research/histories/ship-histories/danfs/v/varuna-i.html,
USS Vicksburg (1863),Vicksburg,US,http://dbpedia.org/resource/USS_Vicksburg_(1863),http://www.history.navy.mil/research/histories/ship-histories/danfs/v/vicksburg-i.html,
USS Vidette,Vidette,US,,,
USS Wabash (1855),Wabash,US,http://dbpedia.org/resource/USS_Wabash_(1855),http://www.history.navy.mil/research/histories/ship-histories/danfs/w/wabash-screw-frigate-i.html,
USS Water Witch (1851),Water Witch,US,http://dbpedia.org/resource/USS_Water_Witch_(1851),http://www.history.navy.mil/research/histories/ship-histories/danfs/w/water-witch-iii.html,
USS Weehawken (1862),Weehawken,US,http://dbpedia.org/resource/USS_Weehawken_(1862),http://www.history.navy.mil/research/histories/ship-histories/danfs/w/weehawken-i.html,
USS West End,West End,US,,,
USS Westfield (1861),Westfield,US,http://dbpedia.org/resource/USS_Westfield_(1861),http://www.history.navy.mil/research/histories/ship-histories/danfs/w/westfield.html,
USS Whitehall (1850),Whitehall,US,http://dbpedia.org/resource/USS_Whitehall_(1850),http://www.history.navy.mil/research/histories/ship-histories/danfs/w/whitehall-i.html,
USS Whitehead,Whitehead,US,http://dbpedia.org/resource/USS_Whitehead,http://www.history.navy.mil/research/histories/ship-histories/danfs/w/whitehead.html,
USS Whitehead (1861),Whitehead,US,http://dbpedia.org/resource/Whitehead_(1861),http://www.history.navy.mil/research/histories/ship-histories/danfs/w/whitehead.html,
USS Wilderness (1864),Wilderness,US,http://dbpedia.org/resource/USS_Wilderness_(1864),http://www.history.navy.mil/research/histories/ship-histories/danfs/w/wilderness.html,
USS Winnebago (1863),Winnebago,US,http://dbpedia.org/resource/USS_Winnebago_(1863),http://www.history.navy.mil/research/histories/ship-histories/danfs/w/winnebago-i.html,
USS Winona (1861),Winona,US,http://dbpedia.org/resource/USS_Winona_(1861),http://www.history.navy.mil/research/histories/ship-histories/danfs/w/winona.html,
USS Wissahickon (1861),Wissahickon,US,http://dbpedia.org/resource/USS_Wissahickon_(1861),http://www.history.navy.mil/research/histories/ship-histories/danfs/w/wissahickon-i.html,
USS Wyalusing (1863),Wyalusing,US,http://dbpedia.org/resource/Wyalusing_(1863),http://www.history.navy.mil/research/histories/ship-histories/danfs/w/wyalusing.html,
USS Yankee (1861),Yankee,US,http://dbpedia.org/resource/USS_Yankee_(1861),http://www.history.navy.mil/research/histories/ship-histories/danfs/y/yankee-i.html,
USS Yantic (1864),Yantic,US,http://dbpedia.org/resource/USS_Yantic_(1864),http://www.history.navy.mil/research/histories/ship-histories/danfs/y/yantic.html,
USS Yantic (IX-32),Yantic,US,http://dbpedia.org/resource/USS_Yantic_(IX-32),http://www.history.navy.mil/research/histories/ship-histories/danfs/y/yantic.html,
USS Young America (1855),Young America,US,http://dbpedia.org/resource/USS_Young_America_(1855),http://www.history.navy.mil/research/histories/ship-histories/danfs/y/young-america-screw-tug.html,
USS Zouave (1861),Zouave,US,http://dbpedia.org/resource/USS_Zouave_(1861),http://www.history.navy.mil/research/histories/ship-histories/danfs/z/zouave.html,