battle_id,belligerent,strength_min,strength_max,casualties_min,casualties_max,killed_min,killed_max,wounded_min,wounded_max,missing_min,missing_max,captured_min,captured_max,killed_wounded_min,killed_wounded_max,wounded_missing_min,wounded_missing_max,captured_missing_min,captured_missing_max
Battle_of_Adairsville,Confederate,,,,,,,,,,,,,,,,,,
Battle_of_Adairsville,US,,,200,200,,,,,,,,,,,,,,
Battle_of_Albemarle_Sound,Confederate,,,,,,,,,,,,,57,57,,,,
Battle_of_Albemarle_Sound,US,,,,,,,,,,,,,31,31,,,,
Battle_of_Aldie,Confederate,1500,1500,110,119,,,,,,,,,,,,,,
Battle_of_Aldie,US,2000,2000,305,305,,,,,,,,,,,,,,
Battle_of_Allatoona,Confederate,3276,3276,897,897,,,,,,,,,,,,,,
Battle_of_Allatoona,US,2025,2025,706,706,,,,,,,,,,,,,,
Battle_of_Amelia_Springs,Confederate,,,100,100,,,,,,,,,,,,,,
Battle_of_Amelia_Springs,US,,,158,158,,,,,,,,,,,,,,
Battle_of_Antietam,Confederate,38000,38000,10316,10316,1546,1546,7752,7752,,,,,,,,,1018,1018
Battle_of_Antietam,US,75500,75500,12401,12401,2108,2108,9540,9540,,,,,,,,,753,753
Battle_of_Appomattox_Court_House,Confederate,28000,28000,,,,,,,,,27805,27805,500,500,,,,
Battle_of_Appomattox_Court_House,US,100000,100000,164,164,,,,,,,,,,,,,,
Battle_of_Appomattox_Station,Confederate,3000,3000,,,,,,,,,1000,1000,500,500,,,,
Battle_of_Appomattox_Station,US,4000,4000,,,,,,,,,,,200,200,,,,
Battle_of_Aquia_Creek,Confederate,,,,,,,1,1,,,,,,,,,,
Battle_of_Aquia_Creek,US,,,,,,,9,9,,,,,,,,,,
Battle_of_Arkansas_Post,Confederate,4900,4900,,,28,28,81,81,,,4791,4791,,,,,,
Battle_of_Arkansas_Post,US,33000,33000,,,134,134,898,898,29,29,,,,,,,,
Battle_of_Athens_(1864),Confederate,600,600,30,30,,,,,,,,,,,,,,
Battle_of_Athens_(1864),US,100,100,20,20,,,,,,,,,,,,,,
Battle_of_Atlanta,Confederate,40438,40438,8499,8499,,,,,,,,,,,,,,
Battle_of_Atlanta,US,34863,34863,3641,3641,,,,,,,,,,,,,,
Battle_of_Averasborough,Confederate,5400,5400,865,865,,,,,,,,,,,,,,
Battle_of_Averasborough,US,25992,25992,682,682,,,,,,,,,,,,,,
Battle_of_Ball's_Bluff,Confederate,1709,1709,,,36,36,117,117,,,2,2,,,,,,
Battle_of_Ball's_Bluff,US,1720,1720,921,1002,,,,,,,,,,,,,,
Battle_of_Barbourville,Confederate,800,800,7,7,7,7,,,,,,,,,,,,
Battle_of_Barbourville,US,300,300,,,1,1,1,1,,,13,13,,,,,,
Battle_of_Baton_Rouge_(1862),Confederate,2600,2600,478,478,,,,,,,,,,,,,,
Battle_of_Baton_Rouge_(1862),US,2500,2500,371,371,,,,,,,,,,,,,,
Battle_of_Bayou_Fourche,Confederate,,,,,,,,,,,,,,,,,,
Battle_of_Bayou_Fourche,US,,,72,72,,,,,,,,,,,,,,
Battle_of_Bean's_Station,Confederate,,,900,900,,,,,,,,,,,,,,
Battle_of_Bean's_Station,US,,,700,700,,,,,,,,,,,,,,
Battle_of_Beaver_Dam_Creek,Confederate,16356,16356,1484,1484,,,,,,,,,,,,,,
Battle_of_Beaver_Dam_Creek,US,15631,15631,,,49,49,207,207,105,105,,,,,,,,
Battle_of_Belmont,Confederate,5000,5000,,,105,105,419,419,,,,,,,,,117,117
Battle_of_Belmont,US,3114,3114,,,120,120,383,383,,,,,,,,,104,104
Battle_of_Bentonville,Confederate,21000,21000,,,239,239,1694,1694,,,,,,,,,673,673
Battle_of_Bentonville,US,60000,60000,,,194,194,1112,1112,,,,,,,,,221,221
Battle_of_Berryville,Confederate,,,295,295,,,,,,,,,,,,,,
Battle_of_Berryville,US,,,314,314,,,,,,,,,,,,,,
Battle_of_Big_Bethel,Confederate,1400,1400,,,1,1,7,7,,,,,,,,,,
Battle_of_Big_Bethel,US,3500,3500,,,18,18,53,53,5,5,,,,,,,,
Battle_of_Big_Black_River_Bridge,Confederate,5000,5000,1751,1751,,,,,,,,,,,,,,
Battle_of_Big_Black_River_Bridge,US,,,276,276,,,,,,,,,,,,,,
Battle_of_Big_Mound,Native American,1000,1500,9,9,,,,,,,,,,,,,,
Battle_of_Big_Mound,US,2116,2116,,,3,3,4,4,,,,,,,,,,
Battle_of_Blackburn's_Ford,Confederate,5100,5100,68,68,,,,,,,,,,,,,,
Battle_of_Blackburn's_Ford,US,3000,3000,83,83,,,,,,,,,,,,,,
Battle_of_Blair's_Landing,Confederate,,,200,200,,,,,,,,,,,,,,
Battle_of_Blair's_Landing,US,,,7,7,,,,,,,,,,,,,,
Battle_of_Blountville,Confederate,1200,1200,165,165,,,,,,,,,,,,,,
Battle_of_Blountville,US,,,27,27,,,,,,,,,,,,,,
Battle_of_Blue_Springs,Confederate,,,216,216,,,,,,,,,,,,,,
Battle_of_Blue_Springs,US,,,100,100,,,,,,,,,,,,,,
Battle_of_Boonsboro,Confederate,,,,,,,,,,,,,,,,,,
Battle_of_Boonsboro,US,,,,,,,,,,,,,,,,,,
Battle_of_Boonville,Confederate,1500,1500,,,5,5,10,10,,,60,80,,,,,,
Battle_of_Boonville,US,1700,1700,,,5,5,7,7,,,,,,,,,,
Battle_of_Boydton_Plank_Road,Confederate,11691,11691,1300,1300,,,,,,,,,,,,,,
Battle_of_Boydton_Plank_Road,US,30000,30000,1758,1758,,,,,,,,,,,,,,
Battle_of_Brandy_Station,Confederate,9500,9500,523,523,,,,,,,,,,,,,,
Battle_of_Brandy_Station,US,11000,11000,,,69,69,352,352,,,,,,,,,486,486
Battle_of_Brentwood,Confederate,,,6,6,,,,,,,,,,,,,,
Battle_of_Brentwood,US,400,400,305,305,,,,,,,,,,,,,,
Battle_of_Brice's_Crossroads,Confederate,3200,3200,492,492,,,,,,,,,,,,,,
Battle_of_Brice's_Crossroads,US,8500,8500,2610,2610,,,,,,,,,,,,,,
Battle_of_Bristoe_Station,Confederate,17218,17218,1380,1380,,,,,,,,,,,,,,
Battle_of_Bristoe_Station,US,8383,8383,540,540,,,,,,,,,,,,,,
Battle_of_Buck_Head_Creek,Confederate,,,600,600,,,,,,,,,,,,,,
Battle_of_Buck_Head_Creek,US,,,46,46,,,,,,,,,,,,,,
Battle_of_Buckland_Mills,Confederate,,,,,,,,,,,,,,,,,,
Battle_of_Buckland_Mills,US,,,,,,,,,,,,,,,,,,
Battle_of_Buffington_Island,Confederate,1700,1700,,,52,52,100,100,,,750,750,,,,,,
Battle_of_Buffington_Island,US,3000,3000,25,25,,,,,,,,,,,,,,
Battle_of_Bull's_Gap,Confederate,2400,2400,,,,,,,,,,,,,,,,
Battle_of_Bull's_Gap,US,,,241,241,,,,,,,,,,,,,,
Battle_of_Byram's_Ford,Confederate,,,,,,,,,,,,,,,,,,
Battle_of_Byram's_Ford,US,,,,,,,,,,,,,,,,,,
Battle_of_Cabin_Creek,Confederate,1600,1800,,,65,65,,,,,,,,,,,,
Battle_of_Cabin_Creek,US,,,,,3,23,30,30,,,,,,,,,,
Battle_of_Camp_Allegheny,Confederate,,,146,146,,,,,,,,,,,,,,
Battle_of_Camp_Allegheny,US,,,137,137,,,,,,,,,,,,,,
Battle_of_Camp_Wildcat,Confederate,5400,5400,,,,,,,,,,,42,42,,,,
Battle_of_Camp_Wildcat,US,7000,7000,,,4,4,18,18,,,,,,,,,,
Battle_of_Campbell's_Station,Confederate,,,570,570,,,,,,,,,,,,,,
Battle_of_Campbell's_Station,US,,,400,400,,,,,,,,,,,,,,
Battle_of_Cane_Hill,Confederate,2000,2000,45,45,,,,,,,,,,,,,,
Battle_of_Cane_Hill,US,5000,5000,40,40,,,,,,,,,,,,,,
Battle_of_Cape_Girardeau,Confederate,5000,5000,325,325,,,,,,,,,,,,,,
Battle_of_Cape_Girardeau,US,4000,4000,12,12,,,,,,,,,,,,,,
Battle_of_Carnifex_Ferry,Confederate,2000,2000,,,,,30,30,,,,,,,,,,
Battle_of_Carnifex_Ferry,US,5000,5000,,,17,17,141,141,,,,,,,,,,
Battle_of_Carthage_(1861),Confederate,4000,4000,200,200,,,,,,,,,,,,,,
Battle_of_Carthage_(1861),US,1100,1100,44,44,,,,,,,,,,,,,,
Battle_of_Cedar_Creek,Confederate,21102,21102,,,320,320,1540,1540,1050,1050,,,,,,,,
Battle_of_Cedar_Creek,US,31610,31610,,,569,569,3425,3425,1770,1770,,,,,,,,
Battle_of_Cedar_Mountain,Confederate,16868,16868,,,231,231,1107,1107,,,,,,,,,,
Battle_of_Cedar_Mountain,US,8030,8030,,,314,314,1445,1445,594,594,,,,,,,,
Battle_of_Chaffin's_Farm,Confederate,14500,14500,,,250,250,1250,1250,,,,,,,,,500,500
Battle_of_Chaffin's_Farm,US,26600,26600,,,391,391,2317,2317,,,,,,,,,649,649
Battle_of_Chalk_Bluff,Confederate,,,,,30,30,60,60,120,120,,,,,,,,
Battle_of_Chalk_Bluff,US,,,,,23,23,44,44,,,53,53,,,,,,
Battle_of_Champion_Hill,Confederate,22000,22000,,,381,381,1018,1018,,,,,,,,,2441,2441
Battle_of_Champion_Hill,US,32000,32000,,,410,410,1844,1844,187,187,,,,,,,,
Battle_of_Chancellorsville,Confederate,60892,60892,,,1665,1665,9081,9081,,,,,,,,,2018,2018
Battle_of_Chancellorsville,US,133868,133868,,,1606,1606,9672,9672,,,,,,,,,5919,5919
Battle_of_Chantilly,Confederate,20000,20000,800,800,,,,,,,,,,,,,,
Battle_of_Chantilly,US,6000,6000,1300,1300,,,,,,,,,,,,,,
Battle_of_Cheat_Mountain,Confederate,5000,5000,90,90,,,,,,,,,,,,,,
Battle_of_Cheat_Mountain,US,3000,3000,88,88,,,,,,,,,,,,,,
Battle_of_Chester_Station,Confederate,2000,2000,249,249,,,,,,,,,,,,,,
Battle_of_Chester_Station,US,3400,3400,280,280,,,,,,,,,,,,,,
Battle_of_Chickamauga,Confederate,65000,65000,,,2312,2312,14674,14674,,,,,,,,,1468,1468
Battle_of_Chickamauga,US,60000,60000,,,1657,1657,9756,9756,,,,,,,,,4757,4757
Battle_of_Chickasaw_Bayou,Confederate,13792,13792,,,63,63,134,134,10,10,,,,,,,,
Battle_of_Chickasaw_Bayou,US,30720,30720,,,208,208,1005,1005,,,,,,,,,563,563
Battle_of_Chustenahlah,Confederate,1380,1380,,,9,9,40,40,,,,,,,,,,
Battle_of_Chustenahlah,US,1700,1700,250,250,,,,,,,,,,,,,,
Battle_of_Chusto-Talasah,Confederate,1300,1300,,,15,30,37,37,400,400,,,,,,,,
Battle_of_Chusto-Talasah,US,2000,2500,500,500,9,9,,,,,,,,,,,,
Battle_of_Clark's_Mill,Confederate,1000,1000,,,,,,,,,,,,,,,,
Battle_of_Clark's_Mill,US,113,113,113,113,,,,,,,,,,,,,,
Battle_of_Cloyd's_Mountain,Confederate,2400,2400,538,538,,,,,,,,,,,,,,
Battle_of_Cloyd's_Mountain,US,6100,6100,688,688,,,,,,,,,,,,,,
Battle_of_Cockpit_Point,Confederate,50,50,,,,,,,,,,,,,,,,
Battle_of_Cockpit_Point,US,,,,,,,,,,,,,,,,,,
Battle_of_Cold_Harbor,Confederate,59000,59000,,,788,788,3376,3376,,,,,,,,,1123,1123
Battle_of_Cold_Harbor,US,108000,108000,,,1844,1844,9077,9077,,,,,,,,,1816,1816
Battle_of_Collierville,Confederate,2500,2500,95,95,,,,,,,,,,,,,,
Battle_of_Collierville,US,850,850,60,60,,,,,,,,,,,,,,
Battle_of_Columbia,Confederate,35000,35000,,,,,,,,,,,,,,,,
Battle_of_Columbia,US,28000,28000,,,,,,,,,,,,,,,,
Battle_of_Cool_Spring,Confederate,8000,8000,397,397,,,,,,,,,,,,,,
Battle_of_Cool_Spring,US,5000,5000,422,422,,,,,,,,,,,,,,
Battle_of_Corydon,Confederate,1800,1800,,,4,4,10,12,,,,,,,,,,
Battle_of_Corydon,US,400,400,,,11,11,40,40,,,,,,,,,,
Battle_of_Cotton_Plant,Confederate,,,245,245,,,,,,,,,,,,,,
Battle_of_Cotton_Plant,US,,,63,63,,,,,,,,,,,,,,
Battle_of_Cove_Mountain,Confederate,4000,4000,,,,,,,,,,,,,,,,
Battle_of_Cove_Mountain,US,2500,2500,,,,,,,,,,,,,,,,
Battle_of_Cross_Keys,Confederate,5800,5800,287,287,,,,,,,,,,,,,,
Battle_of_Cross_Keys,US,11500,11500,664,664,,,,,,,,,,,,,,
Battle_of_Cumberland_Church,Confederate,4000,4000,255,255,,,,,,,,,,,,,,
Battle_of_Cumberland_Church,US,8600,8600,655,655,,,,,,,,,,,,,,
Battle_of_Cynthiana,Confederate,1200,1200,1000,1000,,,,,,,,,,,,,,
Battle_of_Cynthiana,US,3450,3450,1092,1092,,,,,,,,,,,,,,
Battle_of_Dallas,Confederate,40000,40000,3000,3000,,,,,,,,,,,,,,
Battle_of_Dallas,US,80000,80000,2400,2400,,,,,,,,,,,,,,
Battle_of_Dandridge,Confederate,,,,,,,,,,,,,,,,,,
Battle_of_Dandridge,US,,,150,150,,,,,,,,,,,,,,
Battle_of_Darbytown_Road,Confederate,,,,,,,,,,,,,,,,,,
Battle_of_Darbytown_Road,US,,,,,36,36,358,358,,,43,43,,,,,,
Battle_of_Darbytown_and_New_Market,Confederate,,,700,700,,,,,,,,,,,,,,
Battle_of_Darbytown_and_New_Market,US,,,458,458,,,,,,,,,,,,,,
Battle_of_Davis's_Cross_Roads,Confederate,,,,,,,,,,,,,,,,,,
Battle_of_Davis's_Cross_Roads,US,,,,,,,,,,,,,,,,,,
Battle_of_Day's_Gap,Confederate,,,65,65,,,,,,,,,,,,,,
Battle_of_Day's_Gap,US,1500,1500,23,23,,,,,,,,,,,,,,
Battle_of_Dead_Buffalo_Lake,Native American,1600,1600,15,15,,,,,,,,,,,,,,
Battle_of_Dead_Buffalo_Lake,US,3000,3000,1,1,,,,,,,,,,,,,,
Battle_of_Decatur,Confederate,39000,39000,200,200,,,,,,,,,,,,,,
Battle_of_Decatur,US,3000,5000,155,155,,,,,,,,,,,,,,
Battle_of_Devil's_Backbone,Confederate,1250,1250,47,47,5,5,12,12,,,30,30,,,,,,
Battle_of_Devil's_Backbone,US,700,700,,,2,2,12,12,2,2,,,,,,,,
Battle_of_Dinwiddie_Court_House,Confederate,20030,20030,760,760,,,,,,,,,,,,,,
Battle_of_Dinwiddie_Court_House,US,45247,45247,354,354,,,,,,,,,,,,,,
Battle_of_Dover_(1863),Confederate,2500,2500,670,670,,,,,,,,,,,,,,
Battle_of_Dover_(1863),US,800,800,126,126,,,,,,,,,,,,,,
Battle_of_Dranesville,Confederate,2500,2500,230,230,,,,,,,,,,,,,,
Battle_of_Dranesville,US,5000,5000,71,71,,,,,,,,,,,,,,
Battle_of_Drewry's_Bluff,Confederate,,,15,15,,,,,,,,,,,,,,
Battle_of_Drewry's_Bluff,US,,,,,,,,,,,,,24,24,,,,
Battle_of_Droop_Mountain,Confederate,1200,1200,275,275,,,,,,,,,,,,,,
Battle_of_Droop_Mountain,US,5000,5000,119,119,,,,,,,,,,,,,,
Battle_of_Dry_Wood_Creek,Confederate,,,,,4,4,16,16,,,,,,,,,,
Battle_of_Dry_Wood_Creek,US,600,600,14,14,,,,,,,,,,,,,,
Battle_of_Elkin's_Ferry,Confederate,7500,7500,54,54,,,,,,,,,,,,,,
Battle_of_Elkin's_Ferry,US,8500,8500,38,38,,,,,,,,,,,,,,
Battle_of_Eltham's_Landing,Confederate,11000,11000,48,48,,,,,,,,,,,,,,
Battle_of_Eltham's_Landing,US,11300,11300,194,194,,,,,,,,,,,,,,
Battle_of_Ezra_Church,Confederate,18450,18450,3000,3000,,,,,,,,,,,,,,
Battle_of_Ezra_Church,US,13266,13266,642,642,,,,,,,,,,,,,,
Battle_of_Fair_Garden,Confederate,,,165,165,,,,,,,,,,,,,,
Battle_of_Fair_Garden,US,,,100,100,,,,,,,,,,,,,,
Battle_of_Fair_Oaks_&_Darbytown_Road,Confederate,,,100,100,,,,,,,,,,,,,,
Battle_of_Fair_Oaks_&_Darbytown_Road,US,,,1603,1603,,,,,,,,,,,,,,
Battle_of_Fisher's_Hill,Confederate,9500,9500,1234,1234,,,,,,,,,,,,,,
Battle_of_Fisher's_Hill,US,29444,29444,528,528,,,,,,,,,,,,,,
Battle_of_Five_Forks,Confederate,10600,10600,2950,2950,,,,,,,,,,,,,,
Battle_of_Five_Forks,US,22000,22000,830,830,,,,,,,,,,,,,,
Battle_of_Folck's_Mill,Confederate,,,,,,,,,,,,,,,,,,
Battle_of_Folck's_Mill,US,,,,,,,,,,,,,,,,,,
Battle_of_Fort_Anderson,Confederate,12000,12000,,,,,,,,,,,,,,,,
Battle_of_Fort_Anderson,US,45000,45000,,,,,,,,,,,,,,,,
Battle_of_Fort_Bisland,Confederate,,,450,450,,,,,,,,,,,,,,
Battle_of_Fort_Bisland,US,,,234,234,,,,,,,,,,,,,,
Battle_of_Fort_Blair,Confederate,400,400,3,3,,,,,,,,,,,,,,
Battle_of_Fort_Blair,US,265,265,103,103,,,,,,,,,,,,,,
Battle_of_Fort_Blakely,Confederate,4000,4000,2900,2900,,,,,,,,,,,,,,
Battle_of_Fort_Blakely,US,45000,45000,629,629,,,,,,,,,,,,,,
Battle_of_Fort_Brooke,Confederate,,,,,,,,,,,,,,,,,,
Battle_of_Fort_Brooke,US,,,16,16,,,,,,,,,,,,,,
Battle_of_Fort_Davidson,Confederate,12000,12000,1500,1500,,,,,,,,,,,,,,
Battle_of_Fort_Davidson,US,1500,1500,184,184,,,,,,,,,,,,,,
Battle_of_Fort_De_Russy,Confederate,350,350,,,2,2,5,5,,,317,317,,,,,,
Battle_of_Fort_De_Russy,US,10000,10000,,,,,,,2,2,,,48,48,,,,
Battle_of_Fort_Donelson,Confederate,16171,16171,,,327,327,1127,1127,,,,,,,,,12392,12392
Battle_of_Fort_Donelson,US,24531,24531,,,507,507,1976,1976,,,,,,,,,208,208
Battle_of_Fort_Henry,Confederate,3000,3400,79,79,,,,,,,,,,,,,,
Battle_of_Fort_Henry,US,15000,15000,40,40,,,,,,,,,,,,,,
Battle_of_Fort_Macon,Confederate,450,450,,,8,8,16,16,,,400,400,,,,,,
Battle_of_Fort_Macon,US,3259,3259,,,2,2,5,5,,,8,8,,,,,,
Battle_of_Fort_McAllister_(1863),Confederate,,,6,6,,,,,,,,,,,,,,
Battle_of_Fort_McAllister_(1863),US,,,3,3,,,,,,,,,,,,,,
Battle_of_Fort_McAllister_(1864),Confederate,120,250,71,71,,,,,,,,,,,,,,
Battle_of_Fort_McAllister_(1864),US,4000,4000,134,134,,,,,,,,,,,,,,
Battle_of_Fort_Pillow,Confederate,1200,2500,100,100,14,14,86,86,,,,,,,,,,
Battle_of_Fort_Pillow,US,600,600,574,574,277,297,,,,,,,,,,,,
Battle_of_Fort_Pulaski,Confederate,385,385,,,,,,,,,363,363,22,22,,,,
Battle_of_Fort_Pulaski,US,10000,10000,1,1,,,,,,,,,,,,,,
Battle_of_Fort_Ridgely,Native American,800,1000,,,2,2,5,5,,,,,,,,,,
Battle_of_Fort_Ridgely,US,210,210,,,4,4,14,14,,,,,,,,,,
Battle_of_Fort_Sanders,Confederate,3000,3000,,,129,129,458,458,,,226,226,,,,,,
Battle_of_Fort_Sanders,US,440,440,,,8,8,5,5,,,,,,,,,,
Battle_of_Fort_Stedman,Confederate,10000,10000,,,600,600,2400,2400,,,,,,,,,1000,1000
Battle_of_Fort_Stedman,US,14898,14898,,,72,72,450,450,,,,,,,,,522,522
Battle_of_Fort_Stevens,Confederate,10000,10000,400,500,,,,,,,,,,,,,,
Battle_of_Fort_Stevens,US,9600,9600,373,373,,,,,,,,,,,,,,
Battle_of_Fort_Sumter,Confederate,500,500,,,,,,,,,,,,,,,,
Battle_of_Fort_Sumter,US,85,85,,,,,,,,,85,85,,,,,,
Battle_of_Forts_Jackson_and_St._Philip,Confederate,,,782,782,,,,,,,,,,,,,,
Battle_of_Forts_Jackson_and_St._Philip,US,,,229,229,,,,,,,,,,,,,,
Battle_of_Franklin_(1863),Confederate,,,137,137,,,,,,,,,,,,,,
Battle_of_Franklin_(1863),US,,,100,100,,,,,,,,,,,,,,
Battle_of_Franklin_(1864),Confederate,27000,27000,,,1750,1750,3800,3800,,,,,,,,,702,702
Battle_of_Franklin_(1864),US,27000,27000,,,189,189,1033,1033,,,,,,,,,1104,1104
Battle_of_Fredericksburg,Confederate,72500,72500,,,408,408,3743,3743,,,,,,,,,,
Battle_of_Fredericksburg,US,114000,114000,,,1284,1284,9600,9600,,,,,,,,,1769,1769
Battle_of_Fredericktown,Confederate,,,,,25,25,40,40,,,80,80,,,,,,
Battle_of_Fredericktown,US,2500,3500,,,,,,,,,,,,,,,,
Battle_of_Front_Royal,Confederate,3000,3000,,,,,,,,,,,36,36,,,,
Battle_of_Front_Royal,US,1063,1063,,,,,,,,,691,691,83,83,,,,
Battle_of_Gaines's_Mill,Confederate,57018,57018,,,1483,1483,6402,6402,,,,,,,,,108,108
Battle_of_Gaines's_Mill,US,34214,34214,,,894,894,3107,3107,,,,,,,,,2836,2836
Battle_of_Galveston,Confederate,,,,,26,26,117,117,,,,,,,,,,
Battle_of_Galveston,US,,,,,,,,,,,400,400,,,,,,
Battle_of_Galveston_Harbor_(1862),Confederate,,,,,,,,,,,,,,,,,,
Battle_of_Galveston_Harbor_(1862),US,,,,,,,,,,,,,,,,,,
Battle_of_Garnett's_&_Golding's_Farm,Confederate,,,438,438,,,,,,,,,,,,,,
Battle_of_Garnett's_&_Golding's_Farm,US,,,189,189,,,,,,,,,,,,,,
Battle_of_Georgia_Landing,Confederate,1392,1392,229,229,,,,,,,,,,,,,,
Battle_of_Georgia_Landing,US,4000,4000,86,86,,,,,,,,,,,,,,
Battle_of_Gettysburg,Confederate,71699,71699,,,4708,4708,12693,12693,,,,,,,,,5830,5830
Battle_of_Gettysburg,US,93921,93921,,,3155,3155,14531,14531,,,,,,,,,5369,5369
Battle_of_Glasgow,Confederate,1500,1800,50,50,,,,,,,,,,,,,,
Battle_of_Glasgow,US,800,800,400,400,,,,,,,,,,,,,,
Battle_of_Glendale,Confederate,45000,45000,,,638,638,2814,2814,221,221,,,,,,,,
Battle_of_Glendale,US,40000,40000,,,297,297,1696,1696,,,,,,,,,1804,1804
Battle_of_Globe_Tavern,Confederate,14000,15000,,,211,211,990,990,,,,,,,,,419,419
Battle_of_Globe_Tavern,US,20000,20000,,,251,251,1148,1148,,,,,,,,,2897,2897
Battle_of_Glorieta_Pass,Confederate,1100,1100,,,50,50,80,80,,,92,92,,,,,,
Battle_of_Glorieta_Pass,US,1300,1300,,,51,51,78,78,3,3,15,15,,,,,,
Battle_of_Goldsboro_Bridge,Confederate,,,,,,,,,,,,,,,,,,
Battle_of_Goldsboro_Bridge,US,,,,,,,,,,,,,,,,,,
Battle_of_Goodrich's_Landing,Confederate,,,,,,,,,,,,,,,,,,
Battle_of_Goodrich's_Landing,US,,,120,120,,,,,,,,,,,,,,
Battle_of_Grand_Gulf,Confederate,,,,,3,3,19,19,,,,,,,,,,
Battle_of_Grand_Gulf,US,350,750,,,18,18,57,57,,,,,,,,,,
Battle_of_Greenbrier_River,Confederate,1800,1800,,,6,6,33,33,,,,,,,,,,
Battle_of_Greenbrier_River,US,5000,5000,,,8,8,35,35,,,,,,,,,,
Battle_of_Grimball's_Landing,Confederate,3000,3000,,,3,3,12,12,3,3,,,,,,,,
Battle_of_Grimball's_Landing,US,3800,3800,,,30,30,,,,,14,14,,,,,,
Battle_of_Griswoldville,Confederate,4500,4500,,,51,51,472,472,,,600,600,,,,,,
Battle_of_Griswoldville,US,1500,1500,,,13,13,79,79,,,2,2,,,,,,
Battle_of_Guard_Hill,Confederate,,,480,480,,,,,,,,,,,,,,
Battle_of_Guard_Hill,US,,,71,71,,,,,,,,,,,,,,
Battle_of_Hampton_Roads,Confederate,,,,,76,76,17,17,,,,,,,,,,
Battle_of_Hampton_Roads,US,,,,,261,261,108,108,,,,,,,,,,
Battle_of_Hancock,Confederate,,,,,,,,,,,,,,,,,,
Battle_of_Hancock,US,,,,,,,,,,,,,,,,,,
Battle_of_Hanover,Confederate,6000,6000,117,117,,,,,,,,,,,,,,
Battle_of_Hanover,US,5000,5000,215,215,,,,,,,,,,,,,,
Battle_of_Hanover_Court_House,Confederate,4000,4000,930,930,,,,,,,,,,,,,,
Battle_of_Hanover_Court_House,US,12000,12000,355,397,,,,,,,,,,,,,,
Battle_of_Harpers_Ferry,Confederate,21000,26000,,,39,39,247,247,,,,,,,,,,
Battle_of_Harpers_Ferry,US,14000,14000,,,44,44,173,173,,,12419,12419,,,,,,
Battle_of_Hartsville,Confederate,1300,1300,139,139,,,,,,,,,,,,,,
Battle_of_Hartsville,US,2400,2400,2096,2096,,,,,,,,,,,,,,
Battle_of_Hartville,Confederate,,,,,12,12,96,96,,,,,,,,,3,3
Battle_of_Hartville,US,750,750,,,7,7,64,64,,,,,,,,,7,7
Battle_of_Hatcher's_Run,Confederate,13835,13835,1161,1161,,,,,,,,,,,,,,
Battle_of_Hatcher's_Run,US,34517,34517,,,171,171,1181,1181,,,187,187,,,,,,
Battle_of_Hatchie's_Bridge,Confederate,,,400,400,,,,,,,,,,,,,,
Battle_of_Hatchie's_Bridge,US,,,500,500,,,,,,,,,,,,,,
Battle_of_Hatteras_Inlet_Batteries,Confederate,900,900,,,4,4,20,20,,,691,691,,,,,,
Battle_of_Hatteras_Inlet_Batteries,US,935,935,,,1,1,2,2,,,,,,,,,,
Battle_of_Haw's_Shop,Confederate,4500,4500,378,378,,,,,,,,,,,,,,
Battle_of_Haw's_Shop,US,4000,4000,365,365,,,,,,,,,,,,,,
Battle_of_Helena,Confederate,7646,7646,,,169,169,659,659,786,786,,,,,,,,
Battle_of_Helena,US,4129,4129,,,57,57,146,146,36,36,,,,,,,,
Battle_of_High_Bridge,Confederate,1200,1200,100,100,,,,,,,,,,,,,,
Battle_of_High_Bridge,US,880,880,,,,,,,,,800,800,47,47,,,,
Battle_of_Hoke's_Run,Confederate,4000,4000,91,91,,,,,,,,,,,,,,
Battle_of_Hoke's_Run,US,8000,8000,23,23,,,,,,,,,,,,,,
Battle_of_Honey_Hill,Confederate,1400,1400,,,8,8,39,39,,,,,,,,,,
Battle_of_Honey_Hill,US,5000,5000,,,89,89,629,629,,,28,28,,,,,,
Battle_of_Honey_Springs,Confederate,3000,3000,637,637,,,,,,,,,,,,,,
Battle_of_Honey_Springs,US,3000,3000,79,79,,,,,,,,,,,,,,
Battle_of_Hoover's_Gap,Confederate,,,,,,,,,,,,,,,,,,
Battle_of_Hoover's_Gap,US,,,583,583,,,,,,,,,,,,,,
Battle_of_Irish_Bend,Confederate,,,,,,,,,,,,,,,,,,
Battle_of_Irish_Bend,US,,,353,353,,,,,,,,,,,,,,
Battle_of_Island_Number_Ten,Confederate,7030,7030,,,,,,,,,7000,7000,30,30,,,,
Battle_of_Island_Number_Ten,US,23000,23000,,,23,23,50,50,5,5,,,,,,,,
Battle_of_Iuka,Confederate,3179,3179,,,263,263,692,692,,,,,,,,,561,561
Battle_of_Iuka,US,4500,4500,,,144,144,598,598,,,,,,,,,40,40
"Battle_of_Jackson,_Mississippi",Confederate,6000,6000,850,850,,,,,,,,,,,,,,
"Battle_of_Jackson,_Mississippi",US,,,286,286,,,,,,,,,,,,,,
"Battle_of_Jackson,_Tennessee",Confederate,400,400,,,,,,,,,,,,,,,,
"Battle_of_Jackson,_Tennessee",US,,,6,6,,,,,,,,,,,,,,
Battle_of_James_Island,Confederate,2000,2000,204,204,,,,,,,,,,,,,,
Battle_of_James_Island,US,6600,6600,685,685,,,,,,,,,,,,,,
Battle_of_Jenkins'_Ferry,Confederate,10000,10000,1000,1000,,,,,,,,,,,,,,
Battle_of_Jenkins'_Ferry,US,12000,12000,700,700,,,,,,,,,,,,,,
Battle_of_Jerusalem_Plank_Road,Confederate,8000,8000,572,572,,,,,,,,,,,,,,
Battle_of_Jerusalem_Plank_Road,US,27000,27000,2962,2962,,,,,,,,,,,,,,
Battle_of_Johnsonville,Confederate,,,,,2,2,9,9,,,,,,,,,,
Battle_of_Johnsonville,US,4000,4000,,,,,,,,,150,150,,,,,,
Battle_of_Jonesborough,Confederate,,,2000,2700,,,,,,,,,,,,,,
Battle_of_Jonesborough,US,,,1149,1149,,,,,,,,,,,,,,
Battle_of_Kelly's_Ford,Confederate,800,800,,,11,11,88,88,,,34,34,,,,,,
Battle_of_Kelly's_Ford,US,2100,2100,,,6,6,50,50,22,22,,,,,,,,
Battle_of_Kennesaw_Mountain,Confederate,17733,17733,1000,1000,,,,,,,,,,,,,,
Battle_of_Kennesaw_Mountain,US,16225,16225,3000,3000,,,,,,,,,,,,,,
Battle_of_Kessler's_Cross_Lanes,Confederate,2000,2000,40,40,,,,,,,,,,,,,,
Battle_of_Kessler's_Cross_Lanes,US,1000,1000,,,15,15,20,20,,,38,38,,,,,,
Battle_of_Killdeer_Mountain,Native American,1600,1600,,,31,150,,,,,,,,,,,,
Battle_of_Killdeer_Mountain,US,2200,2200,,,5,5,10,10,,,,,,,,,,
Battle_of_Kinston,Confederate,4000,4000,525,525,,,,,,,,,,,,,,
Battle_of_Kinston,US,10000,10000,260,260,,,,,,,,,,,,,,
Battle_of_Kirksville,Confederate,2500,2500,368,368,,,,,,,,,,,,,,
Battle_of_Kirksville,US,1000,1000,88,88,,,,,,,,,,,,,,
Battle_of_Kock's_Plantation,Confederate,,,33,33,,,,,,,,,,,,,,
Battle_of_Kock's_Plantation,US,,,430,430,,,,,,,,,,,,,,
Battle_of_Kolb's_Farm,Confederate,,,1500,1500,,,,,,,,,,,,,,
Battle_of_Kolb's_Farm,US,,,250,250,,,,,,,,,,,,,,
Battle_of_LaFourche_Crossing,Confederate,,,219,219,,,,,,,,,,,,,,
Battle_of_LaFourche_Crossing,US,838,838,48,48,,,,,,,,,,,,,,
Battle_of_Lewis's_Farm,Confederate,8000,8000,371,371,,,,,,,,,,,,,,
Battle_of_Lewis's_Farm,US,17000,17000,381,381,,,,,,,,,,,,,,
Battle_of_Liberty,Confederate,3500,3500,70,70,,,,,,,,,,,,,,
Battle_of_Liberty,US,600,600,56,56,,,,,,,,,,,,,,
Battle_of_Little_Blue_River,Confederate,8500,8500,,,,,,,,,,,,,,,,
Battle_of_Little_Blue_River,US,2000,2000,,,,,,,,,,,,,,,,
Battle_of_Lone_Jack,Confederate,1500,3000,110,110,,,,,,,,,,,,,,
Battle_of_Lone_Jack,US,800,800,160,160,,,,,,,,,,,,,,
Battle_of_Lovejoy's_Station,Confederate,,,240,240,,,,,,,,,,,,,,
Battle_of_Lovejoy's_Station,US,,,237,237,,,,,,,,,,,,,,
Battle_of_Lynchburg,Confederate,14000,14000,,,6,6,95,95,,,,,,,,,,
Battle_of_Lynchburg,US,16643,16643,800,800,,,,,,,,,,,,,,
Battle_of_Malvern_Hill,Confederate,55000,55000,5650,5650,,,,,,,,,,,,,,
Battle_of_Malvern_Hill,US,54000,54000,2100,2100,,,,,,,,,,,,,,
Battle_of_Manassas_Gap,Confederate,,,,,,,,,,,,,,,,,,
Battle_of_Manassas_Gap,US,,,,,,,,,,,,,,,,,,
Battle_of_Mansfield,Confederate,14000,14000,,,,,,,,,,,1000,1000,,,,
Battle_of_Mansfield,US,12000,12000,,,,,,,,,,,694,694,,,1423,1423
Battle_of_Mansura,Confederate,,,,,,,,,,,,,,,,,,
Battle_of_Mansura,US,,,,,,,,,,,,,,,,,,
Battle_of_Marais_des_Cygnes,Confederate,7000,7000,,,,,,,,,,,,,,,,
Battle_of_Marais_des_Cygnes,US,2600,2600,,,,,,,,,,,,,,,,
Battle_of_Marietta,Confederate,,,,,,,,,,,,,,,,,,
Battle_of_Marietta,US,,,,,,,,,,,,,,,,,,
Battle_of_Marion,Confederate,1200,1500,,,91,91,29,29,,,,,,,,,,
Battle_of_Marion,US,4200,5500,,,89,89,55,55,,,,,,,,,,
Battle_of_Marks'_Mills,Confederate,,,293,293,,,,,,,,,,,,,,
Battle_of_Marks'_Mills,US,,,1500,1500,,,,,,,,,,,,,,
Battle_of_Marmiton_River,Confederate,,,,,,,,,,,,,,,,,,
Battle_of_Marmiton_River,US,,,,,,,,,,,,,,,,,,
Battle_of_McDowell,Confederate,6000,6000,,,116,116,300,300,4,4,,,,,,,,
Battle_of_McDowell,US,6500,6500,,,34,34,220,220,5,5,,,,,,,,
Battle_of_Memphis,Confederate,,,180,180,,,,,,,,,,,,,,
Battle_of_Memphis,US,,,1,1,,,,,,,,,,,,,,
Battle_of_Meridian,Confederate,,,,,,,,,,,,,,,,,,
Battle_of_Meridian,US,26847,26847,170,170,,,,,,,,,,,,,,
Battle_of_Middle_Boggy_Depot,Confederate,90,90,,,49,49,,,,,,,,,,,,
Battle_of_Middle_Boggy_Depot,US,350,350,,,,,,,,,,,,,,,,
Battle_of_Middle_Creek,Confederate,2500,2500,65,65,,,,,,,,,,,,,,
Battle_of_Middle_Creek,US,2100,2100,27,27,,,,,,,,,,,,,,
Battle_of_Middleburg,Confederate,,,40,40,,,,,,,,,,,,,,
Battle_of_Middleburg,US,,,349,349,,,,,,,,,,,,,,
Battle_of_Mill_Springs,Confederate,5900,5900,,,125,125,,,,,,,,,404,404,,
Battle_of_Mill_Springs,US,4400,4400,,,39,39,207,207,,,,,,,,,,
Battle_of_Milliken's_Bend,Confederate,,,185,185,,,,,,,,,,,,,,
Battle_of_Milliken's_Bend,US,,,652,652,,,,,,,,,,,,,,
Battle_of_Mine_Creek,Confederate,7000,7000,1200,1200,,,,,,,,,,,,,,
Battle_of_Mine_Creek,US,2600,2600,100,100,,,,,,,,,,,,,,
Battle_of_Mine_Run,Confederate,48000,48000,680,680,,,,,,,,,,,,,,
Battle_of_Mine_Run,US,81000,81000,1272,1272,,,,,,,,,,,,,,
Battle_of_Mobile_Bay,Confederate,1500,1500,,,13,13,22,22,,,1587,1587,,,,,,
Battle_of_Mobile_Bay,US,5500,5500,,,151,151,177,177,,,,,,,,,,
Battle_of_Monett's_Ferry,Confederate,,,400,400,,,,,,,,,,,,,,
Battle_of_Monett's_Ferry,US,,,200,200,,,,,,,,,,,,,,
Battle_of_Monocacy,Confederate,14000,14000,700,900,,,,,,,,,,,,,,
Battle_of_Monocacy,US,5800,5800,1294,1294,,,,,,,,,,,,,,
Battle_of_Monroe's_Crossroads,Confederate,3000,3000,86,86,,,,,,,,,,,,,,
Battle_of_Monroe's_Crossroads,US,1850,1850,183,183,,,,,,,,,,,,,,
Battle_of_Moorefield,Confederate,3000,3000,488,488,,,,,,,,,,,,,,
Battle_of_Moorefield,US,1760,1760,42,42,,,,,,,,,,,,,,
Battle_of_Morton's_Ford,Confederate,,,60,60,,,,,,,,,,,,,,
Battle_of_Morton's_Ford,US,,,262,262,,,,,,,,,,,,,,
Battle_of_Mossy_Creek,Confederate,2000,2000,,,,,,,,,,,,,,,,
Battle_of_Mossy_Creek,US,,,151,151,,,,,,,,,,,,,,
Battle_of_Mount_Zion_Church,Confederate,900,900,,,25,25,150,150,,,60,60,,,,,,
Battle_of_Mount_Zion_Church,US,440,440,,,3,3,63,63,,,4,4,,,,,,
Battle_of_Munfordville,Confederate,,,714,714,,,,,,,,,,,,,,
Battle_of_Munfordville,US,,,4148,4148,,,,,,,,,,,,,,
Battle_of_Namozine_Church,Confederate,700,700,,,,,15,15,,,350,350,,,,,,
Battle_of_Namozine_Church,US,1000,1000,,,,,,,,,,,95,95,,,,
Battle_of_Nashville,Confederate,30000,30000,,,,,,,,,,,1500,1500,,,4500,4500
Battle_of_Nashville,US,55000,55000,,,387,387,2558,2558,,,,,,,,,112,112
Battle_of_Natural_Bridge,Confederate,1000,1000,,,3,3,23,23,,,,,,,,,,
Battle_of_Natural_Bridge,US,,,,,21,21,89,89,,,38,38,,,,,,
Battle_of_New_Bern,Confederate,,,,,64,64,101,101,,,,,,,,,413,413
Battle_of_New_Bern,US,,,,,90,90,380,380,1,1,,,,,,,,
Battle_of_New_Hope_Church,Confederate,,,350,350,,,,,,,,,,,,,,
Battle_of_New_Hope_Church,US,,,1665,1665,,,,,,,,,,,,,,
Battle_of_New_Market,Confederate,4087,4087,531,531,,,,,,,,,,,,,,
Battle_of_New_Market,US,6275,6275,841,841,,,,,,,,,,,,,,
Battle_of_North_Anna,Confederate,53000,53000,,,124,124,704,704,,,,,,,,,724,724
Battle_of_North_Anna,US,68000,68000,2623,2623,,,,,,,,,,,,,,
Battle_of_Oak_Grove,Confederate,,,,,66,66,362,362,13,13,,,,,,,,
Battle_of_Oak_Grove,US,,,,,68,68,503,503,55,55,,,,,,,,
Battle_of_Okolona,Confederate,2500,2500,50,50,,,,,,,,,,,,,,
Battle_of_Okolona,US,7000,7000,100,100,,,,,,,,,,,,,,
Battle_of_Old_Church,Confederate,2000,2000,188,188,,,,,,,,,,,,,,
Battle_of_Old_Church,US,,,90,90,,,,,,,,,,,,,,
Battle_of_Old_Fort_Wayne,Confederate,,,150,150,,,,,,,,,,,,,,
Battle_of_Old_Fort_Wayne,US,,,14,14,,,,,,,,,,,,,,
Battle_of_Old_River_Lake,Confederate,,,100,100,,,,,,,,,,,,,,
Battle_of_Old_River_Lake,US,,,180,180,,,,,,,,,,,,,,
Battle_of_Olustee,Confederate,5000,5000,946,946,,,,,,,,,,,,,,
Battle_of_Olustee,US,5500,5500,1861,1861,,,,,,,,,,,,,,
Battle_of_Opequon,Confederate,12000,12000,3610,3610,,,,,,,,,,,,,,
Battle_of_Opequon,US,40000,40000,5020,5020,,,,,,,,,,,,,,
Battle_of_Paducah,Confederate,3000,3000,50,50,,,,,,,,,,,,,,
Battle_of_Paducah,US,650,650,90,90,,,,,,,,,,,,,,
Battle_of_Palmito_Ranch,Confederate,300,300,,,,,5,6,,,3,3,,,,,,
Battle_of_Palmito_Ranch,US,500,500,,,4,30,12,12,,,101,101,,,,,,
Battle_of_Parker's_Cross_Roads,Confederate,1800,1800,500,500,,,,,,,,,,,,,,
Battle_of_Parker's_Cross_Roads,US,3000,3000,237,237,,,,,,,,,,,,,,
Battle_of_Pea_Ridge,Confederate,16000,16000,2000,2000,,,,,,,,,,,,,,
Battle_of_Pea_Ridge,US,10500,10500,1384,1384,,,,,,,,,,,,,,
Battle_of_Peachtree_Creek,Confederate,20250,20250,2500,2500,,,,,,,,,,,,,,
Battle_of_Peachtree_Creek,US,21655,21655,1900,1900,,,,,,,,,,,,,,
Battle_of_Peebles'_Farm,Confederate,10000,10000,1239,1239,,,,,,,,,,,,,,
Battle_of_Peebles'_Farm,US,29800,29800,2889,2889,,,,,,,,,,,,,,
Battle_of_Perryville,Confederate,16000,16000,,,532,532,2641,2641,,,,,,,,,228,228
Battle_of_Perryville,US,22000,22000,,,894,894,2911,2911,,,,,,,,,471,471
Battle_of_Philippi_(West_Virginia),Confederate,800,800,26,26,,,,,,,,,,,,,,
Battle_of_Philippi_(West_Virginia),US,3000,3000,4,4,,,,,,,,,,,,,,
Battle_of_Pickett's_Mill,Confederate,,,500,500,,,,,,,,,,,,,,
Battle_of_Pickett's_Mill,US,14000,14000,1600,1600,,,,,,,,,,,,,,
Battle_of_Piedmont,Confederate,5500,5500,,,,,,,,,1000,1000,500,500,,,,
Battle_of_Piedmont,US,8500,8500,875,875,,,,,,,,,,,,,,
Battle_of_Pine_Bluff,Confederate,2000,2000,40,40,,,,,,,,,,,,,,
Battle_of_Pine_Bluff,US,850,850,56,56,,,,,,,,,,,,,,
Battle_of_Plains_Store,Confederate,600,600,100,100,,,,,,,,,,,,,,
Battle_of_Plains_Store,US,,,150,150,,,,,,,,,,,,,,
Battle_of_Pleasant_Hill,Confederate,12100,12100,,,,,,,,,426,426,1200,1200,,,,
Battle_of_Pleasant_Hill,US,12000,12000,,,150,150,844,844,375,375,,,,,,,,
Battle_of_Plymouth_(1864),Confederate,4500,4500,800,800,,,,,,,,,,,,,,
Battle_of_Plymouth_(1864),US,2500,2500,2000,2000,,,,,,,,,,,,,,
Battle_of_Poison_Spring,Confederate,,,114,114,,,,,,,,,,,,,,
Battle_of_Poison_Spring,US,1100,1100,301,301,,,,,,,,,,,,,,
Battle_of_Port_Gibson,Confederate,,,787,787,,,,,,,,,,,,,,
Battle_of_Port_Gibson,US,,,861,861,,,,,,,,,,,,,,
Battle_of_Port_Republic,Confederate,6000,6000,816,816,,,,,,,,,,,,,,
Battle_of_Port_Republic,US,3500,3500,1002,1002,,,,,,,,,,,,,,
Battle_of_Port_Walthall_Junction,Confederate,2600,2600,,,,,,,,,,,,,,,,
Battle_of_Port_Walthall_Junction,US,8000,8000,,,,,,,,,,,,,,,,
Battle_of_Prairie_D'Ane,Confederate,,,,,,,,,,,,,,,,,,
Battle_of_Prairie_D'Ane,US,,,,,,,,,,,,,,,,,,
Battle_of_Prairie_Grove,Confederate,11059,11059,1317,1317,,,,,,,,,,,,,,
Battle_of_Prairie_Grove,US,9216,9216,1251,1251,,,,,,,,,,,,,,
Battle_of_Princeton_Court_House,Confederate,,,16,16,4,4,12,12,,,,,,,,,,
Battle_of_Princeton_Court_House,US,,,,,23,23,69,69,21,21,,,,,,,,
Battle_of_Proctor's_Creek,Confederate,18000,18000,,,,,,,,,,,,,,,,
Battle_of_Proctor's_Creek,US,30000,30000,,,,,,,,,,,,,,,,
Battle_of_Raymond,Confederate,4400,4400,,,100,100,305,305,,,415,415,,,,,,
Battle_of_Raymond,US,12000,12000,,,68,68,341,341,37,37,,,,,,,,
Battle_of_Resaca,Confederate,60000,60000,2800,2800,,,,,,,,,,,,,,
Battle_of_Resaca,US,98787,98787,4000,5000,,,,,,,,,,,,,,
Battle_of_Rice's_Station,Confederate,6800,6800,,,,,,,,,,,,,,,,
Battle_of_Rice's_Station,US,7500,7500,,,,,,,,,,,,,,,,
Battle_of_Rich_Mountain,Confederate,,,300,300,,,,,,,,,,,,,,
Battle_of_Rich_Mountain,US,,,46,46,,,,,,,,,,,,,,
Battle_of_Richmond,Confederate,6850,6850,,,78,78,372,372,1,1,,,,,,,,
Battle_of_Richmond,US,6500,6500,,,206,206,844,844,,,,,,,,,4303,4303
Battle_of_Ringgold_Gap,Confederate,4200,4200,,,20,20,201,201,,,,,,,,,,
Battle_of_Ringgold_Gap,US,16000,16000,509,509,,,,,,,,,,,,,,
Battle_of_Rivers'_Bridge,Confederate,1200,1200,,,8,8,44,44,,,,,,,,,45,45
Battle_of_Rivers'_Bridge,US,5000,5000,,,18,18,106,106,,,,,,,,,,
Battle_of_Roan's_Tan_Yard,Confederate,800,800,,,40,40,80,80,,,25,25,,,,,,
Battle_of_Roan's_Tan_Yard,US,450,450,,,6,6,19,19,,,,,,,,,,
Battle_of_Roanoke_Island,Confederate,3000,3000,,,23,23,58,58,62,62,2500,2500,,,,,,
Battle_of_Roanoke_Island,US,10000,10000,,,37,37,214,214,13,13,,,,,,,,
Battle_of_Rocky_Face_Ridge,Confederate,,,600,600,,,,,,,,,,,,,,
Battle_of_Rocky_Face_Ridge,US,,,837,837,,,,,,,,,,,,,,
Battle_of_Round_Mountain,Confederate,1400,1400,,,6,6,4,4,1,1,,,,,,,,
Battle_of_Round_Mountain,US,,,110,110,,,,,,,,,,,,,,
Battle_of_Rowlett's_Station,Confederate,1350,1350,91,91,,,,,,,,,,,,,,
Battle_of_Rowlett's_Station,US,500,500,49,49,,,,,,,,,,,,,,
Battle_of_Rutherford's_Farm,Confederate,3300,3300,,,,,,,,,250,250,200,200,,,,
Battle_of_Rutherford's_Farm,US,2350,2350,,,36,36,184,184,,,,,,,,,,
Battle_of_Sailor's_Creek,Confederate,18500,18500,,,,,,,,,7700,7700,,,,,,
Battle_of_Sailor's_Creek,US,25000,26000,1148,1148,,,,,,,,,,,,,,
Battle_of_Saint_Charles,Confederate,,,26,26,,,,,,,,,,,,,,
Battle_of_Saint_Charles,US,,,177,177,,,,,,,,,,,,,,
Battle_of_Saint_John's_Bluff,Confederate,,,,,,,,,,,,,,,,,,
Battle_of_Saint_John's_Bluff,US,1573,1573,,,,,,,,,,,,,,,,
Battle_of_Saint_Mary's_Church,Confederate,4000,4000,250,250,,,,,,,,,,,,,,
Battle_of_Saint_Mary's_Church,US,2147,2147,350,350,,,,,,,,,,,,,,
Battle_of_Salem_Church,Confederate,10000,10000,4935,4935,,,,,,,,,,,,,,
Battle_of_Salem_Church,US,23000,23000,4611,4611,,,,,,,,,,,,,,
Battle_of_Salineville,Confederate,400,400,364,364,,,,,,,,,,,,,,
Battle_of_Salineville,US,2600,2600,,,,,,,,,,,,,,,,
Battle_of_Saltville_I,Confederate,300,300,,,,,,,,,,,,,,,,
Battle_of_Saltville_I,US,5000,5000,,,,,,,,,,,,,,,,
Battle_of_Saltville_II,Confederate,2800,2800,,,,,,,,,,,,,,,,
Battle_of_Saltville_II,US,4500,4500,,,,,,,,,,,,,,,,
Battle_of_Santa_Rosa_Island,Confederate,1200,1200,87,87,30,40,,,,,,,,,,,,
Battle_of_Santa_Rosa_Island,US,600,600,,,14,14,29,29,,,,,,,,,24,24
Battle_of_Sappony_Church,Confederate,5000,5000,,,,,,,,,,,,,,,,
Battle_of_Sappony_Church,US,4000,4000,,,,,,,,,,,,,,,,
Battle_of_Savage's_Station,Confederate,14000,14000,473,473,,,,,,,,,,,,,,
Battle_of_Savage's_Station,US,26600,26600,1038,1038,,,,,,,,,,,,,,
Battle_of_Selma,Confederate,4000,4000,2700,2700,,,,,,,,,,,,,,
Battle_of_Selma,US,9000,9000,359,359,,,,,,,,,,,,,,
Battle_of_Seven_Pines,Confederate,39000,39000,,,980,980,4749,4749,,,,,,,,,405,405
Battle_of_Seven_Pines,US,34000,34000,,,790,790,3594,3594,,,,,,,,,647,647
Battle_of_Sewell's_Point,Confederate,,,,,,,,,,,,,,,,,,
Battle_of_Sewell's_Point,US,,,,,,,,,,,,,,,,,,
Battle_of_Shepherdstown,Confederate,,,291,291,,,,,,,,,,,,,,
Battle_of_Shepherdstown,US,,,363,363,,,,,,,,,,,,,,
Battle_of_Shiloh,Confederate,44699,44699,,,1728,1728,8012,8012,,,,,,,,,959,959
Battle_of_Shiloh,US,66812,66812,,,1754,1754,8408,8408,,,,,,,,,2885,2885
Battle_of_Simmon's_Bluff,Confederate,,,,,,,,,,,,,,,,,,
Battle_of_Simmon's_Bluff,US,,,,,,,,,,,,,,,,,,
Battle_of_Smithfield_Crossing,Confederate,,,,,,,,,,,,,,,,,,
Battle_of_Smithfield_Crossing,US,,,,,,,,,,,,,,,,,,
Battle_of_Snyder's_Bluff,Confederate,,,,,,,,,,,,,,,,,,
Battle_of_Snyder's_Bluff,US,,,,,,,,,,,,,,,,,,
Battle_of_South_Mills,Confederate,1000,1000,25,25,,,,,,,,,,,,,,
Battle_of_South_Mills,US,3000,3000,114,114,,,,,,,,,,,,,,
Battle_of_South_Mountain,Confederate,18000,18000,,,325,325,1560,1560,800,800,,,,,,,,
Battle_of_South_Mountain,US,28000,28000,,,443,443,1807,1807,75,75,,,,,,,,
Battle_of_Spanish_Fort,Confederate,,,744,744,,,,,,,,,,,,,,
Battle_of_Spanish_Fort,US,,,657,657,,,,,,,,,,,,,,
Battle_of_Spotsylvania_Court_House,Confederate,52000,52000,,,1515,1515,5414,5414,,,,,,,,,5758,5758
Battle_of_Spotsylvania_Court_House,US,100000,100000,,,2725,2725,13416,13416,,,,,,,,,2258,2258
Battle_of_Spring_Hill,Confederate,12000,12000,500,500,,,,,,,,,,,,,,
Battle_of_Spring_Hill,US,7000,7000,350,350,,,,,,,,,,,,,,
Battle_of_Staunton_River_Bridge,Confederate,4100,4100,,,10,10,24,24,,,,,,,,,,
Battle_of_Staunton_River_Bridge,US,5000,5000,,,42,42,44,44,,,,,,,,,30,30
Battle_of_Stirling's_Plantation,Confederate,3000,3000,,,26,26,85,85,10,10,,,,,,,,
Battle_of_Stirling's_Plantation,US,650,650,,,16,16,45,45,,,454,454,,,,,,
Battle_of_Stones_River,Confederate,35000,35000,,,1294,1294,7945,7945,,,,,,,,,2500,2500
Battle_of_Stones_River,US,41400,41400,,,1677,1677,7543,7543,,,,,,,,,3686,3686
Battle_of_Stony_Lake,Native American,1600,2500,3,3,,,,,,,,,,,,,,
Battle_of_Stony_Lake,US,2056,2056,2,2,,,,,,,,,,,,,,
Battle_of_Sutherland's_Station,Confederate,3000,3000,600,600,,,,,,,,,,,,,,
Battle_of_Sutherland's_Station,US,1500,1500,370,370,,,,,,,,,,,,,,
Battle_of_Swift_Creek,Confederate,4200,4200,,,,,,,,,,,,,,,,
Battle_of_Swift_Creek,US,14000,14000,,,,,,,,,,,,,,,,
Battle_of_Tampa,Confederate,,,,,,,,,,,,,,,,,,
Battle_of_Tampa,US,,,,,,,,,,,,,,,,,,
Battle_of_Thompson's_Station,Confederate,,,300,300,,,,,,,,,,,,,,
Battle_of_Thompson's_Station,US,,,1096,1096,,,,,,,,,,,,,,
Battle_of_Thoroughfare_Gap,Confederate,28000,28000,,,,,,,,,,,,,,,,
Battle_of_Thoroughfare_Gap,US,5000,5000,,,,,,,,,,,,,,,,
Battle_of_Tom's_Brook,Confederate,3500,3500,350,350,,,,,,,,,,,,,,
Battle_of_Tom's_Brook,US,6300,6300,57,57,,,,,,,,,,,,,,
Battle_of_Totopotomoy_Creek,Confederate,,,,,263,263,961,961,,,,,,,,,369,369
Battle_of_Totopotomoy_Creek,US,,,,,,,,,,,52,52,679,679,,,,
Battle_of_Tranter's_Creek,Confederate,,,,,,,,,,,,,,,,,,
Battle_of_Tranter's_Creek,US,,,,,,,,,,,,,,,,,,
Battle_of_Trevilian_Station,Confederate,6762,6762,813,813,,,,,,,,,,,,,,
Battle_of_Trevilian_Station,US,9286,9286,,,95,95,445,445,,,,,,,,,410,410
Battle_of_Tupelo,Confederate,8000,8000,1300,1300,,,,,,,,,,,,,,
Battle_of_Tupelo,US,14000,14000,648,648,,,,,,,,,,,,,,
Battle_of_Upperville,Confederate,,,,,,,,,,,,,,,,,,
Battle_of_Upperville,US,,,,,,,,,,,,,,,,,,
Battle_of_Utoy_Creek,Confederate,,,35,35,,,,,,,,,,,,,,
Battle_of_Utoy_Creek,US,,,850,850,,,,,,,,,,,,,,
Battle_of_Valverde,Confederate,2590,2590,,,36,36,150,150,1,1,,,,,,,,
Battle_of_Valverde,US,3000,3000,,,68,68,160,160,204,204,,,,,,,,
Battle_of_Vaught's_Hill,Confederate,3500,3500,373,373,,,,,,,,,,,,,,
Battle_of_Vaught's_Hill,US,1300,1300,62,62,,,,,,,,,,,,,,
Battle_of_Vermillion_Bayou,Confederate,,,,,,,,,,,,,,,,,,
Battle_of_Vermillion_Bayou,US,,,,,,,,,,,,,,,,,,
Battle_of_Walkerton,Confederate,,,,,,,,,,,,,,,,,,
Battle_of_Walkerton,US,4000,4000,,,,,,,,,,,,,,,,
Battle_of_Ware_Bottom_Church,Confederate,,,,,,,,,,,,,,,,,,
Battle_of_Ware_Bottom_Church,US,,,,,,,,,,,,,,,,,,
Battle_of_Washington,Confederate,,,60,60,,,,,,,,,,,,,,
Battle_of_Washington,US,,,40,40,,,,,,,,,,,,,,
Battle_of_Wauhatchie,Confederate,,,408,408,,,,,,,,,,,,,,
Battle_of_Wauhatchie,US,,,420,420,,,,,,,,,,,,,,
"Battle_of_Waynesboro,_Georgia",Confederate,4000,4000,250,250,,,,,,,,,,,,,,
"Battle_of_Waynesboro,_Georgia",US,6000,6000,190,190,,,,,,,,,,,,,,
"Battle_of_Waynesboro,_Virginia",Confederate,1600,1600,1500,1500,,,,,,,,,,,,,,
"Battle_of_Waynesboro,_Virginia",US,2500,2500,9,9,,,,,,,,,,,,,,
Battle_of_Westport,Confederate,8500,8500,1500,1500,,,,,,,,,,,,,,
Battle_of_Westport,US,22000,22000,1500,1500,,,,,,,,,,,,,,
Battle_of_White_Hall,Confederate,,,,,,,,,,,,,,,,,,
Battle_of_White_Hall,US,,,,,,,,,,,,,,,,,,
Battle_of_White_Oak_Road,Confederate,8000,8000,800,800,,,,,,,,,,,,,,
Battle_of_White_Oak_Road,US,22000,22000,1870,1870,,,,,,,,,,,,,,
Battle_of_Whitestone_Hill,Native American,600,,,,,,,,,,,,,,,,,
Battle_of_Whitestone_Hill,US,1200,1200,,,22,22,38,38,,,,,,,,,,
Battle_of_Williamsburg,Confederate,31823,31823,1682,1682,,,,,,,,,,,,,,
Battle_of_Williamsburg,US,40768,40768,2283,2283,,,,,,,,,,,,,,
Battle_of_Williamsport,Confederate,,,,,,,,,,,,,,,,,,
Battle_of_Williamsport,US,,,,,,,,,,,,,,,,,,
Battle_of_Wilmington,Confederate,6000,6000,845,845,,,,,,,,,,,,,,
Battle_of_Wilmington,US,12000,12000,305,305,,,,,,,,,,,,,,
Battle_of_Wilson's_Creek,Confederate,12120,12120,,,277,277,945,945,10,10,,,,,,,,
Battle_of_Wilson's_Creek,US,5430,5430,,,258,258,873,873,186,186,,,,,,,,
Battle_of_Wilson's_Wharf,Confederate,2500,2500,,,,,,,,,,,200,200,,,,
Battle_of_Wilson's_Wharf,US,1100,1100,,,6,6,40,40,,,,,,,,,,
Battle_of_Wood_Lake,Native American,700,1200,7,15,,,,,,,,,,,,,,
Battle_of_Wood_Lake,US,1169,2000,,,7,7,34,34,,,,,,,,,,
Battle_of_Wyse_Fork,Confederate,8500,8500,1500,1500,,,,,,,,,,,,,,
Battle_of_Wyse_Fork,US,12000,12000,1101,1101,,,,,,,,,,,,,,
Battle_of_Yellow_Bayou,Confederate,,,500,500,,,,,,,,,,,,,,
Battle_of_Yellow_Bayou,US,,,360,360,,,,,,,,,,,,,,
Battle_of_Yellow_Tavern,Confederate,5000,5000,,,,,,,,,300,300,,,,,,
Battle_of_Yellow_Tavern,US,12000,12000,625,625,,,,,,,,,,,,,,
Battle_of_the_Crater,Confederate,6100,6100,,,361,361,727,727,,,,,,,,,403,403
Battle_of_the_Crater,US,8500,8500,,,504,504,1881,1881,,,,,,,,,1413,1413
Battle_of_the_Wilderness,Confederate,60000,65000,,,1477,1477,7866,7866,,,,,,,,,1690,1690
Battle_of_the_Wilderness,US,124232,124232,,,2246,2246,12037,12037,,,,,,,,,3383,3383
Bear_River_Massacre,Native American,300,300,410,410,,,,,,,,,,,,,,
Bear_River_Massacre,US,200,200,67,67,,,,,,,,,,,,,,
Big_Sandy_Expedition,Confederate,1010,1010,,,31,31,55,55,,,74,74,,,,,,
Big_Sandy_Expedition,US,5500,5500,,,6,6,26,26,,,,,,,,,,
Capture_of_New_Orleans,Confederate,,,,,,,,,,,,,,,,,,
Capture_of_New_Orleans,US,,,,,,,,,,,,,,,,,,
Chattanooga_Campaign,Confederate,48948,48948,6000,8000,,,,,,,,,,,,,,
Chattanooga_Campaign,US,72533,72533,5824,5824,753,753,4722,4722,349,349,,,,,,,,
First_Battle_of_Auburn,Confederate,3000,3000,,,,,,,,,,,,,,,,
First_Battle_of_Auburn,US,2000,2000,,,,,,,,,,,,,,,,
First_Battle_of_Bull_Run,Confederate,32000,34000,,,387,387,1582,1582,13,13,,,,,,,,
First_Battle_of_Bull_Run,US,35732,35732,,,481,481,1011,1011,1216,1216,,,,,,,,
First_Battle_of_Charleston_Harbor,Confederate,,,,,5,5,8,8,,,,,,,,,,
First_Battle_of_Charleston_Harbor,US,,,,,1,1,21,21,,,,,,,,,,
First_Battle_of_Chattanooga,Confederate,,,65,65,,,,,,,,,,,,,,
First_Battle_of_Chattanooga,US,,,23,23,,,,,,,,,,,,,,
First_Battle_of_Dalton,Confederate,,,140,140,,,,,,,,,,,,,,
First_Battle_of_Dalton,US,,,300,300,,,,,,,,,,,,,,
First_Battle_of_Deep_Bottom,Confederate,,,,,80,80,391,391,,,,,,,,,208,208
First_Battle_of_Deep_Bottom,US,,,,,62,62,340,340,,,,,,,,,86,86
First_Battle_of_Donaldsonville,Confederate,,,,,,,,,,,,,,,,,,
First_Battle_of_Donaldsonville,US,,,,,,,,,,,,,,,,,,
First_Battle_of_Fort_Fisher,Confederate,,,,,5,5,56,56,600,600,,,,,,,,
First_Battle_of_Fort_Fisher,US,,,,,,,,,,,,,,,,,,
First_Battle_of_Fort_Wagner,Confederate,1770,1770,12,12,,,,,,,,,,,,,,
First_Battle_of_Fort_Wagner,US,,,,,49,49,123,123,167,167,,,,,,,,
First_Battle_of_Independence,Confederate,700,800,,,,,,,,,,,,,,,,
First_Battle_of_Independence,US,344,344,344,344,,,,,,,,,,,,,,
First_Battle_of_Kernstown,Confederate,2990,4220,,,80,80,375,375,,,,,,,,,263,263
First_Battle_of_Kernstown,US,6352,,,,118,118,450,450,,,,,,,,,22,22
First_Battle_of_Lexington,Confederate,15000,15000,,,30,30,120,120,,,,,,,,,,
First_Battle_of_Lexington,US,3500,3500,,,36,36,117,117,8,8,3000,3000,,,,,,
First_Battle_of_Murfreesboro,Confederate,1400,1400,150,150,,,,,,,,,,,,,,
First_Battle_of_Murfreesboro,US,900,900,890,890,,,,,,,,,,,,,,
First_Battle_of_Newtonia,Confederate,,,100,100,,,,,,,,,,,,,,
First_Battle_of_Newtonia,US,1500,1500,245,245,,,,,,,,,,,,,,
First_Battle_of_Petersburg,Confederate,2500,2500,80,80,,,,,,,,,,,,,,
First_Battle_of_Petersburg,US,4500,4500,40,40,,,,,,,,,,,,,,
First_Battle_of_Rappahannock_Station,Confederate,,,,,,,,,,,,,,,,,,
First_Battle_of_Rappahannock_Station,US,,,,,,,,,,,,,,,,,,
First_Battle_of_Ream's_Station,Confederate,7000,7000,,,,,,,,,,,,,,,,
First_Battle_of_Ream's_Station,US,4000,4000,,,,,,,,,,,,,,,,
First_Battle_of_Sabine_Pass,Confederate,60,60,,,,,,,,,,,,,,,,
First_Battle_of_Sabine_Pass,US,,,,,,,,,,,,,,,,,,
First_Battle_of_Springfield,Confederate,1000,1500,133,133,,,,,,,,,,,,,,
First_Battle_of_Springfield,US,5000,5000,85,85,,,,,,,,,,,,,,
First_Battle_of_Winchester,Confederate,16000,16000,400,400,,,,,,,,,,,,,,
First_Battle_of_Winchester,US,6500,6500,2019,2019,,,,,,,,,,,,,,
Lawrence_Massacre,Confederate,300,400,40,40,,,,,,,,,,,,,,
Lawrence_Massacre,US,,,164,164,,,,,,,,,,,,,,
Manassas_Station_Operations_(Stonewall_Jackson),Confederate,,,173,173,,,,,,,,,,,,,,
Manassas_Station_Operations_(Stonewall_Jackson),US,,,1144,1144,,,,,,,,,,,,,,
Sand_Creek_massacre,Native American,60,200,70,163,,,,,,,,,,,,,,
Sand_Creek_massacre,US,700,700,,,24,24,52,52,,,,,,,,,,
Second_Battle_of_Auburn,Confederate,3000,3000,,,,,,,,,,,,,,,,
Second_Battle_of_Auburn,US,,,,,,,,,,,,,,,,,,
Second_Battle_of_Bull_Run,Confederate,50000,50000,,,1300,1300,7000,7000,,,,,,,,,,
Second_Battle_of_Bull_Run,US,62000,62000,,,,,,,,,,,10000,10000,,,,
Second_Battle_of_Charleston_Harbor,Confederate,,,816,816,,,,,,,,,,,,,,
Second_Battle_of_Charleston_Harbor,US,,,859,859,,,,,,,,,,,,,,
Second_Battle_of_Chattanooga,Confederate,,,,,,,,,,,,,,,,,,
Second_Battle_of_Chattanooga,US,,,,,,,,,,,,,,,,,,
Second_Battle_of_Corinth,Confederate,22000,22000,4233,4233,473,473,1997,1997,,,,,,,,,1763,1763
Second_Battle_of_Corinth,US,23000,23000,2520,2520,355,355,1841,1841,324,324,,,,,,,,
Second_Battle_of_Dalton,Confederate,,,,,,,,,,,,,,,,,,
Second_Battle_of_Dalton,US,,,,,40,40,55,55,,,,,,,,,,
Second_Battle_of_Deep_Bottom,Confederate,20000,20000,,,200,200,900,900,,,,,,,,,400,400
Second_Battle_of_Deep_Bottom,US,28000,28000,,,327,327,1851,1851,,,,,,,,,721,721
Second_Battle_of_Donaldsonville,Confederate,,,301,301,,,,,,,,,,,,,,
Second_Battle_of_Donaldsonville,US,,,23,23,,,,,,,,,,,,,,
Second_Battle_of_Fort_Fisher,Confederate,8300,8300,,,,,,,,,1317,1317,583,583,,,,
Second_Battle_of_Fort_Fisher,US,11893,11893,,,199,199,811,811,47,47,,,,,,,,
Second_Battle_of_Fort_Sumter,Confederate,320,320,,,,,,,,,,,,,,,,
Second_Battle_of_Fort_Sumter,US,413,413,117,117,,,,,,,,,,,,,,
Second_Battle_of_Fort_Wagner,Confederate,1800,1800,,,36,36,133,133,,,5,5,,,,,,
Second_Battle_of_Fort_Wagner,US,5000,5000,,,246,246,880,880,,,389,389,,,,,,
Second_Battle_of_Fredericksburg,Confederate,12000,12000,700,700,,,,,,,,,,,,,,
Second_Battle_of_Fredericksburg,US,27100,27100,1100,1100,,,,,,,,,,,,,,
Second_Battle_of_Independence,Confederate,8500,8500,140,140,,,,,,,,,,,,,,
Second_Battle_of_Independence,US,22000,22000,,,,,,,,,,,,,,,,
Second_Battle_of_Kernstown,Confederate,13000,14000,600,600,,,,,,,,,,,,,,
Second_Battle_of_Kernstown,US,9500,10000,1200,1200,,,,,,,,,,,,,,
Second_Battle_of_Lexington,Confederate,8500,8500,,,,,,,,,,,,,,,,
Second_Battle_of_Lexington,US,2000,2000,,,,,,,,,,,,,,,,
Second_Battle_of_Memphis,Confederate,6000,6000,62,62,,,,,,,,,,,,,,
Second_Battle_of_Memphis,US,2000,2000,480,480,,,,,,,,,,,,,,
Second_Battle_of_Newtonia,Confederate,,,250,250,,,,,,,,,,,,,,
Second_Battle_of_Newtonia,US,,,400,400,,,,,,,,,,,,,,
Second_Battle_of_Petersburg,Confederate,38000,38000,,,200,200,2900,2900,,,,,,,,,900,900
Second_Battle_of_Petersburg,US,62000,62000,,,1688,1688,8513,8513,,,,,,,,,1185,1185
Second_Battle_of_Rappahannock_Station,Confederate,2000,2000,1670,1670,,,,,,,,,,,,,,
Second_Battle_of_Rappahannock_Station,US,2000,2000,419,419,,,,,,,,,,,,,,
Second_Battle_of_Ream's_Station,Confederate,8000,10000,814,814,,,,,,,,,,,,,,
Second_Battle_of_Ream's_Station,US,9000,9000,,,140,140,529,529,,,2073,2073,,,,,,
Second_Battle_of_Sabine_Pass,Confederate,36,36,,,,,,,,,,,,,,,,
Second_Battle_of_Sabine_Pass,US,5000,5000,200,200,,,,,,,,,,,,,,
Second_Battle_of_Springfield,Confederate,1870,1870,290,290,,,,,,,,,,,,,,
Second_Battle_of_Springfield,US,2099,2099,,,30,30,195,195,6,6,,,,,,,,
Second_Battle_of_Winchester,Confederate,12500,12500,,,47,47,219,219,3,3,,,,,,,,
Second_Battle_of_Winchester,US,7000,7000,,,95,95,348,348,,,,,,,,,4000,4000
Siege_of_Corinth,Confederate,65000,65000,1000,1000,,,,,,,,,,,,,,
Siege_of_Corinth,US,120000,120000,1000,1000,,,,,,,,,,,,,,
Siege_of_Port_Hudson,Confederate,7500,7500,7500,7500,,,,,,,,,,,,,,
Siege_of_Port_Hudson,US,30000,40000,10000,10000,,,,,,,,,,,,,,
Siege_of_Suffolk,Confederate,25000,25000,,,,,,,,,400,400,500,500,,,,
Siege_of_Suffolk,US,20000,20000,,,44,44,202,202,14,14,,,,,,,,
Siege_of_Vicksburg,Confederate,33000,33000,32697,32697,,,,,,,29495,29495,3202,3202,,,,
Siege_of_Vicksburg,US,77000,77000,4835,4835,766,766,3793,3793,276,276,,,,,,,,
Siege_of_Yorktown_(1862),Confederate,35000,35000,300,300,,,,,,,,,,,,,,
Siege_of_Yorktown_(1862),US,121500,121500,182,182,,,,,,,,,,,,,,
Third_Battle_of_Murfreesboro,Confederate,7000,7000,197,197,,,,,,,,,,,,,,
Third_Battle_of_Murfreesboro,US,8000,8000,225,225,,,,,,,,,,,,,,
Third_Battle_of_Petersburg,Confederate,58400,58400,4250,4250,,,,,,,,,,,,,,
Third_Battle_of_Petersburg,US,76113,76113,3500,3500,,,,,,,,,,,,,,
