battle_id,id,cwsac_id
Battle_of_Adairsville,573245650,GA009
Battle_of_Albemarle_Sound,579017766,NC013
Battle_of_Aldie,584266085,VA036
Battle_of_Allatoona,591390908,GA023
Battle_of_Amelia_Springs,584645623,VA091
Battle_of_Antietam,593315718,MD003
Battle_of_Appomattox_Court_House,594711929,VA097
Battle_of_Appomattox_Station,578290472,VA096
Battle_of_Aquia_Creek,578037870,VA002
Battle_of_Arkansas_Post,,AR006
Battle_of_Athens_(1864),542551567,AL002
Battle_of_Atlanta,595071021,GA017
Battle_of_Averasborough,555264754,NC019
Battle_of_Ball's_Bluff,,VA006
Battle_of_Barbourville,577759442,KY001
Battle_of_Baton_Rouge_(1862),582137180,LA003
Battle_of_Bayou_Fourche,585823180,AR010
Battle_of_Bean's_Station,590620737,TN026
Battle_of_Beaver_Dam_Creek,574211718,VA016
Battle_of_Belmont,589668894,MO009
Battle_of_Bentonville,584659767,NC020
Battle_of_Berryville,495185808,VA118
Battle_of_Big_Bethel,594219841,VA003
Battle_of_Big_Black_River_Bridge,542570104,MS010
Battle_of_Big_Mound,550606279,ND001
Battle_of_Blackburn's_Ford,799369038,VA004
Battle_of_Blair's_Landing,595250114,LA020
Battle_of_Blountville,565847057,TN019
Battle_of_Blue_Springs,543980621,TN020
Battle_of_Boonsboro,548656508,MD006
Battle_of_Boonville,584609147,MO001
Battle_of_Boydton_Plank_Road,567555040,VA079
Battle_of_Brandy_Station,593293283,VA035
Battle_of_Brentwood,575683797,TN015
Battle_of_Brice's_Crossroads,589362266,MS014
Battle_of_Bristoe_Station,584478643,VA040
Battle_of_Buck_Head_Creek,555807970,GA026
Battle_of_Buckland_Mills,556968983,VA042
Battle_of_Buffington_Island,579018496,OH001
Battle_of_Bull's_Gap,769923466,TN033
Battle_of_Byram's_Ford,587013467,MO026
Battle_of_Cabin_Creek,590523787,OK006
Battle_of_Camp_Allegheny,583185627,WV008
Battle_of_Camp_Wildcat,577765788,KY002
Battle_of_Campbell's_Station,590246323,TN023
Battle_of_Cane_Hill,592172080,AR004
Battle_of_Cape_Girardeau,572272897,MO020
Battle_of_Carnifex_Ferry,591207361,WV006
Battle_of_Carthage_(1861),590828394,MO002
Battle_of_Cedar_Creek,584194812,VA122
Battle_of_Cedar_Mountain,594011676,VA022
Battle_of_Chaffin's_Farm,594691634,VA075
Battle_of_Chalk_Bluff,595176202,AR007
Battle_of_Champion_Hill,555424892,MS009
Battle_of_Chancellorsville,594250947,VA032
Battle_of_Chantilly,582313722,VA027
Battle_of_Cheat_Mountain,591633841,WV005
Battle_of_Chester_Station,584210500,VA051
Battle_of_Chickamauga,594925756,GA004
Battle_of_Chickasaw_Bayou,591486154,MS003
Battle_of_Chustenahlah,590523625,OK003
Battle_of_Chusto-Talasah,590523560,OK002
Battle_of_Clark's_Mill,572143594,MO017
Battle_of_Cloyd's_Mountain,575642439,VA049
Battle_of_Cockpit_Point,570982704,VA100
Battle_of_Cold_Harbor,593329132,VA062
Battle_of_Collierville,594121266,TN022
Battle_of_Columbia,495189040,TN034
Battle_of_Cool_Spring,561058628,VA114
Battle_of_Corydon,589197806,IN001
Battle_of_Cotton_Plant,585703522,AR003
Battle_of_Cove_Mountain,578471749,VA109
Battle_of_Cross_Keys,580805024,VA105
Battle_of_Cumberland_Church,544252696,VA094
Battle_of_Cynthiana,,KY011
Battle_of_Dallas,,GA011
Battle_of_Dandridge,,TN028
Battle_of_Darbytown_Road,568543653,VA078
Battle_of_Darbytown_and_New_Market,562855755,VA077
Battle_of_Davis's_Cross_Roads,,GA003
Battle_of_Day's_Gap,593990149,AL001
Battle_of_Dead_Buffalo_Lake,,ND002
Battle_of_Decatur,,AL004
Battle_of_Devil's_Backbone,555450156,AR009
Battle_of_Dinwiddie_Court_House,,VA086
Battle_of_Dover_(1863),,TN012
Battle_of_Dranesville,,VA007
Battle_of_Drewry's_Bluff,,VA012
Battle_of_Droop_Mountain,,WV012
Battle_of_Dry_Wood_Creek,,MO005
Battle_of_Elkin's_Ferry,,AR012
Battle_of_Eltham's_Landing,,VA011
Battle_of_Ezra_Church,,GA018
Battle_of_Fair_Garden,,TN029
Battle_of_Fair_Oaks_&_Darbytown_Road,,VA080
Battle_of_Fisher's_Hill,,VA120
Battle_of_Five_Forks,,VA088
Battle_of_Folck's_Mill,,MD008
Battle_of_Fort_Anderson,,NC010
Battle_of_Fort_Bisland,,LA006
Battle_of_Fort_Blair,,KS002
Battle_of_Fort_Blakely,,AL006
Battle_of_Fort_Brooke,,FL004
Battle_of_Fort_Davidson,,MO021
Battle_of_Fort_De_Russy,,LA017
Battle_of_Fort_Donelson,,TN002
Battle_of_Fort_Henry,,TN001
Battle_of_Fort_Macon,,NC004
Battle_of_Fort_McAllister_(1863),,GA002
Battle_of_Fort_McAllister_(1864),,GA028
Battle_of_Fort_Pillow,,TN030
Battle_of_Fort_Pulaski,,GA001
Battle_of_Fort_Ridgely,,MN001
Battle_of_Fort_Sanders,,TN025
Battle_of_Fort_Stedman,,VA084
Battle_of_Fort_Stevens,,DC001
Battle_of_Fort_Sumter,,SC001
Battle_of_Forts_Jackson_and_St._Philip,,LA001
Battle_of_Franklin_(1863),,TN016
Battle_of_Franklin_(1864),,TN036
Battle_of_Fredericksburg,,VA028
Battle_of_Fredericktown,,MO007
Battle_of_Front_Royal,,VA103
Battle_of_Gaines's_Mill,,VA017
Battle_of_Galveston,,TX003
Battle_of_Galveston_Harbor_(1862),,TX002
Battle_of_Garnett's_&_Golding's_Farm,,VA018
Battle_of_Georgia_Landing,,LA005
Battle_of_Gettysburg,,PA002
Battle_of_Glasgow,,MO022
Battle_of_Glendale,,VA020
Battle_of_Globe_Tavern,,VA072
Battle_of_Glorieta_Pass,,NM002
Battle_of_Goldsboro_Bridge,,NC009
Battle_of_Goodrich's_Landing,,LA014
Battle_of_Grand_Gulf,,MS004
Battle_of_Greenbrier_River,,WV007
Battle_of_Grimball's_Landing,,SC006
Battle_of_Griswoldville,,GA025
Battle_of_Guard_Hill,,VA117
Battle_of_Hampton_Roads,,VA008
Battle_of_Hancock,,MD001
Battle_of_Hanover,,PA001
Battle_of_Hanover_Court_House,,VA013
Battle_of_Harpers_Ferry,,WV010
Battle_of_Hartsville,,TN008
Battle_of_Hartville,,MO019
Battle_of_Hatcher's_Run,,VA083
Battle_of_Hatchie's_Bridge,,TN007
Battle_of_Hatteras_Inlet_Batteries,,NC001
Battle_of_Haw's_Shop,,VA058
Battle_of_Helena,,AR008
Battle_of_High_Bridge,,VA095
Battle_of_Hoke's_Run,,WV002
Battle_of_Honey_Hill,,SC010
Battle_of_Honey_Springs,,OK007
Battle_of_Hoover's_Gap,,TN017
Battle_of_Irish_Bend,,LA007
Battle_of_Island_Number_Ten,,MO012
Battle_of_Iuka,,MS001
"Battle_of_Jackson,_Mississippi",,MS008
"Battle_of_Jackson,_Tennessee",,TN009
Battle_of_James_Island,,SC002
Battle_of_Jenkins'_Ferry,,AR016
Battle_of_Jerusalem_Plank_Road,,VA065
Battle_of_Johnsonville,,TN032
Battle_of_Jonesborough,,GA022
Battle_of_Kelly's_Ford,,VA029
Battle_of_Kennesaw_Mountain,,GA015
Battle_of_Kessler's_Cross_Lanes,,WV004
Battle_of_Killdeer_Mountain,,ND005
Battle_of_Kinston,,NC007
Battle_of_Kirksville,,MO013
Battle_of_Kock's_Plantation,,LA015
Battle_of_Kolb's_Farm,,GA014
Battle_of_LaFourche_Crossing,,LA012
Battle_of_Lewis's_Farm,,VA085
Battle_of_Liberty,,MO003
Battle_of_Little_Blue_River,,MO024
Battle_of_Lone_Jack,,MO015
Battle_of_Lovejoy's_Station,,GA021
Battle_of_Lynchburg,,VA064
Battle_of_Malvern_Hill,,VA021
Battle_of_Manassas_Gap,,VA108
Battle_of_Mansfield,,LA018
Battle_of_Mansura,,LA022
Battle_of_Marais_des_Cygnes,,KS004
Battle_of_Marietta,,GA013
Battle_of_Marion,,VA081
Battle_of_Marks'_Mills,,AR015
Battle_of_Marmiton_River,,MO028
Battle_of_McDowell,,VA102
Battle_of_Memphis,,TN004
Battle_of_Meridian,,MS012
Battle_of_Middle_Boggy_Depot,,OK005
Battle_of_Middle_Creek,,KY005
Battle_of_Middleburg,,VA037
Battle_of_Mill_Springs,,KY006
Battle_of_Milliken's_Bend,,LA011
Battle_of_Mine_Creek,,KS003
Battle_of_Mine_Run,,VA044
Battle_of_Mobile_Bay,,AL003
Battle_of_Monett's_Ferry,,LA021
Battle_of_Monocacy,,MD007
Battle_of_Monroe's_Crossroads,,NC018
Battle_of_Moorefield,,WV013
Battle_of_Morton's_Ford,,VA045
Battle_of_Mossy_Creek,,TN027
Battle_of_Mount_Zion_Church,,MO010
Battle_of_Munfordville,,KY008
Battle_of_Namozine_Church,693955063,VA124
Battle_of_Nashville,,TN038
Battle_of_Natural_Bridge,,FL006
Battle_of_New_Bern,,NC003
Battle_of_New_Hope_Church,,GA010
Battle_of_New_Market,,VA110
Battle_of_North_Anna,,VA055
Battle_of_Oak_Grove,,VA015
Battle_of_Okolona,,MS013
Battle_of_Old_Church,,VA059
Battle_of_Old_Fort_Wayne,,OK004
Battle_of_Old_River_Lake,,AR017
Battle_of_Olustee,,FL005
Battle_of_Opequon,,VA119
Battle_of_Paducah,,KY010
Battle_of_Palmito_Ranch,,TX005
Battle_of_Parker's_Cross_Roads,,TN011
Battle_of_Pea_Ridge,,AR001
Battle_of_Peachtree_Creek,,GA016
Battle_of_Peebles'_Farm,,VA074
Battle_of_Perryville,,KY009
Battle_of_Philippi_(West_Virginia),,WV001
Battle_of_Pickett's_Mill,,GA012
Battle_of_Piedmont,,VA111
Battle_of_Pine_Bluff,,AR011
Battle_of_Plains_Store,,LA009
Battle_of_Pleasant_Hill,,LA019
Battle_of_Plymouth_(1864),,NC012
Battle_of_Poison_Spring,,AR014
Battle_of_Port_Gibson,,MS006
Battle_of_Port_Republic,,VA106
Battle_of_Port_Walthall_Junction,,VA047
Battle_of_Prairie_D'Ane,,AR013
Battle_of_Prairie_Grove,,AR005
Battle_of_Princeton_Court_House,,WV009
Battle_of_Proctor's_Creek,,VA053
Battle_of_Raymond,,MS007
Battle_of_Resaca,,GA008
Battle_of_Rice's_Station,,VA092
Battle_of_Rich_Mountain,,WV003
Battle_of_Richmond,,KY007
Battle_of_Ringgold_Gap,,GA005
Battle_of_Rivers'_Bridge,,SC011
Battle_of_Roan's_Tan_Yard,,MO011
Battle_of_Roanoke_Island,,NC002
Battle_of_Rocky_Face_Ridge,,GA007
Battle_of_Round_Mountain,,OK001
Battle_of_Rowlett's_Station,,KY004
Battle_of_Rutherford's_Farm,,VA115
Battle_of_Sailor's_Creek,,VA093
Battle_of_Saint_Charles,,AR002
Battle_of_Saint_John's_Bluff,,FL003
Battle_of_Saint_Mary's_Church,,VA066
Battle_of_Salem_Church,,VA033
Battle_of_Salineville,,OH002
Battle_of_Saltville_I,,VA076
Battle_of_Saltville_II,,VA082
Battle_of_Santa_Rosa_Island,,FL001
Battle_of_Sappony_Church,,VA067
Battle_of_Savage's_Station,,VA019
Battle_of_Selma,,AL007
Battle_of_Seven_Pines,,VA014
Battle_of_Sewell's_Point,,VA001
Battle_of_Shepherdstown,,WV016
Battle_of_Shiloh,,TN003
Battle_of_Simmon's_Bluff,,SC003
Battle_of_Smithfield_Crossing,,WV015
Battle_of_Snyder's_Bluff,,MS005
Battle_of_South_Mills,,NC005
Battle_of_South_Mountain,,MD002
Battle_of_Spanish_Fort,,AL005
Battle_of_Spotsylvania_Court_House,,VA048
Battle_of_Spring_Hill,,TN035
Battle_of_Staunton_River_Bridge,,VA113
Battle_of_Stirling's_Plantation,,LA016
Battle_of_Stones_River,,TN010
Battle_of_Stony_Lake,,ND003
Battle_of_Sutherland's_Station,,VA090
Battle_of_Swift_Creek,,VA050
Battle_of_Tampa,,FL002
Battle_of_Thompson's_Station,,TN013
Battle_of_Thoroughfare_Gap,,VA025
Battle_of_Tom's_Brook,,VA121
Battle_of_Totopotomoy_Creek,,VA057
Battle_of_Tranter's_Creek,,NC006
Battle_of_Trevilian_Station,,VA099
Battle_of_Tupelo,,MS015
Battle_of_Upperville,,VA038
Battle_of_Utoy_Creek,,GA019
Battle_of_Valverde,,NM001
Battle_of_Vaught's_Hill,,TN014
Battle_of_Vermillion_Bayou,,LA008
Battle_of_Walkerton,,VA125
Battle_of_Ware_Bottom_Church,,VA054
Battle_of_Washington,,NC011
Battle_of_Wauhatchie,,TN021
"Battle_of_Waynesboro,_Georgia",,GA027
"Battle_of_Waynesboro,_Virginia",,VA123
Battle_of_Westport,,MO027
Battle_of_White_Hall,,NC008
Battle_of_White_Oak_Road,,VA087
Battle_of_Whitestone_Hill,,ND004
Battle_of_Williamsburg,,VA010
Battle_of_Williamsport,,MD004
Battle_of_Wilmington,,NC016
Battle_of_Wilson's_Creek,,MO004
Battle_of_Wilson's_Wharf,,VA056
Battle_of_Wood_Lake,,MN002
Battle_of_Wyse_Fork,,NC017
Battle_of_Yellow_Bayou,,LA023
Battle_of_Yellow_Tavern,,VA052
Battle_of_the_Crater,,VA070
Battle_of_the_Wilderness,,VA046
Bear_River_Massacre,,ID001
Big_Sandy_Expedition,693969294,KY003
Capture_of_New_Orleans,,LA002
Chattanooga_Campaign,709878232,TN024
First_Battle_of_Auburn,,VA039
First_Battle_of_Bull_Run,,VA005
First_Battle_of_Charleston_Harbor,,SC004
First_Battle_of_Chattanooga,,TN005
First_Battle_of_Dalton,,GA006
First_Battle_of_Deep_Bottom,,VA069
First_Battle_of_Donaldsonville,,LA004
First_Battle_of_Fort_Fisher,,NC014
First_Battle_of_Fort_Wagner,,SC005
First_Battle_of_Independence,,MO014
First_Battle_of_Kernstown,,VA101
First_Battle_of_Lexington,,MO006
First_Battle_of_Murfreesboro,,TN006
First_Battle_of_Newtonia,,MO016
First_Battle_of_Petersburg,,VA098
First_Battle_of_Rappahannock_Station,,VA023
First_Battle_of_Ream's_Station,,VA068
First_Battle_of_Sabine_Pass,,TX001
First_Battle_of_Springfield,,MO008
First_Battle_of_Winchester,,VA104
Lawrence_Massacre,,KS001
Manassas_Station_Operations_(Stonewall_Jackson),,VA024
Sand_Creek_massacre,,CO001
Second_Battle_of_Auburn,,VA041
Second_Battle_of_Bull_Run,,VA026
Second_Battle_of_Charleston_Harbor,,SC008
Second_Battle_of_Chattanooga,,TN018
Second_Battle_of_Corinth,710228128,MS002
Second_Battle_of_Dalton,,GA020
Second_Battle_of_Deep_Bottom,,VA071
Second_Battle_of_Donaldsonville,,LA013
Second_Battle_of_Fort_Fisher,,NC015
Second_Battle_of_Fort_Sumter,,SC009
Second_Battle_of_Fort_Wagner,,SC007
Second_Battle_of_Fredericksburg,,VA034
Second_Battle_of_Independence,,MO025
Second_Battle_of_Kernstown,,VA116
Second_Battle_of_Lexington,,MO023
Second_Battle_of_Memphis,,TN031
Second_Battle_of_Newtonia,,MO029
Second_Battle_of_Petersburg,,VA063
Second_Battle_of_Rappahannock_Station,,VA043
Second_Battle_of_Ream's_Station,,VA073
Second_Battle_of_Sabine_Pass,,TX006
Second_Battle_of_Springfield,,MO018
Second_Battle_of_Winchester,,VA107
Siege_of_Corinth,,MS016
Siege_of_Port_Hudson,,LA010
Siege_of_Suffolk,,VA031
Siege_of_Vicksburg,711554904,MS011
Siege_of_Yorktown_(1862),,VA009
Third_Battle_of_Murfreesboro,,TN037
Third_Battle_of_Petersburg,,VA089
